fable fable Nom:Fem+SG
fables fable Nom:Fem+PL
fabliau fabliau Nom:Mas+SG
fabliaux fabliau Nom:Mas+PL
fablier fablier Nom:Mas+SG
fabliers fablier Nom:Mas+PL
fabricant fabricant Nom:Mas+SG
fabricants fabricant Nom:Mas+PL
fabricateur fabricateur Nom:Mas+SG
fabrication fabrication Nom:Fem+SG
fabrications fabrication Nom:Fem+PL
fabricatrice fabricateur Nom:Fem+SG
fabricien fabricien Nom:Mas+SG
fabrique fabrique Nom:Fem+SG
fabriques fabrique Nom:Fem+PL
fabulation fabulation Nom:Fem+SG
fabulations fabulation Nom:Fem+PL
fabulatrice fabulateur Nom:Fem+SG
fabulatrices fabulateur Nom:Fem+PL
fabuliste fabuliste Nom:InvGen+SG
fabulistes fabuliste Nom:InvGen+PL
façade façade Nom:Fem+SG
façades façade Nom:Fem+PL
face face Nom:Fem+SG
faces face Nom:Fem+PL
facétie facétie Nom:Fem+SG
facéties facétie Nom:Fem+PL
facétieuse facétieux Nom:Fem+SG
facétieuses facétieux Nom:Fem+PL
facétieux facétieux Nom:Mas+InvPL
facette facette Nom:Fem+SG
facettes facette Nom:Fem+PL
fac fac Nom:Fem+SG
fâcherie fâcherie Nom:Fem+SG
fâcheuse fâcheux Nom:Fem+SG
fâcheuses fâcheux Nom:Fem+PL
fâcheux fâcheux Nom:Mas+InvPL
facho facho Nom:InvGen+SG
facial facial Nom:Mas+SG
faciaux facial Nom:Mas+PL
faciès faciès Nom:Mas+InvPL
facilitation facilitation Nom:Fem+SG
facilitations facilitation Nom:Fem+PL
facilité facilité Nom:Fem+SG
facilités facilité Nom:Fem+PL
facilités facilités Nom:Fem+PL
faconde faconde Nom:Fem+SG
façon façon Nom:Fem+SG
façons façon Nom:Fem+PL
factage factage Nom:Mas+SG
facteur facteur Nom:Mas+SG
facteurs facteur Nom:Mas+PL
factice factice Nom:Mas+SG
factices factice Nom:Mas+PL
facticité facticité Nom:Fem+SG
factieuse factieux Nom:Fem+SG
factieuses factieux Nom:Fem+PL
factieux factieux Nom:Mas+InvPL
faction faction Nom:Fem+SG
factionnaire factionnaire Nom:InvGen+SG
factionnaires factionnaire Nom:InvGen+PL
factions faction Nom:Fem+PL
factorage factorage Nom:Mas+SG
factorerie factorerie Nom:Fem+SG
factor factor Nom:Mas+SG
factorielle factorielle Nom:Fem+SG
factorisation factorisation Nom:Fem+SG
factorisations factorisation Nom:Fem+PL
factors factor Nom:Mas+PL
factotum factotum Nom:Mas+SG
factotums factotum Nom:Mas+PL
factrice facteur Nom:Fem+SG
factum factum Nom:Mas+SG
facturation facturation Nom:Fem+SG
facturations facturation Nom:Fem+PL
facture facture Nom:Fem+SG
factures facture Nom:Fem+PL
facturière facturier Nom:Fem+SG
facturières facturier Nom:Fem+PL
facturier facturier Nom:Mas+SG
facturiers facturier Nom:Mas+PL
faculté faculté Nom:Fem+SG
facultés faculté Nom:Fem+PL
facultés facultés Nom:Fem+PL
fac-similé fac-similé Nom:Mas+InvPL
fac-similé fac-similé Nom:Mas+SG
fac-similés fac-similé Nom:Mas+PL
fada fada Nom:InvGen+SG
fadaise fadaise Nom:Fem+SG
fadaises fadaise Nom:Fem+PL
fadas fada Nom:InvGen+PL
fadasserie fadasserie Nom:Fem+SG
fade fade Nom:Mas+SG
fadeur fadeur Nom:Fem+SG
fadeurs fadeur Nom:Fem+PL
fading fading Nom:Mas+SG
fadings fading Nom:Mas+PL
fado fado Nom:Mas+SG
faena faena Nom:Fem+SG
fa fa Nom:Mas+InvPL
fafiot fafiot Nom:Mas+SG
fafiots fafiot Nom:Mas+PL
fagale fagale Nom:Fem+SG
fagales fagale Nom:Fem+PL
fagne fagne Nom:Fem+SG
fagotage fagotage Nom:Mas+SG
fagotages fagotage Nom:Mas+PL
fagot fagot Nom:Mas+SG
fagotier fagotier Nom:Mas+SG
fagotin fagotin Nom:Mas+SG
fagots fagot Nom:Mas+PL
faiblarde faiblard Nom:Fem+SG
faiblardes faiblard Nom:Fem+PL
faible faible Nom:InvGen+SG
faible faible Nom:Mas+SG
faibles faible Nom:InvGen+PL
faiblesse faiblesse Nom:Fem+SG
faiblesses faiblesse Nom:Fem+PL
faïence faïence Nom:Fem+SG
faïencerie faïencerie Nom:Fem+SG
faïenceries faïencerie Nom:Fem+PL
faïences faïence Nom:Fem+PL
faïencier faïencier Nom:Mas+SG
faïenciers faïencier Nom:Mas+PL
faignante faignant Nom:Fem+SG
faignantes faignant Nom:Fem+PL
faignant faignant Nom:Mas+SG
faille faille Nom:Fem+SG
failles faille Nom:Fem+PL
faillibilité faillibilité Nom:Fem+SG
faillie failli Nom:Fem+SG
faillies failli Nom:Fem+PL
failli failli Nom:Mas+SG
faillis failli Nom:Mas+PL
faillite faillite Nom:Fem+SG
faillites faillite Nom:Fem+PL
faim faim Nom:Fem+SG
faims faim Nom:Fem+PL
fainéante fainéant Nom:Fem+SG
fainéantes fainéant Nom:Fem+PL
fainéantise fainéantise Nom:Fem+SG
fainéants fainéant Nom:Mas+PL
faine faine Nom:Fem+SG
faîne faîne Nom:Fem+SG
faire faire Nom:Mas+SG
faires faire Nom:Mas+PL
faires faires Nom:Mas+PL
faire-part faire-part Nom:Mas+InvPL
faire-valoir faire-valoir Nom:Mas+InvPL
faisabilité faisabilité Nom:Fem+SG
faisandage faisandage Nom:Mas+SG
faisandages faisandage Nom:Mas+PL
faisandeau faisandeau Nom:Mas+SG
faisandeaux faisandeau Nom:Mas+PL
faisanderie faisanderie Nom:Fem+SG
faisane faisane Nom:Fem+SG
faisane faisan Nom:Fem+SG
faisanes faisane Nom:Fem+PL
faisanes faisan Nom:Fem+PL
faisan faisan Nom:Mas+SG
faisans faisan Nom:Mas+PL
faisceau faisceau Nom:Mas+SG
faisceaux faisceaux Nom:Mas+PL
faiseur faiseur Nom:Mas+SG
faiseurs faiseur Nom:Mas+PL
faiseuse faiseur Nom:Fem+SG
faiseuses faiseur Nom:Fem+PL
faisselle faisselle Nom:Fem+SG
faîtage faîtage Nom:Mas+SG
faîteau faîteau Nom:Mas+SG
faîteaux faîteau Nom:Mas+PL
faîte faîte Nom:Mas+SG
faîtes faîte Nom:Mas+PL
fait fait Nom:Mas+SG
faîtière faîtière Nom:Fem+SG
faitout faitout Nom:Mas+SG
faitouts faitout Nom:Mas+PL
faits fait Nom:Mas+PL
fait-tout fait-tout Nom:Mas+InvPL
faix faix Nom:Mas+InvPL
fakir fakir Nom:Mas+SG
fakirisme fakirisme Nom:Mas+SG
fakirs fakir Nom:Mas+PL
falaise falaise Nom:Fem+SG
falaises falaise Nom:Fem+PL
falarique falarique Nom:Fem+SG
falbala falbala Nom:Mas+SG
falbalas falbalas Nom:Mas+PL
falconidé falconidé Nom:Mas+SG
falconidés falconidé Nom:Mas+PL
faldistoire faldistoire Nom:Mas+SG
falerne falerne Nom:Mas+SG
falot falot Nom:Mas+SG
falots falot Nom:Mas+PL
falourde falourde Nom:Fem+SG
falsifiabilité falsifiabilité Nom:Fem+SG
falsificateur falsificateur Nom:Mas+SG
falsificateurs falsificateur Nom:Mas+PL
falsification falsification Nom:Fem+SG
falsifications falsification Nom:Fem+PL
falsificatrice falsificateur Nom:Fem+SG
falsificatrices falsificateur Nom:Fem+PL
faluche faluche Nom:Fem+SG
falun falun Nom:Mas+SG
falunière falunière Nom:Fem+SG
falzar falzar Nom:Mas+SG
familiale familiale Nom:Fem+SG
familiales familiale Nom:Fem+PL
familiarité familiarité Nom:Fem+SG
familiarités familiarité Nom:Fem+PL
familière familier Nom:Fem+SG
familières familier Nom:Fem+PL
familier familier Nom:Mas+SG
familiers familier Nom:Mas+PL
familistère familistère Nom:Mas+SG
famille famille Nom:Fem+SG
familles famille Nom:Fem+PL
famine famine Nom:Fem+SG
famines famine Nom:Fem+PL
fana fana Nom:InvGen+SG
fanage fanage Nom:Mas+SG
fanages fanage Nom:Mas+PL
fanal fanal Nom:Mas+SG
fanas fana Nom:InvGen+PL
fanatique fanatique Nom:InvGen+SG
fanatiques fanatique Nom:InvGen+PL
fanatisme fanatisme Nom:Mas+SG
fanatismes fanatisme Nom:Mas+PL
fanaux fanal Nom:Mas+PL
fandango fandango Nom:Mas+SG
fandangos fandango Nom:Mas+PL
fane fane Nom:Fem+SG
fanes fane Nom:Fem+PL
faneur faneur Nom:Mas+SG
faneuse faneur Nom:Fem+SG
faneuse faneuse Nom:Fem+SG
fan fan Nom:InvGen+SG
fan fan Nom:Mas+SG
fanfare fanfare Nom:Fem+SG
fanfares fanfare Nom:Fem+PL
fanfaron fanfaron Nom:Mas+SG
fanfaronnade fanfaronnade Nom:Fem+SG
fanfaronnades fanfaronnade Nom:Fem+PL
fanfaronne fanfaron Nom:Fem+SG
fanfaronnes fanfaron Nom:Fem+PL
fanfarons fanfaron Nom:Mas+PL
fanfreluche fanfreluche Nom:Fem+SG
fanfreluches fanfreluche Nom:Fem+PL
fange fange Nom:Fem+SG
fanges fange Nom:Fem+PL
fangothérapie fangothérapie Nom:Fem+SG
fanion fanion Nom:Mas+SG
fanions fanion Nom:Mas+PL
fanon fanon Nom:Mas+SG
fanons fanon Nom:Mas+PL
fantaisie fantaisie Nom:Fem+SG
fantaisies fantaisie Nom:Fem+PL
fantaisiste fantaisiste Nom:InvGen+SG
fantaisistes fantaisiste Nom:InvGen+PL
fantasia fantasia Nom:Fem+SG
fantasmagorie fantasmagorie Nom:Fem+SG
fantasmagories fantasmagorie Nom:Fem+PL
fantasmagories fantasmagories Nom:Fem+PL
fantasme fantasme Nom:Mas+SG
fantasmes fantasme Nom:Mas+PL
fantassin fantassin Nom:Mas+SG
fantassins fantassin Nom:Mas+PL
fantastique fantastique Nom:Mas+SG
fantoches fantoche Nom:Mas+PL
fanton fanton Nom:Mas+SG
fanum fanum Nom:Mas+SG
fanzine fanzine Nom:Mas+SG
faon faon Nom:Mas+SG
faons faon Nom:Mas+PL
faquin faquin Nom:Mas+SG
faraday faraday Nom:Mas+SG
faradays faraday Nom:Mas+PL
farad farad Nom:Mas+SG
faradisation faradisation Nom:Fem+SG
farandole farandole Nom:Fem+SG
farandoles farandole Nom:Fem+PL
faraude faraud Nom:Fem+SG
faraudes faraud Nom:Fem+PL
faraud faraud Nom:Mas+SG
farauds faraud Nom:Mas+PL
farce farce Nom:Fem+SG
farces farce Nom:Fem+PL
farceuse farceur Nom:Fem+SG
farceuses farceur Nom:Fem+PL
farci farci Nom:Mas+SG
farcin farcin Nom:Mas+SG
farcis farci Nom:Mas+PL
fardage fardage Nom:Mas+SG
fardages fardage Nom:Mas+PL
fardeau fardeau Nom:Mas+SG
fardeaux fardeau Nom:Mas+PL
fardée fardée Nom:Fem+SG
fardées fardée Nom:Fem+PL
farde farde Nom:Fem+SG
fardes farde Nom:Fem+PL
fard fard Nom:Mas+SG
fardier fardier Nom:Mas+SG
fardiers fardier Nom:Mas+PL
fards fard Nom:Mas+PL
farfadet farfadet Nom:Mas+SG
farfadets farfadet Nom:Mas+PL
far far Nom:Mas+SG
farfelue farfelu Nom:Fem+SG
farfelues farfelu Nom:Fem+PL
farfelu farfelu Nom:Mas+SG
farfelus farfelu Nom:Mas+PL
fargues fargues Nom:Fem+PL
faribole faribole Nom:Fem+SG
fariboles faribole Nom:Fem+PL
farigoule farigoule Nom:Fem+SG
farigoules farigoule Nom:Fem+PL
farinage farinage Nom:Mas+SG
farinages farinage Nom:Mas+PL
farine farine Nom:Fem+SG
farines farine Nom:Fem+PL
farineux farineux Nom:Mas+InvPL
farlouse farlouse Nom:Fem+SG
farmer farmer Nom:Mas+SG
farmers farmer Nom:Mas+PL
farniente farniente Nom:Mas+SG
faro faro Nom:Mas+SG
farouch farouch Nom:Mas+SG
farrago farrago Nom:Mas+SG
fars far Nom:Mas+PL
fartage fartage Nom:Mas+SG
fartages fartage Nom:Mas+PL
fart fart Nom:Mas+SG
farts fart Nom:Mas+PL
fascia fascia Nom:Mas+SG
fasciation fasciation Nom:Fem+SG
fascicule fascicule Nom:Mas+SG
fascicules fascicule Nom:Mas+PL
fascinage fascinage Nom:Mas+SG
fascinages fascinage Nom:Mas+PL
fascinateur fascinateur Nom:Mas+SG
fascination fascination Nom:Fem+SG
fascinations fascination Nom:Fem+PL
fascinatrice fascinateur Nom:Fem+SG
fascine fascine Nom:Fem+SG
fascines fascine Nom:Fem+PL
fascisante fascisant Nom:Fem+SG
fascisantes fascisant Nom:Fem+PL
fascisant fascisant Nom:Mas+SG
fascisants fascisant Nom:Mas+PL
fascisation fascisation Nom:Fem+SG
fascisations fascisation Nom:Fem+PL
fascisme fascisme Nom:Mas+SG
fasciste fasciste Nom:InvGen+SG
fascistes fasciste Nom:InvGen+PL
faste faste Nom:Mas+SG
fastes faste Nom:Mas+PL
fastes fastes Nom:Mas+PL
fast-food fast-food Nom:Mas+SG
fatalisme fatalisme Nom:Mas+SG
fataliste fataliste Nom:InvGen+SG
fatalistes fataliste Nom:InvGen+PL
fatalité fatalité Nom:Fem+SG
fatalités fatalité Nom:Fem+PL
fat fat Nom:Mas+SG
fatigabilité fatigabilité Nom:Fem+SG
fatigue fatigue Nom:Fem+SG
fatigues fatigue Nom:Fem+PL
fatma fatma Nom:Fem+SG
fatras fatras Nom:Mas+InvPL
fatrasie fatrasie Nom:Fem+SG
fats fat Nom:Mas+PL
fatuité fatuité Nom:Fem+SG
fatum fatum Nom:Mas+SG
fauber fauber Nom:Mas+SG
faubert faubert Nom:Mas+SG
faubourg faubourg Nom:Mas+SG
faubourgs faubourg Nom:Mas+PL
faubourienne faubourien Nom:Fem+SG
faubouriennes faubourien Nom:Fem+PL
faucardeur faucardeur Nom:Mas+SG
faucard faucard Nom:Mas+SG
fauchage fauchage Nom:Mas+SG
fauchages fauchage Nom:Mas+PL
fauchaison fauchaison Nom:Fem+SG
fauchard fauchard Nom:Mas+SG
fauchée fauchée Nom:Fem+SG
fauchée fauché Nom:Fem+SG
fauchées fauchée Nom:Fem+PL
fauchées fauché Nom:Fem+PL
fauche fauche Nom:Fem+SG
fauché fauché Nom:Mas+SG
fauches fauche Nom:Fem+PL
fauchés fauché Nom:Mas+PL
fauchet fauchet Nom:Mas+SG
fauchette fauchette Nom:Fem+SG
fauchettes fauchette Nom:Fem+PL
faucheur faucheur Nom:Mas+SG
faucheurs faucheur Nom:Mas+PL
faucheuse faucheur Nom:Fem+SG
faucheuse faucheuse Nom:Fem+SG
faucheuses faucheur Nom:Fem+PL
faucheuses faucheuse Nom:Fem+PL
faucheux faucheux Nom:Mas+InvPL
fauchon fauchon Nom:Mas+SG
fauchons fauchon Nom:Mas+PL
faucille faucille Nom:Fem+SG
faucilles faucille Nom:Fem+PL
faucillon faucillon Nom:Mas+SG
faucon faucon Nom:Mas+SG
fauconneau fauconneau Nom:Mas+SG
fauconneaux fauconneau Nom:Mas+PL
fauconnerie fauconnerie Nom:Fem+SG
fauconnière fauconnière Nom:Fem+SG
fauconnière fauconnier Nom:Fem+SG
fauconnier fauconnier Nom:Mas+SG
faucons faucon Nom:Mas+PL
faucre faucre Nom:Mas+SG
faufilage faufilage Nom:Mas+SG
faufilages faufilage Nom:Mas+PL
faufil faufil Nom:Mas+SG
faufilure faufilure Nom:Fem+SG
faune faune Nom:Fem+SG
faune faune Nom:Mas+SG
faunes faune Nom:Mas+PL
faunesse faune Nom:Fem+SG
faunique faunique Nom:Fem+SG
faussaire faussaire Nom:InvGen+SG
faussaires faussaire Nom:InvGen+PL
faussement faussement Nom:Mas+SG
fausseté fausseté Nom:Fem+SG
faussetés fausseté Nom:Fem+PL
fausset fausset Nom:Mas+SG
faute faute Nom:Fem+SG
fautes faute Nom:Fem+PL
fauteuil fauteuil Nom:Mas+SG
fauteuils fauteuil Nom:Mas+PL
fauteur fauteur Nom:Mas+SG
fauteurs fauteur Nom:Mas+PL
fautif fautif Nom:Mas+SG
fautifs fautif Nom:Mas+PL
fautive fautif Nom:Fem+SG
fautives fautif Nom:Fem+PL
fautrice fauteur Nom:Fem+SG
fauve fauve Nom:Mas+SG
fauverie fauverie Nom:Fem+SG
fauveries fauverie Nom:Fem+PL
fauves fauve Nom:Mas+PL
fauves fauves Nom:Mas+PL
fauvette fauvette Nom:Fem+SG
fauvettes fauvette Nom:Fem+PL
fauvisme fauvisme Nom:Mas+SG
faux faux Nom:Fem+InvPL
faux faux Nom:Mas+InvPL
faux-bourdon faux-bourdon Nom:Mas+SG
faux-filet faux-filet Nom:Mas+SG
faux-fuyant faux-fuyant Nom:Mas+SG
faux-fuyants faux-fuyant Nom:Mas+PL
faux-monnayeur faux-monnayeur Nom:Mas+SG
faux-monnayeurs faux-monnayeur Nom:Mas+PL
faux-pont faux-pont Nom:Mas+SG
faux-semblant faux-semblant Nom:Mas+SG
faux-semblants faux-semblant Nom:Mas+PL
favela favela Nom:Fem+SG
faverole faverole Nom:Fem+SG
faveur faveur Nom:Fem+SG
faveurs faveur Nom:Fem+PL
faveurs faveurs Nom:Fem+PL
favorisée favorisé Nom:Fem+SG
favorisées favorisé Nom:Fem+PL
favorisé favorisé Nom:Mas+SG
favorisés favorisé Nom:Mas+PL
favoris favori Nom:Mas+PL
favoris favoris Nom:Mas+PL
favorite favori Nom:Fem+SG
favorite favorite Nom:Fem+SG
favorites favori Nom:Fem+PL
favorites favorite Nom:Fem+PL
favoritisme favoritisme Nom:Mas+SG
favus favus Nom:Mas+InvPL
fayard fayard Nom:Mas+SG
fayot fayot Nom:Mas+SG
fazenda fazenda Nom:Fem+SG
féale féal Nom:Fem+SG
féales féal Nom:Fem+PL
féal féal Nom:Mas+SG
féauté féauté Nom:Fem+SG
féaux féal Nom:Mas+PL
fébricule fébricule Nom:Fem+SG
fébrifuge fébrifuge Nom:Mas+SG
fébrilité fébrilité Nom:Fem+SG
fécalome fécalome Nom:Mas+SG
fèces fèces Nom:Fem+PL
fécial fécial Nom:Mas+SG
fécondabilité fécondabilité Nom:Fem+SG
fécondation fécondation Nom:Fem+SG
fécondations fécondation Nom:Fem+PL
fécondatrice fécondateur Nom:Fem+SG
fécondité fécondité Nom:Fem+SG
fécule fécule Nom:Fem+SG
féculence féculence Nom:Fem+SG
féculent féculent Nom:Mas+SG
féculents féculent Nom:Mas+PL
féculerie féculerie Nom:Fem+SG
fécules fécule Nom:Fem+PL
fedayin fedayin Nom:Mas+SG
fédérale fédéral Nom:Fem+SG
fédérales fédéral Nom:Fem+PL
fédéral fédéral Nom:Mas+SG
fédéralisme fédéralisme Nom:Mas+SG
fédéraliste fédéraliste Nom:InvGen+SG
fédéralistes fédéraliste Nom:InvGen+PL
fédération fédération Nom:Fem+SG
fédérations fédération Nom:Fem+PL
fédératrice fédérateur Nom:Fem+SG
fédératrices fédérateur Nom:Fem+PL
fédéraux fédéral Nom:Mas+PL
fédéraux fédéraux Nom:Mas+PL
fédérée fédéré Nom:Fem+SG
fédérées fédéré Nom:Fem+PL
fédéré fédéré Nom:Mas+SG
fédérés fédéré Nom:Mas+PL
fée fée Nom:Fem+SG
féerie féerie Nom:Fem+SG
féeries féerie Nom:Fem+PL
fées fée Nom:Fem+PL
feignante feignant Nom:Fem+SG
feignantes feignant Nom:Fem+PL
feignant feignant Nom:Mas+SG
feinte feinte Nom:Fem+SG
feintes feinte Nom:Fem+PL
feinteur feinteur Nom:Mas+SG
feintise feintise Nom:Fem+SG
feldspath feldspath Nom:Mas+SG
feldspathoïde feldspathoïde Nom:Mas+SG
feldspaths feldspath Nom:Mas+PL
feldwebel feldwebel Nom:Mas+SG
fêlée fêlé Nom:Fem+SG
fêlées fêlé Nom:Fem+PL
fêle fêle Nom:Fem+SG
fêlé fêlé Nom:Mas+SG
fêles fêle Nom:Fem+PL
fêlés fêlé Nom:Mas+PL
félibre félibre Nom:Mas+SG
félibrige félibrige Nom:Mas+SG
félicitation félicitation Nom:Fem+SG
félicitations félicitations Nom:Fem+PL
félicité félicité Nom:Fem+SG
félicités félicité Nom:Fem+PL
félidé félidé Nom:Mas+SG
félidés félidé Nom:Mas+PL
félin félin Nom:Mas+SG
félinité félinité Nom:Fem+SG
félins félin Nom:Mas+PL
fellaga fellaga Nom:InvGen+SG
fellagha fellagha Nom:InvGen+SG
fellah fellah Nom:Mas+SG
fellahs fellah Nom:Mas+PL
fellation fellation Nom:Fem+SG
félonie félonie Nom:Fem+SG
félonies félonie Nom:Fem+PL
félonne félon Nom:Fem+SG
félonnes félon Nom:Fem+PL
felouque felouque Nom:Fem+SG
fêlure fêlure Nom:Fem+SG
fêlures fêlure Nom:Fem+PL
femelle femelle Nom:Fem+SG
femelles femelle Nom:Fem+PL
fémelot fémelot Nom:Mas+SG
féminisation féminisation Nom:Fem+SG
féminisations féminisation Nom:Fem+PL
féminisme féminisme Nom:Mas+SG
féministe féministe Nom:InvGen+SG
féministes féministe Nom:InvGen+PL
féminité féminité Nom:Fem+SG
femme femme Nom:Fem+SG
femmelette femmelette Nom:Fem+SG
femmelettes femmelette Nom:Fem+PL
femmes femme Nom:Fem+PL
fémur fémur Nom:Mas+SG
fémurs fémur Nom:Mas+PL
fenaison fenaison Nom:Fem+SG
fenaisons fenaison Nom:Fem+PL
fendage fendage Nom:Mas+SG
fendages fendage Nom:Mas+PL
fendant fendant Nom:Mas+SG
fendard fendard Nom:Mas+SG
fendart fendart Nom:Mas+SG
fenderie fenderie Nom:Fem+SG
fendeur fendeur Nom:Mas+SG
fendeuse fendeur Nom:Fem+SG
fendeuse fendeuse Nom:Fem+SG
fendillement fendillement Nom:Mas+SG
fendillements fendillement Nom:Mas+PL
fendis fendis Nom:Mas+InvPL
fendoir fendoir Nom:Mas+SG
fendu fendu Nom:Mas+SG
fendus fendu Nom:Mas+PL
fenestrage fenestrage Nom:Mas+SG
fenestration fenestration Nom:Fem+SG
fenestron fenestron Nom:Mas+SG
fenêtrage fenêtrage Nom:Mas+SG
fenêtrages fenêtrage Nom:Mas+PL
fenêtre fenêtre Nom:Fem+SG
fenêtres fenêtre Nom:Fem+PL
fenian fenian Nom:Mas+SG
fenil fenil Nom:Mas+SG
fennec fennec Nom:Mas+SG
fenouil fenouil Nom:Mas+SG
fenouillet fenouillet Nom:Mas+SG
fenouillette fenouillette Nom:Fem+SG
fenouillettes fenouillette Nom:Fem+PL
fente fente Nom:Fem+SG
fentes fente Nom:Fem+PL
fenton fenton Nom:Mas+SG
fenugrec fenugrec Nom:Mas+SG
féodale féodal Nom:Fem+SG
féodales féodal Nom:Fem+PL
féodal féodal Nom:Mas+SG
féodalisme féodalisme Nom:Mas+SG
féodalité féodalité Nom:Fem+SG
féodalités féodalité Nom:Fem+PL
féodaux féodal Nom:Mas+PL
féra féra Nom:Fem+SG
féralies féralies Nom:Fem+PL
féras féra Nom:Fem+PL
ferblanterie ferblanterie Nom:Fem+SG
ferblanteries ferblanterie Nom:Fem+PL
ferblantier ferblantier Nom:Mas+SG
ferblantiers ferblantier Nom:Mas+PL
fer fer Nom:Mas+SG
ferlage ferlage Nom:Mas+SG
ferlages ferlage Nom:Mas+PL
fermage fermage Nom:Mas+SG
fermages fermage Nom:Mas+PL
fermail fermail Nom:Mas+SG
fermaux fermail Nom:Mas+PL
ferme ferme Nom:Fem+SG
fermé fermé Nom:Mas+SG
fermentation fermentation Nom:Fem+SG
fermentations fermentation Nom:Fem+PL
fermentescibilité fermentescibilité Nom:Fem+SG
fermenteur fermenteur Nom:Mas+SG
ferment ferment Nom:Mas+SG
ferments ferment Nom:Mas+PL
fermes ferme Nom:Fem+PL
fermés fermé Nom:Mas+PL
fermeté fermeté Nom:Fem+SG
fermette fermette Nom:Fem+SG
fermettes fermette Nom:Fem+PL
fermeture fermeture Nom:Fem+SG
fermetures fermeture Nom:Fem+PL
fermière fermier Nom:Fem+SG
fermières fermier Nom:Fem+PL
fermier fermier Nom:Mas+SG
fermiers fermier Nom:Mas+PL
fermi fermi Nom:Mas+SG
fermion fermion Nom:Mas+SG
fermions fermion Nom:Mas+PL
fermium fermium Nom:Mas+SG
fermiums fermium Nom:Mas+PL
fermoir fermoir Nom:Mas+SG
fermoirs fermoir Nom:Mas+PL
férocité férocité Nom:Fem+SG
férocités férocité Nom:Fem+PL
ferrade ferrade Nom:Fem+SG
ferrage ferrage Nom:Mas+SG
ferraillage ferraillage Nom:Mas+SG
ferraillages ferraillage Nom:Mas+PL
ferraille ferraille Nom:Fem+SG
ferraillement ferraillement Nom:Mas+SG
ferrailles ferraille Nom:Fem+PL
ferrailleur ferrailleur Nom:Mas+SG
ferrailleurs ferrailleur Nom:Mas+PL
ferrandine ferrandine Nom:Fem+SG
ferrate ferrate Nom:Mas+SG
ferrates ferrate Nom:Mas+PL
ferrat ferrat Nom:Mas+SG
ferratier ferratier Nom:Mas+SG
ferrédoxine ferrédoxine Nom:Fem+SG
ferrement ferrement Nom:Mas+SG
ferret ferret Nom:Mas+SG
ferretier ferretier Nom:Mas+SG
ferreur ferreur Nom:Mas+SG
ferricyanure ferricyanure Nom:Mas+SG
ferries ferry Nom:Mas+PL
ferrimagnétisme ferrimagnétisme Nom:Mas+SG
ferrite ferrite Nom:Fem+SG
ferrite ferrite Nom:Mas+SG
ferrocérium ferrocérium Nom:Mas+SG
ferrochrome ferrochrome Nom:Mas+SG
ferromagnétisme ferromagnétisme Nom:Mas+SG
ferromanganèse ferromanganèse Nom:Mas+SG
ferromolybdène ferromolybdène Nom:Mas+SG
ferronickel ferronickel Nom:Mas+SG
ferronnerie ferronnerie Nom:Fem+SG
ferronneries ferronnerie Nom:Fem+PL
ferronnière ferronnière Nom:Fem+SG
ferronnière ferronnier Nom:Fem+SG
ferronnier ferronnier Nom:Mas+SG
ferroprussiate ferroprussiate Nom:Mas+SG
ferrotypie ferrotypie Nom:Fem+SG
ferroutage ferroutage Nom:Mas+SG
ferrure ferrure Nom:Fem+SG
ferrures ferrure Nom:Fem+PL
ferry ferry Nom:Mas+SG
ferry-boat ferry-boat Nom:Mas+SG
ferry-boats ferry-boat Nom:Mas+PL
fers fer Nom:Mas+PL
fers fers Nom:Mas+PL
fers-blancs fer-blanc Nom:Mas+PL
fertilisant fertilisant Nom:Mas+SG
fertilisation fertilisation Nom:Fem+SG
fertilisations fertilisation Nom:Fem+PL
fertilité fertilité Nom:Fem+SG
fertilités fertilité Nom:Fem+PL
férule férule Nom:Fem+SG
férules férule Nom:Fem+PL
fervente fervent Nom:Fem+SG
ferventes fervent Nom:Fem+PL
fervent fervent Nom:Mas+SG
fervents fervent Nom:Mas+PL
ferveur ferveur Nom:Fem+SG
ferveurs ferveur Nom:Fem+PL
fer-blanc fer-blanc Nom:Mas+SG
fessée fessée Nom:Fem+SG
fessées fessée Nom:Fem+PL
fesse fesse Nom:Fem+SG
fesses fesse Nom:Fem+PL
fessier fessier Nom:Mas+SG
fessiers fessier Nom:Mas+PL
festin festin Nom:Mas+SG
festins festin Nom:Mas+PL
festivité festivité Nom:Fem+SG
festivités festivité Nom:Fem+PL
festoiement festoiement Nom:Mas+SG
feston feston Nom:Mas+SG
festons feston Nom:Mas+PL
festons festons Nom:Mas+PL
fêtard fêtard Nom:Mas+SG
fêtards fêtard Nom:Mas+PL
fête fête Nom:Fem+SG
fêtes fête Nom:Fem+PL
fêtes fêtes Nom:Fem+PL
fétial fétial Nom:Mas+SG
fétiche fétiche Nom:Mas+SG
fétiches fétiche Nom:Mas+PL
féticheur féticheur Nom:Mas+SG
féticheurs féticheur Nom:Mas+PL
fétichisme fétichisme Nom:Mas+SG
fétidité fétidité Nom:Fem+SG
fétu fétu Nom:Mas+SG
fétuque fétuque Nom:Fem+SG
fétus fétu Nom:Mas+PL
feudataire feudataire Nom:InvGen+SG
feudiste feudiste Nom:InvGen+SG
feu feu Nom:Mas+SG
feuil feuil Nom:Mas+SG
feuillage feuillage Nom:Mas+SG
feuillages feuillage Nom:Mas+PL
feuillagiste feuillagiste Nom:InvGen+SG
feuillaison feuillaison Nom:Fem+SG
feuillant feuillant Nom:Mas+SG
feuillantine feuillantine Nom:Fem+SG
feuillantine feuillant Nom:Fem+SG
feuillée feuillée Nom:Fem+SG
feuillées feuillée Nom:Fem+PL
feuillées feuillées Nom:Fem+PL
feuille feuille Nom:Fem+SG
feuillé feuillé Nom:Mas+SG
feuilleret feuilleret Nom:Mas+SG
feuilles feuille Nom:Fem+PL
feuilletage feuilletage Nom:Mas+SG
feuilletages feuilletage Nom:Mas+PL
feuilleté feuilleté Nom:Mas+SG
feuilletés feuilleté Nom:Mas+PL
feuillet feuillet Nom:Mas+SG
feuilletis feuilletis Nom:Mas+InvPL
feuilleton feuilleton Nom:Mas+SG
feuilletoniste feuilletoniste Nom:InvGen+SG
feuilletons feuilleton Nom:Mas+PL
feuillets feuillet Nom:Mas+PL
feuillette feuillette Nom:Fem+SG
feuillettes feuillette Nom:Fem+PL
feuille-morte feuille-morte Nom:Fem+SG
feuillu feuillu Nom:Mas+SG
feuillure feuillure Nom:Fem+SG
feuillures feuillure Nom:Fem+PL
feuillus feuillu Nom:Mas+PL
feulement feulement Nom:Mas+SG
feutrage feutrage Nom:Mas+SG
feutrages feutrage Nom:Mas+PL
feutre feutre Nom:Mas+SG
feutres feutre Nom:Mas+PL
feutrine feutrine Nom:Fem+SG
feux feu Nom:Mas+PL
feux feux Nom:Mas+PL
fève fève Nom:Fem+SG
féverole féverole Nom:Fem+SG
fèves fève Nom:Fem+PL
févier févier Nom:Mas+SG
février février Nom:Mas+SG
févriers février Nom:Mas+PL
fez fez Nom:Mas+InvPL
f f Nom:Mas+InvPL
fiabilité fiabilité Nom:Fem+SG
fiacre fiacre Nom:Mas+SG
fiacres fiacre Nom:Mas+PL
fiançailles fiançailles Nom:Fem+PL
fiancée fiancée Nom:Fem+SG
fiancée fiancé Nom:Fem+SG
fiancées fiancée Nom:Fem+PL
fiancées fiancé Nom:Fem+PL
fiancé fiancé Nom:Mas+SG
fiancés fiancé Nom:Mas+PL
fiasco fiasco Nom:Mas+SG
fiascos fiasco Nom:Mas+PL
fiasque fiasque Nom:Fem+SG
fiasques fiasque Nom:Fem+PL
fiat fiat Nom:Mas+InvPL
fibranne fibranne Nom:Fem+SG
fibre fibre Nom:Fem+SG
fibres fibre Nom:Fem+PL
fibrillation fibrillation Nom:Fem+SG
fibrine fibrine Nom:Fem+SG
fibrinogène fibrinogène Nom:Mas+SG
fibrinolyse fibrinolyse Nom:Fem+SG
fibroblaste fibroblaste Nom:Mas+SG
fibrocartilage fibrocartilage Nom:Mas+SG
fibrociment fibrociment Nom:Mas+SG
fibroïne fibroïne Nom:Fem+SG
fibromatose fibromatose Nom:Fem+SG
fibrome fibrome Nom:Mas+SG
fibromes fibrome Nom:Mas+PL
fibromyome fibromyome Nom:Mas+SG
fibroscope fibroscope Nom:Mas+SG
fibrose fibrose Nom:Fem+SG
fibule fibule Nom:Fem+SG
fibules fibule Nom:Fem+PL
ficaire ficaire Nom:Fem+SG
ficelage ficelage Nom:Mas+SG
ficelages ficelage Nom:Mas+PL
ficelle ficelle Nom:Fem+SG
ficellerie ficellerie Nom:Fem+SG
ficelles ficelle Nom:Fem+PL
fic fic Nom:Mas+SG
fichage fichage Nom:Mas+SG
fichages fichage Nom:Mas+PL
fiche fiche Nom:Fem+SG
fiches fiche Nom:Fem+PL
fichet fichet Nom:Mas+SG
fichier fichier Nom:Mas+SG
fichiers fichier Nom:Mas+PL
fichisme fichisme Nom:Mas+SG
fichiste fichiste Nom:InvGen+SG
fichistes fichiste Nom:InvGen+PL
fichoir fichoir Nom:Mas+SG
fichu fichu Nom:Mas+SG
fichus fichu Nom:Mas+PL
fiction fiction Nom:Fem+SG
fictions fiction Nom:Fem+PL
ficus ficus Nom:Mas+InvPL
fidéicommis fidéicommis Nom:Mas+InvPL
fidéicommissaire fidéicommissaire Nom:Mas+SG
fidéisme fidéisme Nom:Mas+SG
fidéjusseur fidéjusseur Nom:Mas+SG
fidéjussion fidéjussion Nom:Fem+SG
fidèle fidèle Nom:InvGen+SG
fidèles fidèle Nom:InvGen+PL
fidélité fidélité Nom:Fem+SG
fidélités fidélité Nom:Fem+PL
fiduciaire fiduciaire Nom:Mas+SG
fiduciaires fiduciaire Nom:Mas+PL
fief fief Nom:Mas+SG
fiefs fief Nom:Mas+PL
fiel fiel Nom:Mas+SG
fiente fiente Nom:Fem+SG
fientes fiente Nom:Fem+PL
fiérote fiérot Nom:Fem+SG
fiérot fiérot Nom:Mas+SG
fierté fierté Nom:Fem+SG
fiertés fierté Nom:Fem+PL
fiesta fiesta Nom:Fem+SG
fieu fieu Nom:Mas+SG
fieux fieu Nom:Mas+PL
fièvre fièvre Nom:Fem+SG
fièvres fièvre Nom:Fem+PL
fiévreuse fiévreux Nom:Fem+SG
fiévreuses fiévreux Nom:Fem+PL
fiévreux fiévreux Nom:Mas+InvPL
fifille fifille Nom:Fem+SG
fifre fifre Nom:Mas+SG
fifrelin fifrelin Nom:Mas+SG
fifres fifre Nom:Mas+PL
fifty fifty Nom:Mas+SG
figaro figaro Nom:Mas+SG
figement figement Nom:Mas+SG
fignolage fignolage Nom:Mas+SG
fignolages fignolage Nom:Mas+PL
fignoleur fignoleur Nom:Mas+SG
figue figue Nom:Fem+SG
figuerie figuerie Nom:Fem+SG
figues figue Nom:Fem+PL
figuier figuier Nom:Mas+SG
figuiers figuier Nom:Mas+PL
figuline figuline Nom:Fem+SG
figurante figurant Nom:Fem+SG
figurantes figurant Nom:Fem+PL
figurant figurant Nom:Mas+SG
figurants figurant Nom:Mas+PL
figuratifs figuratif Nom:Mas+PL
figuration figuration Nom:Fem+SG
figurations figuration Nom:Fem+PL
figurative figuratif Nom:Fem+SG
figuratives figuratif Nom:Fem+PL
figure figure Nom:Fem+SG
figuré figuré Nom:Mas+SG
figures figure Nom:Fem+PL
figurés figuré Nom:Mas+PL
figurine figurine Nom:Fem+SG
figurines figurine Nom:Fem+PL
figurisme figurisme Nom:Mas+SG
figuriste figuriste Nom:InvGen+SG
filage filage Nom:Mas+SG
filages filage Nom:Mas+PL
filament filament Nom:Mas+SG
filaments filament Nom:Mas+PL
filandière filandière Nom:Fem+SG
filandre filandre Nom:Fem+SG
filanzane filanzane Nom:Mas+SG
filariose filariose Nom:Fem+SG
filasse filasse Nom:Fem+SG
filasse filasse Nom:Mas+SG
filasses filasse Nom:Fem+PL
filasses filasse Nom:Mas+PL
filateur filateur Nom:Mas+SG
filateurs filateur Nom:Mas+PL
filature filature Nom:Fem+SG
filatures filature Nom:Fem+PL
filée filée Nom:Fem+SG
filées filée Nom:Fem+PL
file file Nom:Fem+SG
filé filé Nom:Mas+SG
files file Nom:Fem+PL
filetage filetage Nom:Mas+SG
filetages filetage Nom:Mas+PL
filet filet Nom:Mas+SG
filets filet Nom:Mas+PL
fileur fileur Nom:Mas+SG
fileuse fileur Nom:Fem+SG
fileuse fileuse Nom:Fem+SG
fileuses fileur Nom:Fem+PL
fil fil Nom:Mas+SG
filiale filiale Nom:Fem+SG
filiales filiale Nom:Fem+PL
filiation filiation Nom:Fem+SG
filiations filiation Nom:Fem+PL
filicinées filicinée Nom:Fem+PL
filière filière Nom:Fem+SG
filières filière Nom:Fem+PL
filigrane filigrane Nom:Mas+SG
filigranes filigrane Nom:Mas+PL
filin filin Nom:Mas+SG
filins filin Nom:Mas+PL
filipendule filipendule Nom:Fem+SG
filiste filiste Nom:InvGen+SG
filistes filiste Nom:InvGen+PL
fillasse fillasse Nom:Fem+SG
fille fille Nom:Fem+SG
filles fille Nom:Fem+PL
fillette fillette Nom:Fem+SG
fillettes fillette Nom:Fem+PL
filleule filleul Nom:Fem+SG
filleules filleul Nom:Fem+PL
filleul filleul Nom:Mas+SG
filleuls filleul Nom:Mas+PL
filmage filmage Nom:Mas+SG
filmages filmage Nom:Mas+PL
film film Nom:Mas+SG
filmographie filmographie Nom:Fem+SG
filmologie filmologie Nom:Fem+SG
filmothèque filmothèque Nom:Fem+SG
filmothèques filmothèque Nom:Fem+PL
films film Nom:Mas+PL
filon filon Nom:Mas+SG
filons filon Nom:Mas+PL
filoselle filoselle Nom:Fem+SG
filou filou Nom:Mas+SG
filous filou Nom:Mas+PL
filouterie filouterie Nom:Fem+SG
filouteries filouterie Nom:Fem+PL
fils fil Nom:Mas+PL
fils fils Nom:Mas+InvPL
filtrage filtrage Nom:Mas+SG
filtrages filtrage Nom:Mas+PL
filtrat filtrat Nom:Mas+SG
filtration filtration Nom:Fem+SG
filtrations filtration Nom:Fem+PL
filtre filtre Nom:Mas+SG
filtres filtre Nom:Mas+PL
finage finage Nom:Mas+SG
finale finale Nom:Fem+SG
finale finale Nom:Mas+SG
finales finale Nom:Fem+PL
finales finale Nom:Mas+PL
final final Nom:Mas+SG
finalisme finalisme Nom:Mas+SG
finaliste finaliste Nom:InvGen+SG
finalistes finaliste Nom:InvGen+PL
finalité finalité Nom:Fem+SG
finalités finalité Nom:Fem+PL
finals final Nom:Mas+PL
finance finance Nom:Fem+SG
financement financement Nom:Mas+SG
financements financement Nom:Mas+PL
finances finance Nom:Fem+PL
finances finances Nom:Fem+PL
financière financière Nom:Fem+SG
financière financier Nom:Fem+SG
financières financière Nom:Fem+PL
financières financier Nom:Fem+PL
financier financier Nom:Mas+SG
financiers financier Nom:Mas+PL
finasserie finasserie Nom:Fem+SG
finasseries finasserie Nom:Fem+PL
finasseuse finasseur Nom:Fem+SG
finassière finassier Nom:Fem+SG
finaude finaud Nom:Fem+SG
finauderie finauderie Nom:Fem+SG
finaudes finaud Nom:Fem+PL
finch finch Nom:Mas+SG
fine fine Nom:Fem+SG
finerie finerie Nom:Fem+SG
fines fine Nom:Fem+PL
fines fines Nom:Fem+PL
finesse finesse Nom:Fem+SG
finesses finesse Nom:Fem+PL
finette finette Nom:Fem+SG
fin fin Nom:Fem+SG
fin fin Nom:Mas+SG
fini fini Nom:Mas+SG
finis fini Nom:Mas+PL
finish finish Nom:Mas+InvPL
finissage finissage Nom:Mas+SG
finissages finissage Nom:Mas+PL
finissante finissant Nom:Fem+SG
finissantes finissant Nom:Fem+PL
finissant finissant Nom:Mas+SG
finissants finissant Nom:Mas+PL
finisseur finisseur Nom:Mas+SG
finisseurs finisseur Nom:Mas+PL
finisseuse finisseur Nom:Fem+SG
finisseuse finisseuse Nom:Fem+SG
finissure finissure Nom:Fem+SG
finition finition Nom:Fem+SG
finitions finition Nom:Fem+PL
finitions finitions Nom:Fem+PL
finitisme finitisme Nom:Mas+SG
finlandais finlandais Nom:Mas+InvPL
finlandais finlandais Nom:Mas+SG
fins fin Nom:Fem+PL
fins fins Nom:Fem+PL
fiole fiole Nom:Fem+SG
fioles fiole Nom:Fem+PL
fion fion Nom:Mas+SG
fions fion Nom:Mas+PL
fiord fiord Nom:Mas+SG
fioriture fioriture Nom:Fem+SG
fioritures fioriture Nom:Fem+PL
firmament firmament Nom:Mas+SG
firman firman Nom:Mas+SG
firme firme Nom:Fem+SG
firmes firme Nom:Fem+PL
fiscal fiscal Nom:Mas+SG
fiscalisation fiscalisation Nom:Fem+SG
fiscalisations fiscalisation Nom:Fem+PL
fiscaliste fiscaliste Nom:InvGen+SG
fiscalistes fiscaliste Nom:InvGen+PL
fiscalité fiscalité Nom:Fem+SG
fiscalités fiscalité Nom:Fem+PL
fiscaux fiscal Nom:Mas+PL
fisc fisc Nom:Mas+SG
fiscs fisc Nom:Mas+PL
fission fission Nom:Fem+SG
fissions fission Nom:Fem+PL
fissuration fissuration Nom:Fem+SG
fissurations fissuration Nom:Fem+PL
fissure fissure Nom:Fem+SG
fissures fissure Nom:Fem+PL
fiston fiston Nom:Mas+SG
fistot fistot Nom:Mas+SG
fistulaire fistulaire Nom:Fem+SG
fistulaires fistulaire Nom:Fem+PL
fistule fistule Nom:Fem+SG
fistules fistule Nom:Fem+PL
fistuline fistuline Nom:Fem+SG
fistulisation fistulisation Nom:Fem+SG
fistulographie fistulographie Nom:Fem+SG
fixage fixage Nom:Mas+SG
fixages fixage Nom:Mas+PL
fixateur fixateur Nom:Mas+SG
fixateurs fixateur Nom:Mas+PL
fixatif fixatif Nom:Mas+SG
fixatifs fixatif Nom:Mas+PL
fixation fixation Nom:Fem+SG
fixations fixation Nom:Fem+PL
fixe fixe Nom:Mas+SG
fixé fixé Nom:Mas+SG
fixes fixe Nom:Mas+PL
fixés fixé Nom:Mas+PL
fixe-chaussette fixe-chaussette Nom:Mas+SG
fixing fixing Nom:Mas+SG
fixisme fixisme Nom:Mas+SG
fixiste fixiste Nom:InvGen+SG
fixité fixité Nom:Fem+SG
fjeld fjeld Nom:Mas+SG
fjord fjord Nom:Mas+SG
fjords fjord Nom:Mas+PL
flaccidité flaccidité Nom:Fem+SG
flache flache Nom:Fem+SG
flacherie flacherie Nom:Fem+SG
flacon flacon Nom:Mas+SG
flaconnage flaconnage Nom:Mas+SG
flaconnier flaconnier Nom:Mas+SG
flacons flacon Nom:Mas+PL
fla fla Nom:Mas+InvPL
flagellant flagellant Nom:Mas+SG
flagellateur flagellateur Nom:Mas+SG
flagellation flagellation Nom:Fem+SG
flagellations flagellation Nom:Fem+PL
flagellum flagellum Nom:Mas+SG
flageolement flageolement Nom:Mas+SG
flageolet flageolet Nom:Mas+SG
flageolets flageolet Nom:Mas+PL
flagornerie flagornerie Nom:Fem+SG
flagorneries flagornerie Nom:Fem+PL
flagorneur flagorneur Nom:Mas+SG
flagorneurs flagorneur Nom:Mas+PL
flagorneuse flagorneur Nom:Fem+SG
flagrance flagrance Nom:Fem+SG
flair flair Nom:Mas+SG
flairs flair Nom:Mas+PL
flakes flakes Nom:Mas+PL
flamande flamand Nom:Fem+SG
flamandes flamand Nom:Fem+PL
flamant flamant Nom:Mas+SG
flamants flamant Nom:Mas+PL
flambage flambage Nom:Mas+SG
flambages flambage Nom:Mas+PL
flambant flambant Nom:Mas+SG
flambard flambard Nom:Mas+SG
flambards flambard Nom:Mas+PL
flambart flambart Nom:Mas+SG
flambeau flambeau Nom:Mas+SG
flambeaux flambeau Nom:Mas+PL
flambée flambée Nom:Fem+SG
flambées flambée Nom:Fem+PL
flambe flambe Nom:Fem+SG
flambé flambé Nom:Mas+SG
flambement flambement Nom:Mas+SG
flamberge flamberge Nom:Fem+SG
flambes flambe Nom:Fem+PL
flambés flambé Nom:Mas+PL
flambeur flambeur Nom:Mas+SG
flambeurs flambeur Nom:Mas+PL
flamboiement flamboiement Nom:Mas+SG
flamenco flamenco Nom:Mas+SG
flamine flamine Nom:Mas+SG
flamingante flamingant Nom:Fem+SG
flamingantes flamingant Nom:Fem+PL
flamingantisme flamingantisme Nom:Mas+SG
flammèche flammèche Nom:Fem+SG
flammèches flammèche Nom:Fem+PL
flamme flamme Nom:Fem+SG
flammerole flammerole Nom:Fem+SG
flammes flamme Nom:Fem+PL
flammes flammes Nom:Fem+PL
flanc flanc Nom:Mas+SG
flanche flanche Nom:Mas+SG
flanches flanche Nom:Mas+PL
flanchet flanchet Nom:Mas+SG
flanconade flanconade Nom:Fem+SG
flancs flanc Nom:Mas+PL
flandricisme flandricisme Nom:Mas+SG
flandrin flandrin Nom:Mas+SG
flâne flâne Nom:Fem+SG
flanelle flanelle Nom:Fem+SG
flanelles flanelle Nom:Fem+PL
flânerie flânerie Nom:Fem+SG
flâneries flânerie Nom:Fem+PL
flânes flâne Nom:Fem+PL
flâneur flâneur Nom:Mas+SG
flâneurs flâneur Nom:Mas+PL
flâneuse flâneur Nom:Fem+SG
flâneuses flâneur Nom:Fem+PL
flan flan Nom:Mas+SG
flanquement flanquement Nom:Mas+SG
flans flan Nom:Mas+PL
flaque flaque Nom:Fem+SG
flaques flaque Nom:Fem+PL
flashes flash Nom:Mas+PL
flash flash Nom:Fem+SG
flash flash Nom:Mas+SG
flash-back flash-back Nom:Mas+InvPL
flasque flasque Nom:Fem+SG
flasque flasque Nom:Mas+SG
flasques flasque Nom:Fem+PL
flasques flasque Nom:Mas+PL
flatterie flatterie Nom:Fem+SG
flatteries flatterie Nom:Fem+PL
flatteurs flatteur Nom:Mas+PL
flatteuse flatteur Nom:Fem+SG
flatteuses flatteur Nom:Fem+PL
flatulence flatulence Nom:Fem+SG
flatulences flatulence Nom:Fem+PL
flatuosité flatuosité Nom:Fem+SG
flavine flavine Nom:Fem+SG
fla-fla fla-fla Nom:Mas+SG
fléau fléau Nom:Mas+SG
fléaux fléau Nom:Mas+PL
fléchage fléchage Nom:Mas+SG
fléchages fléchage Nom:Mas+PL
flèche flèche Nom:Fem+SG
flèche flèche Nom:Mas+SG
flèches flèche Nom:Fem+PL
flèches flèche Nom:Mas+PL
flèches flèches Nom:Fem+PL
fléchette fléchette Nom:Fem+SG
fléchettes fléchette Nom:Fem+PL
fléchissement fléchissement Nom:Mas+SG
fléchissements fléchissement Nom:Mas+PL
fléchisseur fléchisseur Nom:Mas+SG
fléchisseurs fléchisseur Nom:Mas+PL
flegmatique flegmatique Nom:InvGen+SG
flegmatiques flegmatique Nom:InvGen+PL
flegmatisant flegmatisant Nom:Mas+SG
flegme flegme Nom:Mas+SG
flegmon flegmon Nom:Mas+SG
flein flein Nom:Mas+SG
flemmarde flemmard Nom:Fem+SG
flemmardes flemmard Nom:Fem+PL
flemmardise flemmardise Nom:Fem+SG
flemme flemme Nom:Fem+SG
fléole fléole Nom:Fem+SG
flétan flétan Nom:Mas+SG
flet flet Nom:Mas+SG
flétrissement flétrissement Nom:Mas+SG
flétrissure flétrissure Nom:Fem+SG
flétrissures flétrissure Nom:Fem+PL
flets flet Nom:Mas+PL
flette flette Nom:Fem+SG
flettes flette Nom:Fem+PL
fleurage fleurage Nom:Mas+SG
fleurages fleurage Nom:Mas+PL
fleuraison fleuraison Nom:Fem+SG
fleuret fleuret Nom:Mas+SG
fleurets fleuret Nom:Mas+PL
fleurette fleurette Nom:Fem+SG
fleurettes fleurette Nom:Fem+PL
fleurettiste fleurettiste Nom:InvGen+SG
fleurettistes fleurettiste Nom:InvGen+PL
fleur fleur Nom:Fem+SG
fleuriste fleuriste Nom:InvGen+SG
fleuristes fleuriste Nom:InvGen+PL
fleuron fleuron Nom:Mas+SG
fleurons fleuron Nom:Mas+PL
fleurs fleur Nom:Fem+PL
fleurs fleurs Nom:Fem+PL
fleuve fleuve Nom:Mas+SG
fleuves fleuve Nom:Mas+PL
flexibilité flexibilité Nom:Fem+SG
flexion flexion Nom:Fem+SG
flexions flexion Nom:Fem+PL
flexure flexure Nom:Fem+SG
flibuste flibuste Nom:Fem+SG
flibustes flibuste Nom:Fem+PL
flibustier flibustier Nom:Mas+SG
flibustiers flibustier Nom:Mas+PL
flic flic Nom:InvGen+SG
flics flic Nom:InvGen+PL
flingot flingot Nom:Mas+SG
flingue flingue Nom:Mas+SG
flingues flingue Nom:Mas+PL
flint flint Nom:Mas+SG
flint-glass flint-glass Nom:Mas+InvPL
flint-glass flint-glass Nom:Mas+SG
flipot flipot Nom:Mas+SG
flipper flipper Nom:Mas+SG
flippers flipper Nom:Mas+PL
flirteur flirteur Nom:Mas+SG
flirteuse flirteur Nom:Fem+SG
flirt flirt Nom:Mas+SG
flirts flirt Nom:Mas+PL
flocage flocage Nom:Mas+SG
floc floc Nom:Mas+SG
floche floche Nom:Fem+SG
flocon flocon Nom:Mas+SG
floconneuse floconneuse Nom:Fem+SG
floconneuses floconneuse Nom:Fem+PL
flocons flocon Nom:Mas+PL
floculant floculant Nom:Mas+SG
floculation floculation Nom:Fem+SG
floculations floculation Nom:Fem+PL
flonflon flonflon Nom:Mas+SG
flonflons flonflon Nom:Mas+PL
flonflons flonflons Nom:Mas+PL
flopée flopée Nom:Fem+SG
flopées flopée Nom:Fem+PL
flop flop Nom:Mas+SG
floraison floraison Nom:Fem+SG
floraisons floraison Nom:Fem+PL
floralies floralies Nom:Fem+PL
floréal floréal Nom:Mas+SG
floréals floréal Nom:Mas+PL
flore flore Nom:Fem+SG
florence florence Nom:Fem+SG
florentine florentine Nom:Fem+SG
florentine florentin Nom:Fem+SG
florentines florentin Nom:Fem+PL
florentin florentin Nom:Mas+SG
florentins florentin Nom:Mas+PL
flores flore Nom:Fem+PL
florès florès Nom:Mas+SG
floriculture floriculture Nom:Fem+SG
floridée floridée Nom:Fem+SG
floridées floridée Nom:Fem+PL
florilège florilège Nom:Mas+SG
florilèges florilège Nom:Mas+PL
florin florin Nom:Mas+SG
florins florin Nom:Mas+PL
flot flot Nom:Mas+SG
flots flots Nom:Mas+PL
flottabilité flottabilité Nom:Fem+SG
flottage flottage Nom:Mas+SG
flottages flottage Nom:Mas+PL
flottaison flottaison Nom:Fem+SG
flottant flottant Nom:Mas+SG
flottants flottant Nom:Mas+PL
flottard flottard Nom:Mas+SG
flottation flottation Nom:Fem+SG
flottations flottation Nom:Fem+PL
flotte flotte Nom:Fem+SG
flotté flotté Nom:Mas+SG
flottement flottement Nom:Mas+SG
flottements flottement Nom:Mas+PL
flotterons flotteron Nom:Mas+PL
flottes flotte Nom:Fem+PL
flottés flotté Nom:Mas+PL
flotteur flotteur Nom:Mas+SG
flotteurs flotteur Nom:Mas+PL
flottille flottille Nom:Fem+SG
flottilles flottille Nom:Fem+PL
flou flou Nom:Mas+SG
flouse flouse Nom:Mas+SG
flouve flouve Nom:Fem+SG
flouze flouze Nom:Mas+SG
flow flow Nom:Mas+SG
fluage fluage Nom:Mas+SG
fluages fluage Nom:Mas+PL
fluatation fluatation Nom:Fem+SG
fluate fluate Nom:Mas+SG
fluctuation fluctuation Nom:Fem+SG
fluctuations fluctuation Nom:Fem+PL
flue flue Nom:Fem+SG
flues flue Nom:Fem+PL
fluide fluide Nom:Mas+SG
fluides fluide Nom:Mas+PL
fluidifiant fluidifiant Nom:Mas+SG
fluidification fluidification Nom:Fem+SG
fluidique fluidique Nom:Fem+SG
fluidité fluidité Nom:Fem+SG
fluoration fluoration Nom:Fem+SG
fluorescéine fluorescéine Nom:Fem+SG
fluorescence fluorescence Nom:Fem+SG
fluor fluor Nom:Mas+SG
fluorine fluorine Nom:Fem+SG
fluorose fluorose Nom:Fem+SG
fluors fluor Nom:Mas+PL
fluoruration fluoruration Nom:Fem+SG
fluorure fluorure Nom:Mas+SG
fluotournage fluotournage Nom:Mas+SG
flush flush Nom:Mas+SG
flûteau flûteau Nom:Mas+SG
flûteaux flûteau Nom:Mas+PL
flûte flûte Nom:Fem+SG
flûtes flûte Nom:Fem+PL
flûtes flûtes Nom:Fem+PL
flûtiau flûtiau Nom:Mas+SG
flûtiaux flûtiau Nom:Mas+PL
flûtiste flûtiste Nom:InvGen+SG
flûtistes flûtiste Nom:InvGen+PL
fluviale fluviale Nom:Fem+SG
fluviales fluviale Nom:Fem+PL
fluviomètre fluviomètre Nom:Mas+SG
flux flux Nom:Mas+InvPL
fluxion fluxion Nom:Fem+SG
fluxions fluxion Nom:Fem+PL
fluxmètre fluxmètre Nom:Mas+SG
focale focale Nom:Fem+SG
focales focale Nom:Fem+PL
focalisation focalisation Nom:Fem+SG
focalisations focalisation Nom:Fem+PL
foc foc Nom:Mas+SG
focs foc Nom:Mas+PL
foehn foehn Nom:Mas+SG
foetus foetus Nom:Mas+InvPL
fofolle foufou Nom:Fem+SG
foie foie Nom:Mas+SG
foies foie Nom:Mas+PL
foies foies Nom:Mas+PL
foi foi Nom:Fem+SG
foin foin Nom:Mas+SG
foins foins Nom:Mas+PL
foirade foirade Nom:Fem+SG
foirail foirail Nom:Mas+SG
foire foire Nom:Fem+SG
foires foire Nom:Fem+PL
foireuse foireux Nom:Fem+SG
foireuses foireux Nom:Fem+PL
foireux foireux Nom:Mas+InvPL
fois foi Nom:Fem+PL
fois fois Nom:Fem+InvPL
foison foison Nom:Fem+SG
foisonnement foisonnement Nom:Mas+SG
foisonnements foisonnement Nom:Mas+PL
folasse folasse Nom:Fem+SG
folâtrerie folâtrerie Nom:Fem+SG
fol fol Nom:Mas+SG
foliation foliation Nom:Fem+SG
folie folie Nom:Fem+SG
folies folie Nom:Fem+PL
folio folio Nom:Mas+SG
foliole foliole Nom:Fem+SG
folioles foliole Nom:Fem+PL
folios folio Nom:Mas+PL
folioteuse folioteur Nom:Fem+SG
foliot foliot Nom:Mas+SG
foliots foliot Nom:Mas+PL
folk folk Nom:Mas+SG
folklore folklore Nom:Mas+SG
folkloriste folkloriste Nom:InvGen+SG
folksong folksong Nom:Mas+SG
folksongs folksong Nom:Mas+PL
folle folle Nom:Fem+SG
folle fou Nom:Fem+SG
folles folle Nom:Fem+PL
folles fou Nom:Fem+PL
follette follette Nom:Fem+SG
follettes follette Nom:Fem+PL
follicule follicule Nom:Mas+SG
follicules follicule Nom:Mas+PL
folliculine folliculine Nom:Fem+SG
folliculite folliculite Nom:Fem+SG
fomentateur fomentateur Nom:Mas+SG
fomentation fomentation Nom:Fem+SG
fomentations fomentation Nom:Fem+PL
fomentatrice fomentateur Nom:Fem+SG
foncée foncée Nom:Fem+SG
foncées foncée Nom:Fem+PL
fonceur fonceur Nom:Mas+SG
fonciers foncier Nom:Mas+PL
fonction fonction Nom:Fem+SG
fonctionnaire fonctionnaire Nom:InvGen+SG
fonctionnaires fonctionnaire Nom:InvGen+PL
fonctionnalisme fonctionnalisme Nom:Mas+SG
fonctionnalité fonctionnalité Nom:Fem+SG
fonctionnalités fonctionnalité Nom:Fem+PL
fonctionnarisme fonctionnarisme Nom:Mas+SG
fonctionnement fonctionnement Nom:Mas+SG
fonctionnements fonctionnement Nom:Mas+PL
fonctions fonction Nom:Fem+PL
fonctions fonctions Nom:Fem+PL
fondamentalisme fondamentalisme Nom:Mas+SG
fondamentaliste fondamentaliste Nom:InvGen+SG
fondant fondant Nom:Mas+SG
fondants fondant Nom:Mas+PL
fondants fondants Nom:Mas+PL
fondateur fondateur Nom:Mas+SG
fondateurs fondateur Nom:Mas+PL
fondation fondation Nom:Fem+SG
fondations fondation Nom:Fem+PL
fondatrice fondateur Nom:Fem+SG
fondatrice fondatrice Nom:Fem+SG
fondatrices fondateur Nom:Fem+PL
fondatrices fondatrice Nom:Fem+PL
fondée fondé Nom:Fem+SG
fondées fondé Nom:Fem+PL
fondé fondé Nom:Mas+SG
fondement fondement Nom:Mas+SG
fondements fondement Nom:Mas+PL
fondements fondements Nom:Mas+PL
fonderie fonderie Nom:Fem+SG
fonderies fonderie Nom:Fem+PL
fondés fondé Nom:Mas+PL
fondeur fondeur Nom:Mas+SG
fondeurs fondeur Nom:Mas+PL
fondeuse fondeur Nom:Fem+SG
fondeuse fondeuse Nom:Fem+SG
fond fond Nom:Mas+SG
fondis fondis Nom:Mas+InvPL
fondoir fondoir Nom:Mas+SG
fondouk fondouk Nom:Mas+SG
fondrière fondrière Nom:Fem+SG
fondrières fondrière Nom:Fem+PL
fonds fond Nom:Mas+PL
fonds fonds Nom:Mas+InvPL
fonds fonds Nom:Mas+PL
fondue fondue Nom:Fem+SG
fondues fondue Nom:Fem+PL
fondu fondu Nom:Mas+SG
fondus fondu Nom:Mas+PL
fongibilité fongibilité Nom:Fem+SG
fongicide fongicide Nom:Mas+SG
fongosité fongosité Nom:Fem+SG
fongus fongus Nom:Mas+InvPL
fontainebleau fontainebleau Nom:Mas+SG
fontaine fontaine Nom:Fem+SG
fontaines fontaine Nom:Fem+PL
fontainier fontainier Nom:Mas+SG
fontanelle fontanelle Nom:Fem+SG
fontange fontange Nom:Fem+SG
fontanili fontanili Nom:Mas+PL
fonte fonte Nom:Fem+SG
fontes fonte Nom:Fem+PL
fontis fontis Nom:Mas+InvPL
fonts fonts Nom:Mas+PL
food food Nom:Mas+SG
footballer footballer Nom:Mas+SG
footballeur footballeur Nom:Mas+SG
footballeurs footballeur Nom:Mas+PL
football football Nom:Mas+SG
foot foot Nom:Mas+SG
footing footing Nom:Mas+SG
forage forage Nom:Mas+SG
forages forage Nom:Mas+PL
foraine forain Nom:Fem+SG
foraines forain Nom:Fem+PL
forain forain Nom:Mas+SG
forains forain Nom:Mas+PL
foraminifères foraminifère Nom:Mas+PL
forban forban Nom:Mas+SG
forbans forban Nom:Mas+PL
forçage forçage Nom:Mas+SG
forçages forçage Nom:Mas+PL
forçat forçat Nom:Mas+SG
forçats forçat Nom:Mas+PL
force force Nom:Fem+SG
force force Nom:Mas+SG
forcé forcé Nom:Mas+SG
forcement forcement Nom:Mas+SG
forcenée forcené Nom:Fem+SG
forcenées forcené Nom:Fem+PL
forceps forceps Nom:Mas+InvPL
forcerie forcerie Nom:Fem+SG
forces force Nom:Fem+PL
forces force Nom:Mas+PL
forcés forcé Nom:Mas+PL
forces forces Nom:Fem+PL
forcing forcing Nom:Mas+SG
forcings forcing Nom:Mas+PL
forcipressure forcipressure Nom:Fem+SG
forclusion forclusion Nom:Fem+SG
foresterie foresterie Nom:Fem+SG
forestière forestier Nom:Fem+SG
forestières forestier Nom:Fem+PL
forestier forestier Nom:Mas+SG
forestiers forestier Nom:Mas+PL
forêt forêt Nom:Fem+SG
foret foret Nom:Mas+SG
forêts forêt Nom:Fem+PL
forets foret Nom:Mas+PL
foreur foreur Nom:Mas+SG
foreuse foreur Nom:Fem+SG
foreuse foreuse Nom:Fem+SG
foreuses foreur Nom:Fem+PL
foreuses foreuse Nom:Fem+PL
forfait forfait Nom:Mas+SG
forfaits forfait Nom:Mas+PL
forfaiture forfaiture Nom:Fem+SG
forfaitures forfaiture Nom:Fem+PL
forfanterie forfanterie Nom:Fem+SG
forfanteries forfanterie Nom:Fem+PL
forficule forficule Nom:Fem+SG
forgeage forgeage Nom:Mas+SG
forgeages forgeage Nom:Mas+PL
forge forge Nom:Fem+SG
forgeron forgeron Nom:Mas+SG
forgerons forgeron Nom:Mas+PL
forges forge Nom:Fem+PL
forges forges Nom:Fem+PL
forgeur forgeur Nom:Mas+SG
forint forint Nom:Mas+SG
forjet forjet Nom:Mas+SG
forlane forlane Nom:Fem+SG
formage formage Nom:Mas+SG
formages formage Nom:Mas+PL
formaldéhyde formaldéhyde Nom:Mas+SG
formalisation formalisation Nom:Fem+SG
formalisations formalisation Nom:Fem+PL
formalisme formalisme Nom:Mas+SG
formalismes formalisme Nom:Mas+PL
formaliste formaliste Nom:InvGen+SG
formalistes formaliste Nom:InvGen+PL
formalité formalité Nom:Fem+SG
formalités formalité Nom:Fem+PL
formalités formalités Nom:Fem+PL
formant formant Nom:Mas+SG
formariage formariage Nom:Mas+SG
formateurs formateur Nom:Mas+PL
format format Nom:Mas+SG
formation formation Nom:Fem+SG
formations formation Nom:Fem+PL
formatrice formateur Nom:Fem+SG
formatrices formateur Nom:Fem+PL
formats format Nom:Mas+PL
forme forme Nom:Fem+SG
formène formène Nom:Mas+SG
formeret formeret Nom:Mas+SG
formes forme Nom:Fem+PL
formes formes Nom:Fem+PL
formiate formiate Nom:Mas+SG
formica formica Nom:Mas+SG
formication formication Nom:Fem+SG
formol formol Nom:Mas+SG
formosan formosan Nom:Mas+SG
formulaire formulaire Nom:Mas+SG
formulaires formulaire Nom:Mas+PL
formulation formulation Nom:Fem+SG
formulations formulation Nom:Fem+PL
formule formule Nom:Fem+SG
formules formule Nom:Fem+PL
fornicateur fornicateur Nom:Mas+SG
fornication fornication Nom:Fem+SG
fornicatrice fornicateur Nom:Fem+SG
forsythia forsythia Nom:Mas+SG
fortage fortage Nom:Mas+SG
forte forte Nom:Mas+InvPL
forte fort Nom:Fem+SG
forteresse forteresse Nom:Fem+SG
forteresses forteresse Nom:Fem+PL
fortes fort Nom:Fem+PL
forte-piano forte-piano Nom:Mas+InvPL
fort fort Nom:Mas+SG
fortiche fortiche Nom:InvGen+SG
fortifiant fortifiant Nom:Mas+SG
fortification fortification Nom:Fem+SG
fortifications fortification Nom:Fem+PL
fortifications fortifications Nom:Fem+PL
fortin fortin Nom:Mas+SG
fortins fortin Nom:Mas+PL
fortissimo fortissimo Nom:Mas+InvPL
fortraiture fortraiture Nom:Fem+SG
fortran fortran Nom:Mas+SG
forts fort Nom:Mas+PL
fortune fortune Nom:Fem+SG
fortunes fortune Nom:Fem+PL
forum forum Nom:Mas+SG
forums forum Nom:Mas+PL
forure forure Nom:Fem+SG
fosse fosse Nom:Fem+SG
fossé fossé Nom:Mas+SG
fosses fosse Nom:Fem+PL
fossés fossé Nom:Mas+PL
fossette fossette Nom:Fem+SG
fossettes fossette Nom:Fem+PL
fossile fossile Nom:Mas+SG
fossiles fossile Nom:Mas+PL
fossilisation fossilisation Nom:Fem+SG
fossilisations fossilisation Nom:Fem+PL
fossoir fossoir Nom:Mas+SG
fossoyeur fossoyeur Nom:Mas+SG
fossoyeurs fossoyeur Nom:Mas+PL
fouace fouace Nom:Fem+SG
fouacier fouacier Nom:Mas+SG
fouage fouage Nom:Mas+SG
fouaille fouaille Nom:Fem+SG
fouailles fouaille Nom:Fem+PL
foucade foucade Nom:Fem+SG
foucades foucade Nom:Fem+PL
foudre foudre Nom:Fem+SG
foudre foudre Nom:Mas+SG
foudres foudre Nom:Fem+PL
foudres foudre Nom:Mas+PL
foudres foudres Nom:Fem+PL
foudrier foudrier Nom:Mas+SG
foudroiement foudroiement Nom:Mas+SG
foudroyage foudroyage Nom:Mas+SG
foudroyages foudroyage Nom:Mas+PL
fouée fouée Nom:Fem+SG
fouëne fouëne Nom:Fem+SG
fouet fouet Nom:Mas+SG
fouets fouet Nom:Mas+PL
fouettard fouettard Nom:Mas+SG
fouette fouette Nom:Fem+SG
fouetté fouetté Nom:Mas+SG
fouettement fouettement Nom:Mas+SG
fouettés fouetté Nom:Mas+PL
foufou foufou Nom:Mas+SG
fou fou Nom:Mas+SG
fougasse fougasse Nom:Fem+SG
fouge fouge Nom:Fem+SG
fougère fougère Nom:Fem+SG
fougères fougère Nom:Fem+PL
fougerole fougerole Nom:Fem+SG
fouges fouge Nom:Fem+PL
fougue fougue Nom:Fem+SG
fougues fougue Nom:Fem+PL
fouillage fouillage Nom:Mas+SG
fouillages fouillage Nom:Mas+PL
fouille fouille Nom:Fem+SG
fouilles fouille Nom:Fem+PL
fouilles fouilles Nom:Fem+PL
fouilleur fouilleur Nom:Mas+SG
fouilleurs fouilleur Nom:Mas+PL
fouilleuse fouilleur Nom:Fem+SG
fouilleuse fouilleuse Nom:Fem+SG
fouillis fouillis Nom:Mas+InvPL
fouinarde fouinard Nom:Fem+SG
fouinardes fouinard Nom:Fem+PL
fouine fouine Nom:Fem+SG
fouines fouine Nom:Fem+PL
fouineur fouineur Nom:Mas+SG
fouineurs fouineur Nom:Mas+PL
fouineuse fouineur Nom:Fem+SG
fouineuses fouineur Nom:Fem+PL
fouissage fouissage Nom:Mas+SG
fouissages fouissage Nom:Mas+PL
foulage foulage Nom:Mas+SG
foulages foulage Nom:Mas+PL
foulard foulard Nom:Mas+SG
foulards foulard Nom:Mas+PL
foulée foulée Nom:Fem+SG
foulées foulée Nom:Fem+PL
foule foule Nom:Fem+SG
foulerie foulerie Nom:Fem+SG
foules foule Nom:Fem+PL
fouleur fouleur Nom:Mas+SG
fouleuse fouleur Nom:Fem+SG
fouleuse fouleuse Nom:Fem+SG
fouloir fouloir Nom:Mas+SG
foulon foulon Nom:Mas+SG
foulonnage foulonnage Nom:Mas+SG
foulons foulon Nom:Mas+PL
foulque foulque Nom:Fem+SG
foultitude foultitude Nom:Fem+SG
foulure foulure Nom:Fem+SG
foulures foulure Nom:Fem+PL
fourbe fourbe Nom:InvGen+SG
fourberie fourberie Nom:Fem+SG
fourberies fourberie Nom:Fem+PL
fourbes fourbe Nom:InvGen+PL
fourbi fourbi Nom:Mas+SG
fourbis fourbi Nom:Mas+PL
fourbissage fourbissage Nom:Mas+SG
fourbissages fourbissage Nom:Mas+PL
fourbisseur fourbisseur Nom:Mas+SG
fourbure fourbure Nom:Fem+SG
fourcat fourcat Nom:Mas+SG
fourchée fourchée Nom:Fem+SG
fourchées fourchée Nom:Fem+PL
fourche fourche Nom:Fem+SG
fourches fourche Nom:Fem+PL
fourchetée fourchetée Nom:Fem+SG
fourchet fourchet Nom:Mas+SG
fourchette fourchette Nom:Fem+SG
fourchettes fourchette Nom:Fem+PL
fourchon fourchon Nom:Mas+SG
fourchons fourchon Nom:Mas+PL
four four Nom:Mas+SG
fourgon fourgon Nom:Mas+SG
fourgonnette fourgonnette Nom:Fem+SG
fourgonnettes fourgonnette Nom:Fem+PL
fourgons fourgon Nom:Mas+PL
fourgue fourgue Nom:InvGen+SG
fourgues fourgue Nom:InvGen+PL
fouriérisme fouriérisme Nom:Mas+SG
fouriériste fouriériste Nom:InvGen+SG
fourme fourme Nom:Fem+SG
fourmi fourmi Nom:Fem+SG
fourmilière fourmilière Nom:Fem+SG
fourmilières fourmilière Nom:Fem+PL
fourmilier fourmilier Nom:Mas+SG
fourmiliers fourmilier Nom:Mas+PL
fourmilion fourmilion Nom:Mas+SG
fourmillement fourmillement Nom:Mas+SG
fourmillements fourmillement Nom:Mas+PL
fourmis fourmi Nom:Fem+PL
fourmis-lions fourmi-lion Nom:Mas+PL
fourmi-lion fourmi-lion Nom:Mas+SG
fournaise fournaise Nom:Fem+SG
fournaises fournaise Nom:Fem+PL
fourneau fourneau Nom:Mas+SG
fourneaux fourneau Nom:Mas+PL
fournée fournée Nom:Fem+SG
fournées fournée Nom:Fem+PL
fournière fournier Nom:Fem+SG
fournières fournier Nom:Fem+PL
fournier fournier Nom:Mas+SG
fourniers fournier Nom:Mas+PL
fournil fournil Nom:Mas+SG
fournils fournil Nom:Mas+PL
fourniment fourniment Nom:Mas+SG
fourniments fourniment Nom:Mas+PL
fournisseur fournisseur Nom:Mas+SG
fournisseurs fournisseur Nom:Mas+PL
fourniture fourniture Nom:Fem+SG
fournitures fourniture Nom:Fem+PL
fournitures fournitures Nom:Fem+PL
fourrage fourrage Nom:Mas+SG
fourragère fourragère Nom:Fem+SG
fourragères fourragère Nom:Fem+PL
fourrages fourrage Nom:Mas+PL
fourrageur fourrageur Nom:Mas+SG
fourreau fourreau Nom:Mas+SG
fourreaux fourreau Nom:Mas+PL
fourrée fourrée Nom:Fem+SG
fourrées fourrée Nom:Fem+PL
fourre fourre Nom:Fem+SG
fourré fourré Nom:Mas+SG
fourres fourre Nom:Fem+PL
fourrés fourré Nom:Mas+PL
fourreur fourreur Nom:Mas+SG
fourreurs fourreur Nom:Mas+PL
fourre-tout fourre-tout Nom:Mas+InvPL
fourrière fourrière Nom:Fem+SG
fourrières fourrière Nom:Fem+PL
fourrier fourrier Nom:Mas+SG
fourriers fourrier Nom:Mas+PL
fourrure fourrure Nom:Fem+SG
fourrures fourrure Nom:Fem+PL
fours four Nom:Mas+PL
fourvoiement fourvoiement Nom:Mas+SG
fous fou Nom:Mas+PL
foutaise foutaise Nom:Fem+SG
foutaises foutaise Nom:Fem+PL
fouteau fouteau Nom:Mas+SG
foutisme foutisme Nom:Mas+SG
foutoir foutoir Nom:Mas+SG
foutraque foutraque Nom:InvGen+SG
foutre foutre Nom:Mas+SG
foutres foutre Nom:Mas+PL
foutriquet foutriquet Nom:Mas+SG
foutriquets foutriquet Nom:Mas+PL
fovéa fovéa Nom:Fem+SG
fox fox Nom:Mas+InvPL
fox-terrier fox-terrier Nom:Mas+SG
fox-terriers fox-terrier Nom:Mas+PL
fox-trot fox-trot Nom:Mas+InvPL
foyard foyard Nom:Mas+SG
foyer foyer Nom:Mas+SG
foyers foyer Nom:Mas+PL
foyers foyers Nom:Mas+PL
fracas fracas Nom:Mas+InvPL
fracassement fracassement Nom:Mas+SG
frac frac Nom:Mas+SG
fracs frac Nom:Mas+PL
fractale fractale Nom:Fem+SG
fractales fractale Nom:Fem+PL
fractal fractal Nom:Mas+SG
fraction fraction Nom:Fem+SG
fractionnement fractionnement Nom:Mas+SG
fractionnements fractionnement Nom:Mas+PL
fractions fraction Nom:Fem+PL
fracturation fracturation Nom:Fem+SG
fracturations fracturation Nom:Fem+PL
fracture fracture Nom:Fem+SG
fractures fracture Nom:Fem+PL
fragilisation fragilisation Nom:Fem+SG
fragilisations fragilisation Nom:Fem+PL
fragilité fragilité Nom:Fem+SG
fragmentation fragmentation Nom:Fem+SG
fragmentations fragmentation Nom:Fem+PL
fragment fragment Nom:Mas+SG
fragments fragment Nom:Mas+PL
fraîche fraîche Nom:Fem+SG
fraîcheur fraîcheur Nom:Fem+SG
fraîcheurs fraîcheur Nom:Fem+PL
fraîchin fraîchin Nom:Mas+SG
fraie fraie Nom:Fem+SG
fraies fraie Nom:Fem+PL
frai frai Nom:Mas+SG
frairie frairie Nom:Fem+SG
fraisage fraisage Nom:Mas+SG
fraisages fraisage Nom:Mas+PL
fraise fraise Nom:Fem+SG
fraises fraise Nom:Fem+PL
fraises fraises Nom:Fem+PL
fraiseur fraiseur Nom:Mas+SG
fraiseurs fraiseur Nom:Mas+PL
fraiseuse fraiseur Nom:Fem+SG
fraiseuse fraiseuse Nom:Fem+SG
fraiseuses fraiseur Nom:Fem+PL
fraiseuses fraiseuse Nom:Fem+PL
frais frai Nom:Mas+PL
frais frais Nom:Mas+PL
fraisière fraisière Nom:Fem+SG
fraisier fraisier Nom:Mas+SG
fraisiers fraisier Nom:Mas+PL
fraisil fraisil Nom:Mas+SG
fraisure fraisure Nom:Fem+SG
fraisures fraisure Nom:Fem+PL
framboise framboise Nom:Fem+SG
framboisé framboisé Nom:Mas+SG
framboises framboise Nom:Fem+PL
framboisier framboisier Nom:Mas+SG
framboisiers framboisier Nom:Mas+PL
framée framée Nom:Fem+SG
français français Nom:Mas+PL
français français Nom:Mas+SG
franc franc Nom:Mas+SG
franchisage franchisage Nom:Mas+SG
franchisages franchisage Nom:Mas+PL
franchise franchise Nom:Fem+SG
franchises franchise Nom:Fem+PL
franchissement franchissement Nom:Mas+SG
franchissements franchissement Nom:Mas+PL
francien francien Nom:Mas+SG
francique francique Nom:Mas+SG
francisant francisant Nom:Mas+SG
francisation francisation Nom:Fem+SG
francisations francisation Nom:Fem+PL
franciscaine franciscain Nom:Fem+SG
franciscaines franciscain Nom:Fem+PL
francisque francisque Nom:Fem+SG
francisques francisque Nom:Fem+PL
franciste franciste Nom:InvGen+SG
francité francité Nom:Fem+SG
francités francité Nom:Fem+PL
francium francium Nom:Mas+SG
franciums francium Nom:Mas+PL
francolin francolin Nom:Mas+SG
francophile francophile Nom:InvGen+SG
francophiles francophile Nom:InvGen+PL
francophilie francophilie Nom:Fem+SG
francophobie francophobie Nom:Fem+SG
francophonie francophonie Nom:Fem+SG
francs franc Nom:Mas+PL
francs-alleux franc-alleu Nom:Mas+PL
francs-bords franc-bord Nom:Mas+PL
francs-bourgeois franc-bourgeois Nom:Mas+PL
francs-comtois franc-comtois Nom:Mas+PL
francs-fiefs franc-fiefs Nom:Mas+PL
francs-jeux franc-jeu Nom:Mas+PL
francs-maçons franc-maçon Nom:Mas+PL
francs-quartiers franc-quartier Nom:Mas+PL
francs-tireurs franc-tireur Nom:Mas+PL
franc-alleu franc-alleu Nom:Mas+SG
franc-bord franc-bord Nom:Mas+SG
franc-bourgeois franc-bourgeois Nom:Mas+SG
franc-comtoise franc-comtois Nom:Fem+SG
franc-comtois franc-comtois Nom:Mas+SG
franc-jeu franc-jeu Nom:Mas+SG
franc-maçon franc-maçon Nom:Mas+SG
franc-maçonnerie franc-maçonnerie Nom:Fem+SG
franc-maçonneries franc-maçonnerie Nom:Fem+PL
franc-parler franc-parler Nom:Mas+SG
franc-quartier franc-quartier Nom:Mas+SG
franc-tireur franc-tireur Nom:Mas+SG
frange frange Nom:Fem+SG
franges frange Nom:Fem+PL
frangine frangin Nom:Fem+SG
frangines frangin Nom:Fem+PL
frangin frangin Nom:Mas+SG
frangipane frangipane Nom:Fem+SG
frangipanier frangipanier Nom:Mas+SG
franglais franglais Nom:Mas+SG
franque franc Nom:Fem+SG
franques franc Nom:Fem+PL
franquette franquette Nom:Fem+SG
franquisme franquisme Nom:Mas+SG
frape frape Nom:Fem+SG
frappages frappage Nom:Mas+PL
frappée frappé Nom:Fem+SG
frappées frappé Nom:Fem+PL
frappe frappe Nom:Fem+SG
frappé frappé Nom:Mas+SG
frappes frappe Nom:Fem+PL
frappés frappé Nom:Mas+PL
frappeur frappeur Nom:Mas+SG
frappeurs frappeur Nom:Mas+PL
frasil frasil Nom:Mas+SG
frasque frasque Nom:Fem+SG
frasques frasque Nom:Fem+PL
frater frater Nom:Mas+SG
fraternisation fraternisation Nom:Fem+SG
fraternisations fraternisation Nom:Fem+PL
fraternité fraternité Nom:Fem+SG
fraternités fraternité Nom:Fem+PL
fratricide fratricide Nom:Mas+SG
fratricides fratricide Nom:Mas+PL
fratrie fratrie Nom:Fem+SG
fraude fraude Nom:Fem+SG
fraudes fraude Nom:Fem+PL
fraudeur fraudeur Nom:Mas+SG
fraudeurs fraudeur Nom:Mas+PL
fraudeuse fraudeur Nom:Fem+SG
fraudeuses fraudeur Nom:Fem+PL
fraxinelle fraxinelle Nom:Fem+SG
frayage frayage Nom:Mas+SG
frayages frayage Nom:Mas+PL
frayée frayée Nom:Fem+SG
frayées frayée Nom:Fem+PL
frayé frayé Nom:Mas+SG
frayement frayement Nom:Mas+SG
frayère frayère Nom:Fem+SG
frayés frayé Nom:Mas+PL
frayeur frayeur Nom:Fem+SG
frayoir frayoir Nom:Mas+SG
frayure frayure Nom:Fem+SG
fredaine fredaine Nom:Fem+SG
fredaines fredaine Nom:Fem+PL
fredonnement fredonnement Nom:Mas+SG
fredonnements fredonnement Nom:Mas+PL
freelance freelance Nom:InvGen+SG
freesia freesia Nom:Mas+SG
freezer freezer Nom:Mas+SG
freezers freezer Nom:Mas+PL
free-jazz free-jazz Nom:Mas+InvPL
free-lance free-lance Nom:InvGen+InvPL
frégatage frégatage Nom:Mas+SG
frégate frégate Nom:Fem+SG
frégates frégate Nom:Fem+PL
frégaton frégaton Nom:Mas+SG
frégatons frégaton Nom:Mas+PL
freinage freinage Nom:Mas+SG
freinages freinage Nom:Mas+PL
freineur freineur Nom:Mas+SG
frein frein Nom:Mas+SG
freins frein Nom:Mas+PL
freinte freinte Nom:Fem+SG
frelatage frelatage Nom:Mas+SG
frelatages frelatage Nom:Mas+PL
frelon frelon Nom:Mas+SG
frelons frelon Nom:Mas+PL
freluche freluche Nom:Fem+SG
freluquet freluquet Nom:Mas+SG
freluquets freluquet Nom:Mas+PL
frémissement frémissement Nom:Mas+SG
frémissements frémissement Nom:Mas+PL
frênaie frênaie Nom:Fem+SG
frêne frêne Nom:Mas+SG
frênes frêne Nom:Mas+PL
frénésie frénésie Nom:Fem+SG
frénésies frénésie Nom:Fem+PL
fréon fréon Nom:Mas+SG
fréons fréon Nom:Mas+PL
fréquence fréquence Nom:Fem+SG
fréquencemètre fréquencemètre Nom:Mas+SG
fréquences fréquence Nom:Fem+PL
fréquentatif fréquentatif Nom:Mas+SG
fréquentation fréquentation Nom:Fem+SG
fréquentations fréquentation Nom:Fem+PL
frères frère Nom:Mas+PL
frérot frérot Nom:Mas+SG
fresque fresque Nom:Fem+SG
fresques fresque Nom:Fem+PL
fresquiste fresquiste Nom:InvGen+SG
fressure fressure Nom:Fem+SG
fréteur fréteur Nom:Mas+SG
fret fret Nom:Mas+SG
frétillement frétillement Nom:Mas+SG
frétillements frétillement Nom:Mas+PL
fretin fretin Nom:Mas+SG
fretins fretin Nom:Mas+PL
frets fret Nom:Mas+PL
frettage frettage Nom:Mas+SG
frettages frettage Nom:Mas+PL
fretté fretté Nom:Mas+SG
freudien freudien Nom:Mas+SG
freudienne freudien Nom:Fem+SG
freudiennes freudien Nom:Fem+PL
freudisme freudisme Nom:Mas+SG
freux freux Nom:Mas+InvPL
friabilité friabilité Nom:Fem+SG
friande friand Nom:Fem+SG
friandes friand Nom:Fem+PL
friandise friandise Nom:Fem+SG
friandises friandise Nom:Fem+PL
fricandeau fricandeau Nom:Mas+SG
fricandeaux fricandeau Nom:Mas+PL
fricassée fricassée Nom:Fem+SG
fricassées fricassée Nom:Fem+PL
fricassé fricassé Nom:Mas+SG
fricative fricative Nom:Fem+SG
fricatives fricative Nom:Fem+PL
fric fric Nom:Mas+SG
friche friche Nom:Fem+SG
friches friche Nom:Fem+PL
frichti frichti Nom:Mas+SG
fricotage fricotage Nom:Mas+SG
fricotages fricotage Nom:Mas+PL
fricoteuse fricoteur Nom:Fem+SG
fricot fricot Nom:Mas+SG
frics fric Nom:Mas+PL
friction friction Nom:Fem+SG
frictions friction Nom:Fem+PL
fric-frac fric-frac Nom:Mas+InvPL
fric-frac fric-frac Nom:Mas+SG
fridolin fridolin Nom:Mas+SG
frigidaire frigidaire Nom:Mas+SG
frigidarium frigidarium Nom:Mas+SG
frigide frigide Nom:Fem+SG
frigides frigide Nom:Fem+PL
frigidité frigidité Nom:Fem+SG
frigo frigo Nom:Mas+SG
frigorie frigorie Nom:Fem+SG
frigos frigo Nom:Mas+PL
frimas frimas Nom:Mas+InvPL
frime frime Nom:Fem+SG
frimes frime Nom:Fem+PL
frimeur frimeur Nom:Mas+SG
frimousse frimousse Nom:Fem+SG
fringale fringale Nom:Fem+SG
fringales fringale Nom:Fem+PL
fringillidé fringillidé Nom:Mas+SG
fringillidés fringillidé Nom:Mas+PL
fringue fringue Nom:Fem+SG
fringues fringue Nom:Fem+PL
fripe fripe Nom:Fem+SG
friperie friperie Nom:Fem+SG
friperies friperie Nom:Fem+PL
fripes fripe Nom:Fem+PL
fripière fripier Nom:Fem+SG
fripières fripier Nom:Fem+PL
fripier fripier Nom:Mas+SG
fripiers fripier Nom:Mas+PL
fripon fripon Nom:Mas+SG
friponne fripon Nom:Fem+SG
friponnerie friponnerie Nom:Fem+SG
friponneries friponnerie Nom:Fem+PL
friponnes fripon Nom:Fem+PL
fripons fripon Nom:Mas+PL
fripouille fripouille Nom:Fem+SG
fripouillerie fripouillerie Nom:Fem+SG
fripouilles fripouille Nom:Fem+PL
friquet friquet Nom:Mas+SG
frisage frisage Nom:Mas+SG
frisages frisage Nom:Mas+PL
frisbee frisbee Nom:Mas+SG
frisée frisée Nom:Fem+SG
frisée frisé Nom:Fem+SG
frisées frisée Nom:Fem+PL
frisées frisé Nom:Fem+PL
frise frise Nom:Fem+SG
frisé frisé Nom:Mas+SG
friselis friselis Nom:Mas+InvPL
frises frise Nom:Fem+PL
frisés frisé Nom:Mas+PL
frisette frisette Nom:Fem+SG
frisettes frisette Nom:Fem+PL
frisolée frisolée Nom:Fem+SG
frisonne frisonne Nom:Fem+SG
frisonne frison Nom:Fem+SG
frisonnes frisonne Nom:Fem+PL
frisonnes frison Nom:Fem+PL
frisottis frisottis Nom:Mas+InvPL
frisquet frisquet Nom:Mas+SG
frisquette frisquette Nom:Fem+SG
frisquettes frisquette Nom:Fem+PL
frisson frisson Nom:Mas+SG
frissonnement frissonnement Nom:Mas+SG
frissonnements frissonnement Nom:Mas+PL
frissons frisson Nom:Mas+PL
frisure frisure Nom:Fem+SG
frisures frisure Nom:Fem+PL
frite frite Nom:Fem+SG
friterie friterie Nom:Fem+SG
friteries friterie Nom:Fem+PL
frites frite Nom:Fem+PL
friteuse friteur Nom:Fem+SG
friteuse friteuse Nom:Fem+SG
friteuses friteur Nom:Fem+PL
friteuses friteuse Nom:Fem+PL
fritillaire fritillaire Nom:Fem+SG
friton friton Nom:Mas+SG
frittage frittage Nom:Mas+SG
frittages frittage Nom:Mas+PL
fritte fritte Nom:Fem+SG
frittes fritte Nom:Fem+PL
frittons frittons Nom:Mas+PL
friture friture Nom:Fem+SG
fritures friture Nom:Fem+PL
fritz fritz Nom:Mas+InvPL
frivolité frivolité Nom:Fem+SG
frivolités frivolité Nom:Fem+PL
frivolités frivolités Nom:Fem+PL
frocard frocard Nom:Mas+SG
froc froc Nom:Mas+SG
froideur froideur Nom:Fem+SG
froideurs froideur Nom:Fem+PL
froid froid Nom:Mas+SG
froids froid Nom:Mas+PL
froids froids Nom:Mas+PL
froidure froidure Nom:Fem+SG
froidures froidure Nom:Fem+PL
froissabilité froissabilité Nom:Fem+SG
froissement froissement Nom:Mas+SG
froissements froissement Nom:Mas+PL
froissure froissure Nom:Fem+SG
frôlement frôlement Nom:Mas+SG
frôlements frôlement Nom:Mas+PL
frôleuse frôleur Nom:Fem+SG
fromage fromage Nom:Mas+SG
fromagère fromager Nom:Fem+SG
fromagères fromager Nom:Fem+PL
fromager fromager Nom:Mas+SG
fromagerie fromagerie Nom:Fem+SG
fromageries fromagerie Nom:Fem+PL
fromagers fromager Nom:Mas+PL
fromages fromage Nom:Mas+PL
froment froment Nom:Mas+SG
froments froment Nom:Mas+PL
fronce fronce Nom:Fem+SG
froncé froncé Nom:Mas+SG
froncement froncement Nom:Mas+SG
froncements froncement Nom:Mas+PL
fronces fronce Nom:Fem+PL
froncés froncé Nom:Mas+PL
froncis froncis Nom:Mas+InvPL
frondaison frondaison Nom:Fem+SG
frondaisons frondaison Nom:Fem+PL
fronde fronde Nom:Fem+SG
frondes fronde Nom:Fem+PL
frondeur frondeur Nom:Mas+SG
frondeurs frondeur Nom:Mas+PL
frondeuse frondeur Nom:Fem+SG
frondeuses frondeur Nom:Fem+PL
frontail frontail Nom:Mas+SG
frontale frontale Nom:Fem+SG
frontales frontale Nom:Fem+PL
frontalière frontalier Nom:Fem+SG
frontalières frontalier Nom:Fem+PL
frontalité frontalité Nom:Fem+SG
frontaux frontail Nom:Mas+PL
frontaux frontal Nom:Mas+PL
fronteau fronteau Nom:Mas+SG
fronteaux fronteau Nom:Mas+PL
front front Nom:Mas+SG
frontière frontière Nom:Fem+SG
frontières frontière Nom:Fem+PL
frontignan frontignan Nom:Mas+SG
frontispice frontispice Nom:Mas+SG
frontispices frontispice Nom:Mas+PL
fronton fronton Nom:Mas+SG
frontons fronton Nom:Mas+PL
fronts front Nom:Mas+PL
frottage frottage Nom:Mas+SG
frottages frottage Nom:Mas+PL
frottée frottée Nom:Fem+SG
frottées frottée Nom:Fem+PL
frotte frotte Nom:Fem+SG
frottement frottement Nom:Mas+SG
frottements frottement Nom:Mas+PL
frottements frottements Nom:Mas+PL
frottes frotte Nom:Fem+PL
frotteur frotteur Nom:Mas+SG
frotteurs frotteur Nom:Mas+PL
frotteuse frotteur Nom:Fem+SG
frottis frottis Nom:Mas+InvPL
frottoir frottoir Nom:Mas+SG
frottoirs frottoir Nom:Mas+PL
froufrou froufrou Nom:Mas+SG
frou frou Nom:Mas+SG
froufrous froufrou Nom:Mas+PL
froufroutement froufroutement Nom:Mas+SG
frous frou Nom:Mas+PL
froussarde froussard Nom:Fem+SG
froussardes froussard Nom:Fem+PL
froussard froussard Nom:Mas+SG
froussards froussard Nom:Mas+PL
frousse frousse Nom:Fem+SG
frousses frousse Nom:Fem+PL
frous-frous frou-frou Nom:Mas+PL
frou-frou frou-frou Nom:Mas+SG
fructidor fructidor Nom:Mas+SG
fructification fructification Nom:Fem+SG
fructose fructose Nom:Mas+SG
frugalité frugalité Nom:Fem+SG
frugivore frugivore Nom:InvGen+SG
fruiterie fruiterie Nom:Fem+SG
fruiteries fruiterie Nom:Fem+PL
fruit fruit Nom:Mas+SG
fruiticulteur fruiticulteur Nom:Mas+SG
fruitière fruitière Nom:Fem+SG
fruitière fruitier Nom:Fem+SG
fruitières fruitière Nom:Fem+PL
fruitières fruitier Nom:Fem+PL
fruitier fruitier Nom:Mas+SG
fruitiers fruitier Nom:Mas+PL
fruits fruit Nom:Mas+PL
frumentaire frumentaire Nom:Fem+SG
frumentaire frumentaire Nom:Mas+SG
frusques frusque Nom:Fem+PL
frusques frusques Nom:Fem+PL
frusquin frusquin Nom:Mas+InvPL
frustration frustration Nom:Fem+SG
frustrations frustration Nom:Fem+PL
frustrée frustré Nom:Fem+SG
frustrées frustré Nom:Fem+PL
frustré frustré Nom:Mas+SG
frustrés frustré Nom:Mas+PL
fucacées fucacée Nom:Fem+PL
fuchsia fuchsia Nom:Mas+SG
fuchsias fuchsia Nom:Mas+PL
fuchsine fuchsine Nom:Fem+SG
fucus fucus Nom:Mas+InvPL
fuégienne fuégien Nom:Fem+SG
fuégiennes fuégien Nom:Fem+PL
fuel fuel Nom:Mas+SG
fuels fuel Nom:Mas+PL
fugacité fugacité Nom:Fem+SG
fugitive fugitif Nom:Fem+SG
fugitives fugitif Nom:Fem+PL
fugue fugue Nom:Fem+SG
fugues fugue Nom:Fem+PL
fugueur fugueur Nom:Mas+SG
fugueurs fugueur Nom:Mas+PL
fugueuse fugueur Nom:Fem+SG
fugueuses fugueur Nom:Fem+PL
führer führer Nom:Mas+SG
fuie fuie Nom:Fem+SG
fuies fuie Nom:Fem+PL
fuite fuite Nom:Fem+SG
fuites fuite Nom:Fem+PL
fulgurance fulgurance Nom:Fem+SG
fulguration fulguration Nom:Fem+SG
fulgurations fulguration Nom:Fem+PL
full full Nom:Mas+SG
fulls full Nom:Mas+PL
fulminate fulminate Nom:Mas+SG
fulmination fulmination Nom:Fem+SG
fulminations fulmination Nom:Fem+PL
fumage fumage Nom:Mas+SG
fumages fumage Nom:Mas+PL
fumagine fumagine Nom:Fem+SG
fumaison fumaison Nom:Fem+SG
fumariacées fumariacée Nom:Fem+PL
fumée fumée Nom:Fem+SG
fumées fumée Nom:Fem+PL
fumées fumées Nom:Fem+PL
fumé fumé Nom:Mas+SG
fumerie fumerie Nom:Fem+SG
fumeries fumerie Nom:Fem+PL
fumerolle fumerolle Nom:Fem+SG
fumerolles fumerolle Nom:Fem+PL
fumeron fumeron Nom:Mas+SG
fumerons fumeron Nom:Mas+PL
fumés fumé Nom:Mas+PL
fumeterre fumeterre Nom:Fem+SG
fumet fumet Nom:Mas+SG
fumets fumet Nom:Mas+PL
fumeur fumeur Nom:Mas+SG
fumeurs fumeur Nom:Mas+PL
fumeuse fumeur Nom:Fem+SG
fumeuse fumeuse Nom:Fem+SG
fumeuses fumeur Nom:Fem+PL
fumeuses fumeuse Nom:Fem+PL
fume-cigare fume-cigare Nom:Mas+InvPL
fume-cigarette fume-cigarette Nom:Mas+InvPL
fumier fumier Nom:Mas+SG
fumiers fumier Nom:Mas+PL
fumigateur fumigateur Nom:Mas+SG
fumigation fumigation Nom:Fem+SG
fumigations fumigation Nom:Fem+PL
fumigatoire fumigatoire Nom:Mas+SG
fumigènes fumigène Nom:Mas+PL
fumiste fumiste Nom:InvGen+SG
fumisterie fumisterie Nom:Fem+SG
fumisteries fumisterie Nom:Fem+PL
fumistes fumiste Nom:InvGen+PL
fumoir fumoir Nom:Mas+SG
fumoirs fumoir Nom:Mas+PL
fumure fumure Nom:Fem+SG
fumures fumure Nom:Fem+PL
funambule funambule Nom:InvGen+SG
funambules funambule Nom:InvGen+PL
funérailles funérailles Nom:Fem+PL
funérarium funérarium Nom:Mas+SG
funicule funicule Nom:Mas+SG
funicules funicule Nom:Mas+PL
funin funin Nom:Mas+SG
furetage furetage Nom:Mas+SG
furetages furetage Nom:Mas+PL
furetée furetée Nom:Fem+SG
furetées furetée Nom:Fem+PL
fureteuse fureteur Nom:Fem+SG
fureteuses fureteur Nom:Fem+PL
furet furet Nom:Mas+SG
furets furet Nom:Mas+PL
fureur fureur Nom:Fem+SG
fureurs fureur Nom:Fem+PL
furfural furfural Nom:Mas+SG
fur fur Nom:Mas+SG
furia furia Nom:Fem+SG
furie furie Nom:Fem+SG
furies furie Nom:Fem+PL
furieuse furieux Nom:Fem+SG
furieuses furieux Nom:Fem+PL
furieux furieux Nom:Mas+InvPL
furole furole Nom:Fem+SG
furoncle furoncle Nom:Mas+SG
furoncles furoncle Nom:Mas+PL
furonculose furonculose Nom:Fem+SG
furosémide furosémide Nom:Mas+SG
fusain fusain Nom:Mas+SG
fusainiste fusainiste Nom:InvGen+SG
fusains fusain Nom:Mas+PL
fusant fusant Nom:Mas+SG
fusariose fusariose Nom:Fem+SG
fuscine fuscine Nom:Fem+SG
fuseau fuseau Nom:Mas+SG
fuseaux fuseau Nom:Mas+PL
fuseaux fuseaux Nom:Mas+PL
fusée fusée Nom:Fem+SG
fusées fusée Nom:Fem+PL
fusées fusées Nom:Fem+PL
fuselage fuselage Nom:Mas+SG
fuselages fuselage Nom:Mas+PL
fuselé fuselé Nom:Mas+SG
fuselés fuselé Nom:Mas+PL
fusel fusel Nom:Mas+SG
fusette fusette Nom:Fem+SG
fusibilité fusibilité Nom:Fem+SG
fusible fusible Nom:Mas+SG
fusibles fusible Nom:Mas+PL
fusil fusil Nom:Mas+SG
fusilier fusilier Nom:Mas+SG
fusiliers fusilier Nom:Mas+PL
fusillade fusillade Nom:Fem+SG
fusillades fusillade Nom:Fem+PL
fusilleur fusilleur Nom:Mas+SG
fusils fusil Nom:Mas+PL
fusils-mitrailleurs fusil-mitrailleur Nom:Mas+PL
fusil-mitrailleur fusil-mitrailleur Nom:Mas+SG
fusiniste fusiniste Nom:InvGen+SG
fusion fusion Nom:Fem+SG
fusionnement fusionnement Nom:Mas+SG
fusionnements fusionnement Nom:Mas+PL
fusions fusion Nom:Fem+PL
fustanelle fustanelle Nom:Fem+SG
fustigation fustigation Nom:Fem+SG
fustigations fustigation Nom:Fem+PL
fustigions fût Nom:Mas+SG
futaie futaie Nom:Fem+SG
futaies futaie Nom:Fem+PL
futaille futaille Nom:Fem+SG
futailles futaille Nom:Fem+PL
futaine futaine Nom:Fem+SG
futée futée Nom:Fem+SG
futée futé Nom:Fem+SG
futées futée Nom:Fem+PL
futées futé Nom:Fem+PL
futé futé Nom:Mas+SG
futés futé Nom:Mas+PL
futilité futilité Nom:Fem+SG
futilités futilité Nom:Fem+PL
fûts fût Nom:Mas+PL
future futur Nom:Fem+SG
futures futur Nom:Fem+PL
futurible futurible Nom:Mas+SG
futurisme futurisme Nom:Mas+SG
futuriste futuriste Nom:InvGen+SG
futuristes futuriste Nom:InvGen+PL
futurologie futurologie Nom:Fem+SG
futurologue futurologue Nom:InvGen+SG
futurologues futurologue Nom:InvGen+PL
fuyante fuyante Nom:Fem+SG
fuyantes fuyante Nom:Fem+PL
fuyant fuyant Nom:Mas+SG
