gabardine gabardine Nom:Fem+SG
gabardines gabardine Nom:Fem+PL
gabare gabare Nom:Fem+SG
gabariage gabariage Nom:Mas+SG
gabarier gabarier Nom:Mas+SG
gabarit gabarit Nom:Mas+SG
gabarits gabarit Nom:Mas+PL
gabarre gabarre Nom:Fem+SG
gabarrier gabarrier Nom:Mas+SG
gabbro gabbro Nom:Mas+SG
gabegie gabegie Nom:Fem+SG
gabelle gabelle Nom:Fem+SG
gabelou gabelou Nom:Mas+SG
gabie gabie Nom:Fem+SG
gabier gabier Nom:Mas+SG
gabiers gabier Nom:Mas+PL
gabion gabion Nom:Mas+SG
gabionnage gabionnage Nom:Mas+SG
gâble gâble Nom:Mas+SG
gabonais gabonais Nom:Mas+InvPL
gâchage gâchage Nom:Mas+SG
gâchages gâchage Nom:Mas+PL
gâchée gâchée Nom:Fem+SG
gâchées gâchée Nom:Fem+PL
gâche gâche Nom:Fem+SG
gâches gâche Nom:Fem+PL
gâchette gâchette Nom:Fem+SG
gâchettes gâchette Nom:Fem+PL
gâcheur gâcheur Nom:Mas+SG
gâcheurs gâcheur Nom:Mas+PL
gâcheuse gâcheur Nom:Fem+SG
gâcheuses gâcheur Nom:Fem+PL
gâchis gâchis Nom:Mas+InvPL
gade gade Nom:Mas+SG
gadget gadget Nom:Mas+SG
gadgets gadget Nom:Mas+PL
gadidé gadidé Nom:Mas+SG
gadidés gadidé Nom:Mas+PL
gadin gadin Nom:Mas+SG
gadolinium gadolinium Nom:Mas+SG
gadoue gadoue Nom:Fem+SG
gadouille gadouille Nom:Fem+SG
gaffe gaffe Nom:Fem+SG
gaffes gaffe Nom:Fem+PL
gaffeur gaffeur Nom:Mas+SG
gaffeurs gaffeur Nom:Mas+PL
gaffeuse gaffeur Nom:Fem+SG
gaffeuses gaffeur Nom:Fem+PL
gaga gaga Nom:InvGen+SG
gagaku gagaku Nom:Mas+InvPL
gagas gaga Nom:InvGen+PL
gage gage Nom:Mas+SG
gagerie gagerie Nom:Fem+SG
gageries gagerie Nom:Fem+PL
gages gage Nom:Mas+PL
gages gages Nom:Mas+PL
gageure gageure Nom:Fem+SG
gageures gageure Nom:Fem+PL
gageur gageur Nom:Mas+SG
gageuse gageur Nom:Fem+SG
gag gag Nom:Mas+SG
gagiste gagiste Nom:InvGen+SG
gagman gagman Nom:Mas+SG
gagmen gagman Nom:Mas+PL
gagnage gagnage Nom:Mas+SG
gagnages gagnage Nom:Mas+PL
gagnante gagnant Nom:Fem+SG
gagnantes gagnant Nom:Fem+PL
gagnant gagnant Nom:Mas+SG
gagnants gagnant Nom:Mas+PL
gagneur gagneur Nom:Mas+SG
gagneuse gagneur Nom:Fem+SG
gagneuse gagneuse Nom:Fem+SG
gagneuses gagneur Nom:Fem+PL
gagneuses gagneuse Nom:Fem+PL
gagne-pain gagne-pain Nom:Mas+InvPL
gagne-petit gagne-petit Nom:Mas+InvPL
gags gag Nom:Mas+PL
gaïac gaïac Nom:Mas+SG
gaïacol gaïacol Nom:Mas+SG
gaieté gaieté Nom:Fem+SG
gaietés gaieté Nom:Fem+PL
gaietés gaietés Nom:Fem+PL
gaillarde gaillarde Nom:Fem+SG
gaillarde gaillard Nom:Fem+SG
gaillardes gaillarde Nom:Fem+PL
gaillardes gaillard Nom:Fem+PL
gaillardie gaillardie Nom:Fem+SG
gaillardise gaillardise Nom:Fem+SG
gaillardises gaillardise Nom:Fem+PL
gailleterie gailleterie Nom:Fem+SG
gaillet gaillet Nom:Mas+SG
gailletin gailletin Nom:Mas+SG
gainage gainage Nom:Mas+SG
gainages gainage Nom:Mas+PL
gaine gaine Nom:Fem+SG
gainerie gainerie Nom:Fem+SG
gaines gaine Nom:Fem+PL
gain gain Nom:Mas+SG
gainière gainier Nom:Fem+SG
gainières gainier Nom:Fem+PL
gainier gainier Nom:Mas+SG
gainiers gainier Nom:Mas+PL
gains gain Nom:Mas+PL
gains gains Nom:Mas+PL
gaîté gaîté Nom:Fem+SG
gaîtés gaîté Nom:Fem+PL
gaize gaize Nom:Fem+SG
galactagogue galactagogue Nom:Mas+SG
galactomètre galactomètre Nom:Mas+SG
galactose galactose Nom:Mas+SG
gala gala Nom:Mas+SG
galago galago Nom:Mas+SG
galalithe galalithe Nom:Fem+SG
galandage galandage Nom:Mas+SG
galante galant Nom:Fem+SG
galanterie galanterie Nom:Fem+SG
galanteries galanterie Nom:Fem+PL
galantes galant Nom:Fem+PL
galant galant Nom:Mas+SG
galantine galantine Nom:Fem+SG
galantines galantine Nom:Fem+PL
galantin galantin Nom:Mas+SG
galants galant Nom:Mas+PL
galapiat galapiat Nom:Mas+SG
galapiats galapiat Nom:Mas+PL
galas gala Nom:Mas+PL
galate galate Nom:InvGen+SG
galaxie galaxie Nom:Fem+SG
galaxies galaxie Nom:Fem+PL
galbanum galbanum Nom:Mas+SG
galbe galbe Nom:Mas+SG
galbes galbe Nom:Mas+PL
galéace galéace Nom:Fem+SG
galéasse galéasse Nom:Fem+SG
gale gale Nom:Fem+SG
galéjade galéjade Nom:Fem+SG
galéjades galéjade Nom:Fem+PL
galène galène Nom:Fem+SG
galénisme galénisme Nom:Mas+SG
galéopithèque galéopithèque Nom:Mas+SG
galère galère Nom:Fem+SG
galères galère Nom:Fem+PL
galères galères Nom:Fem+PL
galerie galerie Nom:Fem+SG
galérien galérien Nom:Mas+SG
galériens galérien Nom:Mas+PL
galeries galerie Nom:Fem+PL
galeries galeries Nom:Fem+PL
galerne galerne Nom:Fem+SG
galéruque galéruque Nom:Fem+SG
gales gale Nom:Fem+PL
galetage galetage Nom:Mas+SG
galetas galetas Nom:Mas+InvPL
galet galet Nom:Mas+SG
galets galet Nom:Mas+PL
galette galette Nom:Fem+SG
galettes galette Nom:Fem+PL
galeuse galeux Nom:Fem+SG
galeuses galeux Nom:Fem+PL
galeux galeux Nom:Mas+InvPL
galgal galgal Nom:Mas+SG
gal gal Nom:Mas+SG
galgals galgal Nom:Mas+PL
galhauban galhauban Nom:Mas+SG
galibot galibot Nom:Mas+SG
galicien galicien Nom:Mas+SG
galicienne galicien Nom:Fem+SG
galiciennes galicien Nom:Fem+PL
galidie galidie Nom:Fem+SG
galilée galilée Nom:Mas+SG
galiléens galiléen Nom:Mas+PL
galimafrée galimafrée Nom:Fem+SG
galimatias galimatias Nom:Mas+InvPL
galion galion Nom:Mas+SG
galions galion Nom:Mas+PL
galiote galiote Nom:Fem+SG
galipette galipette Nom:Fem+SG
galipot galipot Nom:Mas+SG
gallec gallec Nom:Mas+SG
galle galle Nom:Fem+SG
galle galle Nom:Mas+SG
gallérie gallérie Nom:Fem+SG
galles galle Nom:Fem+PL
galles galle Nom:Mas+PL
gallicane gallican Nom:Fem+SG
gallicanes gallican Nom:Fem+PL
gallicanisme gallicanisme Nom:Mas+SG
gallicisme gallicisme Nom:Mas+SG
gallicismes gallicisme Nom:Mas+PL
gallicole gallicole Nom:Mas+SG
galliforme galliforme Nom:Mas+SG
gallinacé gallinacé Nom:Mas+SG
gallinacés gallinacé Nom:Mas+PL
gallium gallium Nom:Mas+SG
gallo gallo Nom:InvGen+SG
gallo gallo Nom:Mas+SG
galloise gallois Nom:Fem+SG
galloises gallois Nom:Fem+PL
gallois gallois Nom:Mas+InvPL
gallois gallois Nom:Mas+SG
gallomanie gallomanie Nom:Fem+SG
gallon gallon Nom:Mas+SG
gallons gallon Nom:Mas+PL
gallup gallup Nom:Mas+SG
galoche galoche Nom:Fem+SG
galoches galoche Nom:Fem+PL
galon galon Nom:Mas+SG
galonné galonné Nom:Mas+SG
galonnés galonné Nom:Mas+PL
galons galon Nom:Mas+PL
galopade galopade Nom:Fem+SG
galopades galopade Nom:Fem+PL
galope galope Nom:Fem+SG
galopes galope Nom:Fem+PL
galop galop Nom:Mas+SG
galopin galopin Nom:Mas+SG
galopins galopin Nom:Mas+PL
galops galop Nom:Mas+PL
galoubet galoubet Nom:Mas+SG
gals gal Nom:Mas+PL
galuchat galuchat Nom:Mas+SG
galure galure Nom:Mas+SG
galurin galurin Nom:Mas+SG
galvanisation galvanisation Nom:Fem+SG
galvanisations galvanisation Nom:Fem+PL
galvaniseur galvaniseur Nom:Mas+SG
galvanisme galvanisme Nom:Mas+SG
galvanocautère galvanocautère Nom:Mas+SG
galvano galvano Nom:Mas+SG
galvanomètre galvanomètre Nom:Mas+SG
galvanoplastie galvanoplastie Nom:Fem+SG
galvanoscope galvanoscope Nom:Mas+SG
galvanotaxie galvanotaxie Nom:Fem+SG
galvanotropisme galvanotropisme Nom:Mas+SG
galvanotype galvanotype Nom:Mas+SG
galvanotypie galvanotypie Nom:Fem+SG
galvaudage galvaudage Nom:Mas+SG
galvaudages galvaudage Nom:Mas+PL
galvaudeuse galvaudeux Nom:Fem+SG
galvaudeux galvaudeux Nom:Mas+InvPL
gambade gambade Nom:Fem+SG
gambades gambade Nom:Fem+PL
gambas gambas Nom:Fem+PL
gambe gambe Nom:Fem+SG
gambes gambe Nom:Fem+PL
gambette gambette Nom:Fem+SG
gambette gambette Nom:Mas+SG
gambier gambier Nom:Mas+SG
gambille gambille Nom:Fem+SG
gambilles gambille Nom:Fem+PL
gambit gambit Nom:Mas+SG
gamelan gamelan Nom:Mas+SG
gamelle gamelle Nom:Fem+SG
gamelles gamelle Nom:Fem+PL
gamète gamète Nom:Mas+SG
gamètes gamète Nom:Mas+PL
gamet gamet Nom:Mas+SG
gamétophyte gamétophyte Nom:Mas+SG
gamets gamet Nom:Mas+PL
gamine gamin Nom:Fem+SG
gaminerie gaminerie Nom:Fem+SG
gamineries gaminerie Nom:Fem+PL
gamines gamin Nom:Fem+PL
gamin gamin Nom:Mas+SG
gamins gamin Nom:Mas+PL
gamma gamma Nom:Mas+InvPL
gammare gammare Nom:Mas+SG
gamme gamme Nom:Fem+SG
gammes gamme Nom:Fem+PL
gamopétale gamopétale Nom:Fem+SG
ganacherie ganacherie Nom:Fem+SG
ganaches ganache Nom:Fem+PL
ganaderia ganaderia Nom:Fem+SG
ganadero ganadero Nom:Mas+SG
gandin gandin Nom:Mas+SG
gandins gandin Nom:Mas+PL
gandoura gandoura Nom:Fem+SG
gandouras gandoura Nom:Fem+PL
ganga ganga Nom:Mas+SG
gang gang Nom:Mas+SG
ganglion ganglion Nom:Mas+SG
ganglions ganglion Nom:Mas+PL
ganglioplégique ganglioplégique Nom:Mas+SG
gangrène gangrène Nom:Fem+SG
gangs gang Nom:Mas+PL
gangster gangster Nom:Mas+SG
gangstérisme gangstérisme Nom:Mas+SG
gangsters gangster Nom:Mas+PL
gangue gangue Nom:Fem+SG
gangues gangue Nom:Fem+PL
gangui gangui Nom:Mas+SG
ganoïdes ganoïde Nom:Mas+PL
ganse ganse Nom:Fem+SG
ganses ganse Nom:Fem+PL
gansette gansette Nom:Fem+SG
gantelée gantelée Nom:Fem+SG
gantelet gantelet Nom:Mas+SG
ganteline ganteline Nom:Fem+SG
ganterie ganterie Nom:Fem+SG
ganteries ganterie Nom:Fem+PL
gant gant Nom:Mas+SG
gantière gantière Nom:Fem+SG
gantière gantier Nom:Fem+SG
gantières gantière Nom:Fem+PL
gantières gantier Nom:Fem+PL
gantier gantier Nom:Mas+SG
gantiers gantier Nom:Mas+PL
gantoise gantois Nom:Fem+SG
gantois gantois Nom:Mas+InvPL
gants gant Nom:Mas+PL
gants gants Nom:Mas+PL
gaperon gaperon Nom:Mas+SG
gap gap Nom:Mas+SG
garage garage Nom:Mas+SG
garages garage Nom:Mas+PL
garagiste garagiste Nom:InvGen+SG
garagistes garagiste Nom:InvGen+PL
garance garance Nom:Fem+SG
garance garance Nom:Mas+SG
garancerie garancerie Nom:Fem+SG
garances garance Nom:Fem+PL
garances garance Nom:Mas+PL
garanceur garanceur Nom:Mas+SG
garancière garancière Nom:Fem+SG
garantes garant Nom:Fem+PL
garant garant Nom:Mas+SG
garantie garantie Nom:Fem+SG
garanties garantie Nom:Fem+PL
garanti garanti Nom:Mas+SG
garantis garanti Nom:Mas+PL
garas garas Nom:Mas+InvPL
garbure garbure Nom:Fem+SG
garce garce Nom:Fem+SG
garces garce Nom:Fem+PL
garcette garcette Nom:Fem+SG
garçon garçon Nom:Mas+SG
garçonne garçonne Nom:Fem+SG
garçonnes garçonne Nom:Fem+PL
garçonnet garçonnet Nom:Mas+SG
garçonnets garçonnet Nom:Mas+PL
garçonnière garçonnière Nom:Fem+SG
garçonnières garçonnière Nom:Fem+PL
garçons garçon Nom:Mas+PL
garde garde Nom:Fem+SG
garde garde Nom:InvGen+SG
gardénal gardénal Nom:Mas+SG
gardénia gardénia Nom:Mas+SG
gardénias gardénia Nom:Mas+PL
garden-parties garden-party Nom:Mas+PL
garden-party garden-party Nom:Mas+SG
garderie garderie Nom:Fem+SG
garderies garderie Nom:Fem+PL
gardes garde Nom:Fem+PL
gardes garde Nom:InvGen+PL
gardes gardes Nom:Fem+PL
gardes-barrière garde-barrière Nom:Mas+PL
gardes-barrières garde-barrière Nom:Mas+PL
gardes-boeuf garde-boeuf Nom:Mas+PL
gardes-boeufs garde-boeuf Nom:Mas+PL
gardes-chasse garde-chasse Nom:Mas+PL
gardes-chasses garde-chasse Nom:Mas+PL
gardes-chiourme garde-chiourme Nom:Mas+PL
gardes-chiourmes garde-chiourme Nom:Mas+PL
gardes-côtes garde-côte Nom:Mas+PL
gardes-françaises garde-française Nom:Mas+PL
gardes-magasin garde-magasin Nom:Mas+PL
gardes-magasins garde-magasin Nom:Mas+PL
gardes-malades garde-malade Nom:Fem+PL
gardes-malades garde-malade Nom:Mas+PL
gardes-malades garde-malades Nom:Fem+PL
gardes-malades garde-malades Nom:Mas+PL
gardes-pêche garde-pêche Nom:Mas+PL
gardes-pêches garde-pêche Nom:Mas+PL
gardes-voie garde-voie Nom:Mas+PL
gardes-voies garde-voie Nom:Mas+PL
gardeur gardeur Nom:Mas+SG
gardeurs gardeur Nom:Mas+PL
gardeuse gardeur Nom:Fem+SG
garde-barrière garde-barrière Nom:Mas+SG
garde-boeuf garde-boeuf Nom:Mas+SG
garde-boue garde-boue Nom:Mas+InvPL
garde-boue garde-boue Nom:Mas+SG
garde-chasse garde-chasse Nom:Mas+SG
garde-chiourme garde-chiourme Nom:Mas+InvPL
garde-chiourme garde-chiourme Nom:Mas+SG
garde-corps garde-corps Nom:Mas+InvPL
garde-côte garde-côte Nom:Mas+InvPL
garde-côte garde-côte Nom:Mas+SG
garde-côtes garde-côtes Nom:Mas+InvPL
garde-feu garde-feu Nom:Mas+InvPL
garde-fou garde-fou Nom:Mas+SG
garde-fous garde-fou Nom:Mas+PL
garde-française garde-française Nom:Mas+SG
garde-frein garde-frein Nom:Mas+SG
garde-magasin garde-magasin Nom:Mas+SG
garde-malade garde-malade Nom:Fem+SG
garde-malade garde-malade Nom:Mas+SG
garde-manger garde-manger Nom:Mas+InvPL
garde-meuble garde-meuble Nom:Mas+SG
garde-meubles garde-meuble Nom:Mas+PL
garde-meubles garde-meubles Nom:Mas+InvPL
garde-nappe garde-nappe Nom:Mas+InvPL
garde-nappe garde-nappe Nom:Mas+SG
garde-pêche garde-pêche Nom:Mas+InvPL
garde-pêche garde-pêche Nom:Mas+SG
garde-place garde-place Nom:Mas+SG
garde-port garde-port Nom:Mas+SG
garde-robe garde-robe Nom:Fem+SG
garde-robes garde-robe Nom:Fem+PL
garde-voie garde-voie Nom:Mas+SG
garde-vue garde-vue Nom:Mas+InvPL
garde-vue garde-vue Nom:Mas+SG
gardian gardian Nom:Mas+SG
gardians gardian Nom:Mas+PL
gardien gardien Nom:Mas+SG
gardiennage gardiennage Nom:Mas+SG
gardiennages gardiennage Nom:Mas+PL
gardienne gardien Nom:Fem+SG
gardiennes gardien Nom:Fem+PL
gardiens gardien Nom:Mas+PL
gardon gardon Nom:Mas+SG
gardons gardon Nom:Mas+PL
gare gare Nom:Fem+SG
garenne garenne Nom:Fem+SG
garenne garenne Nom:Mas+SG
garennes garenne Nom:Fem+PL
garennes garenne Nom:Mas+PL
gares gare Nom:Fem+PL
gargamelle gargamelle Nom:Fem+SG
gargantua gargantua Nom:Mas+SG
gargarisme gargarisme Nom:Mas+SG
gargarismes gargarisme Nom:Mas+PL
gargote gargote Nom:Fem+SG
gargotes gargote Nom:Fem+PL
gargot gargot Nom:Mas+SG
gargotière gargotier Nom:Fem+SG
gargotières gargotier Nom:Fem+PL
gargotier gargotier Nom:Mas+SG
gargotiers gargotier Nom:Mas+PL
gargouillade gargouillade Nom:Fem+SG
gargouille gargouille Nom:Fem+SG
gargouillement gargouillement Nom:Mas+SG
gargouillements gargouillement Nom:Mas+PL
gargouilles gargouille Nom:Fem+PL
gargouillis gargouillis Nom:Mas+InvPL
gargoulette gargoulette Nom:Fem+SG
gargousse gargousse Nom:Fem+SG
gargousserie gargousserie Nom:Fem+SG
gargoussier gargoussier Nom:Mas+SG
garibaldien garibaldien Nom:Mas+SG
garibaldienne garibaldien Nom:Fem+SG
garibaldiennes garibaldien Nom:Fem+PL
garnement garnement Nom:Mas+SG
garnements garnement Nom:Mas+PL
garni garni Nom:Mas+SG
garnis garni Nom:Mas+PL
garnison garnison Nom:Fem+SG
garnisons garnison Nom:Fem+PL
garnissage garnissage Nom:Mas+SG
garnissages garnissage Nom:Mas+PL
garnisseur garnisseur Nom:Mas+SG
garnisseuse garnisseur Nom:Fem+SG
garnisseuse garnisseuse Nom:Fem+SG
garniture garniture Nom:Fem+SG
garnitures garniture Nom:Fem+PL
garou garou Nom:Mas+SG
garous garou Nom:Mas+PL
garrigue garrigue Nom:Fem+SG
garrigues garrigue Nom:Fem+PL
garrot garrot Nom:Mas+SG
garrots garrot Nom:Mas+PL
garrottage garrottage Nom:Mas+SG
garrottages garrottage Nom:Mas+PL
garrotte garrotte Nom:Fem+SG
garrottes garrotte Nom:Fem+PL
gars gars Nom:Mas+InvPL
gascon gascon Nom:Mas+SG
gasconisme gasconisme Nom:Mas+SG
gasconnade gasconnade Nom:Fem+SG
gasconnantes gasconnante Nom:Mas+PL
gasconne gascon Nom:Fem+SG
gasconnes gascon Nom:Fem+PL
gasconnisme gasconnisme Nom:Mas+SG
gasconnismes gasconnisme Nom:Mas+PL
gasoil gasoil Nom:Mas+SG
gasoils gasoil Nom:Mas+PL
gaspacho gaspacho Nom:Mas+SG
gaspachos gaspacho Nom:Mas+PL
gaspillage gaspillage Nom:Mas+SG
gaspillages gaspillage Nom:Mas+PL
gaspilleur gaspilleur Nom:Mas+SG
gaspilleurs gaspilleur Nom:Mas+PL
gaspilleuse gaspilleur Nom:Fem+SG
gaspilleuses gaspilleur Nom:Fem+PL
gassendisme gassendisme Nom:Mas+SG
gassendiste gassendiste Nom:InvGen+SG
gastéromycètes gastéromycète Nom:Mas+PL
gastéropode gastéropode Nom:Mas+SG
gastéropodes gastéropode Nom:Mas+PL
gastralgie gastralgie Nom:Fem+SG
gastrectomie gastrectomie Nom:Fem+SG
gastrite gastrite Nom:Fem+SG
gastromycètes gastromycète Nom:Mas+PL
gastronome gastronome Nom:InvGen+SG
gastronomes gastronome Nom:InvGen+PL
gastronomie gastronomie Nom:Fem+SG
gastropode gastropode Nom:Mas+SG
gastropodes gastropode Nom:Mas+PL
gastroscope gastroscope Nom:Mas+SG
gastroscopie gastroscopie Nom:Fem+SG
gastrotomie gastrotomie Nom:Fem+SG
gastro-entérite gastro-entérite Nom:Mas+SG
gastrula gastrula Nom:Fem+SG
gas-oil gas-oil Nom:Mas+SG
gas-oils gas-oil Nom:Mas+PL
gâteau gâteau Nom:Mas+SG
gâteaux gâteau Nom:Mas+PL
gate gate Nom:Fem+SG
gâterie gâterie Nom:Fem+SG
gâteries gâterie Nom:Fem+PL
gâteuse gâteux Nom:Fem+SG
gâteuses gâteux Nom:Fem+PL
gâteux gâteux Nom:Mas+InvPL
gâte-sauce gâte-sauce Nom:Mas+InvPL
gâtine gâtine Nom:Fem+SG
gâtisme gâtisme Nom:Mas+SG
gatte gatte Nom:Fem+SG
gattilier gattilier Nom:Mas+SG
gauche gauche Nom:Fem+SG
gauche gauche Nom:Mas+SG
gauchère gaucher Nom:Fem+SG
gauchères gaucher Nom:Fem+PL
gaucherie gaucherie Nom:Fem+SG
gaucheries gaucherie Nom:Fem+PL
gauches gauche Nom:Fem+PL
gauches gauche Nom:Mas+PL
gauchisante gauchisant Nom:Fem+SG
gauchisantes gauchisant Nom:Fem+PL
gauchisant gauchisant Nom:Mas+SG
gauchisants gauchisant Nom:Mas+PL
gauchisme gauchisme Nom:Mas+SG
gauchissement gauchissement Nom:Mas+SG
gauchissements gauchissement Nom:Mas+PL
gauchiste gauchiste Nom:InvGen+SG
gauchistes gauchiste Nom:InvGen+PL
gaucho gaucho Nom:Mas+SG
gauchos gaucho Nom:Mas+PL
gaude gaude Nom:Fem+SG
gaudriole gaudriole Nom:Fem+SG
gaudrioles gaudriole Nom:Fem+PL
gaufrage gaufrage Nom:Mas+SG
gaufre gaufre Nom:Fem+SG
gaufre gaufre Nom:Mas+SG
gaufres gaufre Nom:Fem+PL
gaufres gaufre Nom:Mas+PL
gaufrette gaufrette Nom:Fem+SG
gaufrettes gaufrette Nom:Fem+PL
gaufreur gaufreur Nom:Mas+SG
gaufreuse gaufreur Nom:Fem+SG
gaufreuse gaufreuse Nom:Fem+SG
gaufrier gaufrier Nom:Mas+SG
gaufriers gaufrier Nom:Mas+PL
gaufroir gaufroir Nom:Mas+SG
gaufrure gaufrure Nom:Fem+SG
gaulage gaulage Nom:Mas+SG
gaulée gaulée Nom:Fem+SG
gaule gaule Nom:Fem+SG
gaules gaule Nom:Fem+PL
gaulis gaulis Nom:Mas+InvPL
gaullisme gaullisme Nom:Mas+SG
gaulliste gaulliste Nom:InvGen+SG
gauloise gauloise Nom:Fem+SG
gauloise gaulois Nom:Fem+SG
gauloiserie gauloiserie Nom:Fem+SG
gauloiseries gauloiserie Nom:Fem+PL
gauloises gauloise Nom:Fem+PL
gauloises gaulois Nom:Fem+PL
gaulois gaulois Nom:Mas+InvPL
gaulois gaulois Nom:Mas+SG
gaultheria gaultheria Nom:Fem+SG
gaulthérie gaulthérie Nom:Fem+SG
gaupe gaupe Nom:Fem+SG
gaur gaur Nom:Mas+SG
gauss gauss Nom:Mas+InvPL
gavage gavage Nom:Mas+SG
gavages gavage Nom:Mas+PL
gave gave Nom:Mas+SG
gaves gave Nom:Mas+PL
gaveur gaveur Nom:Mas+SG
gaveuse gaveur Nom:Fem+SG
gaveuse gaveuse Nom:Fem+SG
gavial gavial Nom:Mas+SG
gavials gavial Nom:Mas+PL
gavote gavot Nom:Fem+SG
gavot gavot Nom:Mas+SG
gavotte gavotte Nom:Fem+SG
gavottes gavotte Nom:Fem+PL
gavroche gavroche Nom:InvGen+SG
gavroches gavroche Nom:InvGen+PL
gayal gayal Nom:Mas+SG
gayals gayal Nom:Mas+PL
gay gay Nom:Mas+SG
gazage gazage Nom:Mas+SG
gazages gazage Nom:Mas+PL
gazée gazé Nom:Fem+SG
gazées gazé Nom:Fem+PL
gaze gaze Nom:Fem+SG
gazé gazé Nom:Mas+SG
gazéificateur gazéificateur Nom:Mas+SG
gazéification gazéification Nom:Fem+SG
gazelle gazelle Nom:Fem+SG
gazelles gazelle Nom:Fem+PL
gazes gaze Nom:Fem+PL
gazés gazé Nom:Mas+PL
gazetière gazetier Nom:Fem+SG
gazetier gazetier Nom:Mas+SG
gazette gazette Nom:Fem+SG
gazettes gazette Nom:Fem+PL
gazeur gazeur Nom:Mas+SG
gaz gaz Nom:Mas+InvPL
gaz gaz Nom:Mas+PL
gazière gazier Nom:Fem+SG
gazières gazier Nom:Fem+PL
gazier gazier Nom:Mas+SG
gaziers gazier Nom:Mas+PL
gazi gazi Nom:Mas+SG
gazoduc gazoduc Nom:Mas+SG
gazoducs gazoduc Nom:Mas+PL
gazogène gazogène Nom:Mas+SG
gazogènes gazogène Nom:Mas+PL
gazole gazole Nom:Mas+SG
gazoline gazoline Nom:Fem+SG
gazomètre gazomètre Nom:Mas+SG
gazomètres gazomètre Nom:Mas+PL
gazométrie gazométrie Nom:Fem+SG
gazon gazon Nom:Mas+SG
gazonnage gazonnage Nom:Mas+SG
gazonnages gazonnage Nom:Mas+PL
gazonnement gazonnement Nom:Mas+SG
gazonnements gazonnement Nom:Mas+PL
gazons gazon Nom:Mas+PL
gazons gazons Nom:Mas+PL
gazouillement gazouillement Nom:Mas+SG
gazouillements gazouillement Nom:Mas+PL
gazouillis gazouillis Nom:Mas+InvPL
geai geai Nom:Mas+SG
geais geai Nom:Mas+PL
géante géant Nom:Fem+SG
géantes géant Nom:Fem+PL
géaster géaster Nom:Mas+SG
géasters géaster Nom:Mas+PL
gecko gecko Nom:Mas+SG
geckos gecko Nom:Mas+PL
géhenne géhenne Nom:Fem+SG
géhennes géhenne Nom:Fem+PL
geignarde geignard Nom:Fem+SG
geignardes geignard Nom:Fem+PL
geignard geignard Nom:Mas+SG
geignards geignard Nom:Mas+PL
geignement geignement Nom:Mas+SG
geignements geignement Nom:Mas+PL
geindre geindre Nom:Mas+SG
geisha geisha Nom:Fem+SG
geishas geisha Nom:Fem+PL
gélatine gélatine Nom:Fem+SG
gélatines gélatine Nom:Fem+PL
gelée gelée Nom:Fem+SG
gelées gelée Nom:Fem+PL
gel gel Nom:Mas+SG
gélifiant gélifiant Nom:Mas+SG
gélification gélification Nom:Fem+SG
gélifications gélification Nom:Fem+PL
gélifié gélifié Nom:Mas+SG
gélifiés gélifié Nom:Mas+PL
gélifraction gélifraction Nom:Fem+SG
gélifractions gélifraction Nom:Fem+PL
gelinotte gelinotte Nom:Fem+SG
gélinotte gélinotte Nom:Fem+SG
gelinottes gelinotte Nom:Fem+PL
gélivation gélivation Nom:Fem+SG
gélivations gélivation Nom:Fem+PL
gélivure gélivure Nom:Fem+SG
gélivures gélivure Nom:Fem+PL
gélose gélose Nom:Fem+SG
géloses gélose Nom:Fem+PL
gélule gélule Nom:Fem+SG
gélules gélule Nom:Fem+PL
gelure gelure Nom:Fem+SG
gelures gelure Nom:Fem+PL
gémeau gémeau Nom:Mas+SG
gémeaux gémeau Nom:Mas+PL
gémelle gémelle Nom:Fem+SG
gémellipare gémellipare Nom:Fem+SG
gémellipares gémellipare Nom:Fem+PL
gémellité gémellité Nom:Fem+SG
gémellités gémellité Nom:Fem+PL
gémination gémination Nom:Fem+SG
géminations gémination Nom:Fem+PL
géminée géminée Nom:Fem+SG
géminées géminée Nom:Fem+PL
gémissement gémissement Nom:Mas+SG
gémissements gémissement Nom:Mas+PL
gemmage gemmage Nom:Mas+SG
gemmages gemmage Nom:Mas+PL
gemmail gemmail Nom:Mas+SG
gemmation gemmation Nom:Fem+SG
gemmations gemmation Nom:Fem+PL
gemme gemme Nom:Fem+SG
gemmes gemme Nom:Fem+PL
gemmeur gemmeur Nom:Mas+SG
gemmeurs gemmeur Nom:Mas+PL
gemmologie gemmologie Nom:Fem+SG
gemmologies gemmologie Nom:Fem+PL
gemmologiste gemmologiste Nom:InvGen+SG
gemmologistes gemmologiste Nom:InvGen+PL
gemmule gemmule Nom:Fem+SG
gemmules gemmule Nom:Fem+PL
gémonies gémonies Nom:Fem+PL
gencive gencive Nom:Fem+SG
gencives gencive Nom:Fem+PL
gendarme gendarme Nom:Mas+SG
gendarmerie gendarmerie Nom:Fem+SG
gendarmeries gendarmerie Nom:Fem+PL
gendarmes gendarme Nom:Mas+PL
gendre gendre Nom:Mas+SG
gendres gendre Nom:Mas+PL
généalogie généalogie Nom:Fem+SG
généalogies généalogie Nom:Fem+PL
généalogiste généalogiste Nom:InvGen+SG
généalogistes généalogiste Nom:InvGen+PL
gêne gêne Nom:Fem+SG
gêne gêne Nom:InvGen+SG:InvGen+PL
gène gène Nom:Mas+SG
génépi génépi Nom:Mas+SG
genépis genépi Nom:Mas+PL
généralat généralat Nom:Mas+SG
généralats généralat Nom:Mas+PL
générale générale Nom:Fem+SG
générale général Nom:Fem+SG
générales générale Nom:Fem+PL
générales général Nom:Fem+PL
général général Nom:Mas+SG
généralisation généralisation Nom:Fem+SG
généralisations généralisation Nom:Fem+PL
généralissime généralissime Nom:Mas+SG
généraliste généraliste Nom:InvGen+SG
généralistes généraliste Nom:InvGen+PL
généralité généralité Nom:Fem+SG
généralités généralité Nom:Fem+PL
généralités généralités Nom:Fem+PL
générateurs générateur Nom:Mas+PL
génération génération Nom:Fem+SG
générations génération Nom:Fem+PL
génératrice génératrice Nom:Fem+SG
génératrices génératrice Nom:Fem+PL
généraux général Nom:Mas+PL
généreuse généreux Nom:Fem+SG
généreuses généreux Nom:Fem+PL
généreux généreux Nom:Mas+InvPL
générique générique Nom:Mas+SG
génériques générique Nom:Mas+PL
générosité générosité Nom:Fem+SG
générosités générosité Nom:Fem+PL
générosités générosités Nom:Fem+PL
genèse genèse Nom:Fem+SG
genèses genèse Nom:Fem+PL
gênes gêne Nom:Fem+PL
gènes gène Nom:Mas+PL
genet genet Nom:Mas+SG
genêt genêt Nom:Mas+SG
généticien généticien Nom:Mas+SG
généticiens généticien Nom:Mas+PL
genêtière genêtière Nom:Fem+SG
génétique génétique Nom:Fem+SG
génétiques génétique Nom:Fem+PL
génétisme génétisme Nom:Mas+SG
génétismes génétisme Nom:Mas+PL
génétiste génétiste Nom:InvGen+SG
génétistes génétiste Nom:InvGen+PL
genets genet Nom:Mas+PL
genêts genêt Nom:Mas+PL
genette genette Nom:Fem+SG
genettes genette Nom:Fem+PL
gêneur gêneur Nom:Mas+SG
gêneurs gêneur Nom:Mas+PL
gêneuse gêneur Nom:Fem+SG
gêneuses gêneur Nom:Fem+PL
genévrier genévrier Nom:Mas+SG
genévriers genévrier Nom:Mas+PL
génialité génialité Nom:Fem+SG
génie génie Nom:Mas+SG
génies génie Nom:Mas+PL
genièvre genièvre Nom:Mas+SG
genièvres genièvre Nom:Mas+PL
génisse génisse Nom:Fem+SG
génisses génisse Nom:Fem+PL
géniteur géniteur Nom:Mas+SG
géniteurs géniteur Nom:Mas+PL
génitif génitif Nom:Mas+SG
génitrice géniteur Nom:Fem+SG
génitrices géniteur Nom:Fem+PL
génocide génocide Nom:Mas+SG
génocides génocide Nom:Mas+PL
génoise génoise Nom:Fem+SG
génoise génois Nom:Fem+SG
génoises génoise Nom:Fem+PL
génoises génois Nom:Fem+PL
génois génois Nom:Mas+InvPL
génois génois Nom:Mas+SG
génome génome Nom:Mas+SG
génomes génome Nom:Mas+PL
génotype génotype Nom:Mas+SG
génotypes génotype Nom:Mas+PL
genou genou Nom:Mas+SG
genouillère genouillère Nom:Fem+SG
genouillères genouillère Nom:Fem+PL
genoux genou Nom:Mas+PL
génovéfain génovéfain Nom:Mas+SG
génovéfains génovéfain Nom:Mas+PL
genre genre Nom:Mas+SG
genres genre Nom:Mas+PL
gens gens Nom:Fem+SG
gens gens Nom:InvGen+PL
gent gent Nom:Fem+SG
gentiane gentiane Nom:Fem+SG
gentianes gentiane Nom:Fem+PL
gentil gentil Nom:Mas+SG
gentilhomme gentilhomme Nom:Mas+SG
gentilhommerie gentilhommerie Nom:Fem+SG
gentilhommeries gentilhommerie Nom:Fem+PL
gentilhommière gentilhommière Nom:Fem+SG
gentilhommières gentilhommière Nom:Fem+PL
gentilité gentilité Nom:Fem+SG
gentilités gentilité Nom:Fem+PL
gentillesse gentillesse Nom:Fem+SG
gentillesses gentillesse Nom:Fem+PL
gentils gentil Nom:Mas+PL
gentilshommes gentilhomme Nom:Mas+PL
gentleman gentleman Nom:Mas+SG
gentlemen gentleman Nom:Mas+PL
gentries gentry Nom:Fem+PL
gentry gentry Nom:Fem+SG
gentrys gentry Nom:Fem+PL
gents gent Nom:Fem+PL
génuflexion génuflexion Nom:Fem+SG
génuflexions génuflexion Nom:Fem+PL
géochimie géochimie Nom:Fem+SG
géochimies géochimie Nom:Fem+PL
géode géode Nom:Fem+SG
géodes géode Nom:Fem+PL
géodésie géodésie Nom:Fem+SG
géodésies géodésie Nom:Fem+PL
géographe géographe Nom:InvGen+SG
géographes géographe Nom:InvGen+PL
géographie géographie Nom:Fem+SG
géographies géographie Nom:Fem+PL
géoïde géoïde Nom:Mas+SG
géoïdes géoïde Nom:Mas+PL
geôle geôle Nom:Fem+SG
geôles geôle Nom:Fem+PL
geôlière geôlier Nom:Fem+SG
geôlières geôlier Nom:Fem+PL
geôlier geôlier Nom:Mas+SG
geôliers geôlier Nom:Mas+PL
géologie géologie Nom:Fem+SG
géologue géologue Nom:InvGen+SG
géologues géologue Nom:InvGen+PL
géomagnétisme géomagnétisme Nom:Mas+SG
géomagnétismes géomagnétisme Nom:Mas+PL
géomancie géomancie Nom:Fem+SG
géomancies géomancie Nom:Fem+PL
géomètre géomètre Nom:InvGen+SG
géomètre géomètre Nom:Mas+SG
géomètres géomètre Nom:InvGen+PL
géomètres géomètre Nom:Mas+PL
géométridés géométridé Nom:Mas+PL
géométrie géométrie Nom:Fem+SG
géométries géométrie Nom:Fem+PL
géomorphologie géomorphologie Nom:Fem+SG
géomorphologies géomorphologie Nom:Fem+PL
géomorphologue géomorphologue Nom:InvGen+SG
géophage géophage Nom:InvGen+SG
géophage géophage Nom:Mas+SG
géophages géophage Nom:InvGen+PL
géophages géophage Nom:Mas+PL
géophile géophile Nom:Mas+SG
géophiles géophile Nom:Mas+PL
géophysicien géophysicien Nom:Mas+SG
géophysique géophysique Nom:Fem+SG
géorgien géorgien Nom:Mas+SG
géorgienne géorgien Nom:Fem+SG
géorgiennes géorgien Nom:Fem+PL
géorgiens géorgien Nom:Mas+PL
géosynclinal géosynclinal Nom:Mas+SG
géosynclinaux géosynclinal Nom:Mas+PL
géotextile géotextile Nom:Mas+SG
géothermie géothermie Nom:Fem+SG
géothermies géothermie Nom:Fem+PL
géotropisme géotropisme Nom:Mas+SG
géotropismes géotropisme Nom:Mas+PL
géotrupe géotrupe Nom:Mas+SG
géotrupes géotrupe Nom:Mas+PL
gérance gérance Nom:Fem+SG
gérances gérance Nom:Fem+PL
géraniacées géraniacée Nom:Fem+PL
géraniées géraniée Nom:Fem+PL
géranium géranium Nom:Mas+SG
géraniums géranium Nom:Mas+PL
gérante gérant Nom:Fem+SG
gérantes gérant Nom:Fem+PL
gérant gérant Nom:Mas+SG
gérants gérant Nom:Mas+PL
gerbage gerbage Nom:Mas+SG
gerbages gerbage Nom:Mas+PL
gerbée gerbée Nom:Fem+SG
gerbées gerbée Nom:Fem+PL
gerbe gerbe Nom:Fem+SG
gerbera gerbera Nom:Mas+SG
gerberas gerbera Nom:Mas+PL
gerbes gerbe Nom:Fem+PL
gerbeur gerbeur Nom:Mas+SG
gerbeuse gerbeur Nom:Fem+SG
gerbeuse gerbeuse Nom:Fem+SG
gerbière gerbière Nom:Fem+SG
gerbier gerbier Nom:Mas+SG
gerbiers gerbier Nom:Mas+PL
gerbille gerbille Nom:Fem+SG
gerboise gerboise Nom:Fem+SG
gerboises gerboise Nom:Fem+PL
gerce gerce Nom:Fem+SG
gerces gerce Nom:Fem+PL
gerçure gerçure Nom:Fem+SG
gerçures gerçure Nom:Fem+PL
gérée géré Nom:Fem+SG
gérées géré Nom:Fem+PL
géré géré Nom:Mas+SG
gérés géré Nom:Mas+PL
gerfaut gerfaut Nom:Mas+SG
gerfauts gerfaut Nom:Mas+PL
gériatre gériatre Nom:InvGen+SG
gériatres gériatre Nom:InvGen+PL
gériatrie gériatrie Nom:Fem+SG
germaine germain Nom:Fem+SG
germaines germain Nom:Fem+PL
germains germain Nom:Mas+PL
germandrée germandrée Nom:Fem+SG
germanique germanique Nom:Mas+SG
germaniques germanique Nom:Mas+PL
germanisant germanisant Nom:Mas+SG
germanisation germanisation Nom:Fem+SG
germanisations germanisation Nom:Fem+PL
germanisme germanisme Nom:Mas+SG
germanismes germanisme Nom:Mas+PL
germaniste germaniste Nom:InvGen+SG
germanistes germaniste Nom:InvGen+PL
germanium germanium Nom:Mas+SG
germanophile germanophile Nom:InvGen+SG
germe germe Nom:Mas+SG
germen germen Nom:Mas+SG
germes germe Nom:Mas+PL
germinal germinal Nom:Mas+SG
germination germination Nom:Fem+SG
germinations germination Nom:Fem+PL
germoir germoir Nom:Mas+SG
germon germon Nom:Mas+SG
germons germon Nom:Mas+PL
géromé géromé Nom:Mas+SG
gérondif gérondif Nom:Mas+SG
gérondifs gérondif Nom:Mas+PL
géronte géronte Nom:Mas+SG
gérontisme gérontisme Nom:Mas+SG
gérontocratie gérontocratie Nom:Fem+SG
gérontologie gérontologie Nom:Fem+SG
gérontologue gérontologue Nom:InvGen+SG
gérontologues gérontologue Nom:InvGen+PL
gérontophile gérontophile Nom:InvGen+SG
gérontophilie gérontophilie Nom:Fem+SG
gerseau gerseau Nom:Mas+SG
gerseaux gerseau Nom:Mas+PL
gerzeau gerzeau Nom:Mas+SG
gerzeaux gerzeau Nom:Mas+PL
gésier gésier Nom:Mas+SG
gésiers gésier Nom:Mas+PL
gésine gésine Nom:Fem+SG
gesse gesse Nom:Fem+SG
gestaltisme gestaltisme Nom:Mas+SG
gestation gestation Nom:Fem+SG
geste geste Nom:Fem+SG
geste geste Nom:Mas+SG
gestes geste Nom:Fem+PL
gestes geste Nom:Mas+PL
gesticulation gesticulation Nom:Fem+SG
gesticulations gesticulation Nom:Fem+PL
gestion gestion Nom:Fem+SG
gestionnaire gestionnaire Nom:InvGen+SG
gestionnaires gestionnaire Nom:InvGen+PL
gestions gestion Nom:Fem+PL
gestuelle gestuelle Nom:Fem+SG
gestuelles gestuelle Nom:Fem+PL
getter getter Nom:Mas+SG
geyser geyser Nom:Mas+SG
geysers geyser Nom:Mas+PL
g g Nom:Mas+InvPL
ghetto ghetto Nom:Mas+SG
ghettos ghetto Nom:Mas+PL
ghilde ghilde Nom:Fem+SG
ghildes ghilde Nom:Fem+PL
giaour giaour Nom:Mas+SG
gibbon gibbon Nom:Mas+SG
gibbons gibbon Nom:Mas+PL
gibbosité gibbosité Nom:Fem+SG
gibecière gibecière Nom:Fem+SG
gibecières gibecière Nom:Fem+PL
gibelin gibelin Nom:Mas+SG
gibelotte gibelotte Nom:Fem+SG
gibelottes gibelotte Nom:Fem+PL
giberne giberne Nom:Fem+SG
gibernes giberne Nom:Fem+PL
gibet gibet Nom:Mas+SG
gibets gibet Nom:Mas+PL
gibier gibier Nom:Mas+SG
gibiers gibier Nom:Mas+PL
giboulée giboulée Nom:Fem+SG
giboulées giboulée Nom:Fem+PL
gibus gibus Nom:Mas+InvPL
giclée giclée Nom:Fem+SG
giclées giclée Nom:Fem+PL
giclement giclement Nom:Mas+SG
giclements giclement Nom:Mas+PL
gicleur gicleur Nom:Mas+SG
gicleurs gicleur Nom:Mas+PL
gifle gifle Nom:Fem+SG
gifles gifle Nom:Fem+PL
gigantesque gigantesque Nom:Mas+SG
gigantisme gigantisme Nom:Mas+SG
gigantomachie gigantomachie Nom:Fem+SG
gigogne gigogne Nom:Fem+SG
gigognes gigogne Nom:Fem+PL
gigolo gigolo Nom:Mas+SG
gigolos gigolo Nom:Mas+PL
gigot gigot Nom:Mas+SG
gigots gigot Nom:Mas+PL
gigue gigue Nom:Fem+SG
gigues gigue Nom:Fem+PL
gilde gilde Nom:Fem+SG
gildes gilde Nom:Fem+PL
gilet gilet Nom:Mas+SG
giletière giletière Nom:Fem+SG
giletière giletier Nom:Fem+SG
giletier giletier Nom:Mas+SG
gilets gilet Nom:Mas+PL
gille gille Nom:Mas+SG
gimblette gimblette Nom:Fem+SG
gindre gindre Nom:InvGen+SG
gingembre gingembre Nom:Mas+SG
gingembres gingembre Nom:Mas+PL
gin gin Nom:Mas+SG
gingivite gingivite Nom:Fem+SG
ginglet ginglet Nom:Mas+SG
ginguet ginguet Nom:Mas+SG
ginkgo ginkgo Nom:Mas+SG
ginseng ginseng Nom:Mas+SG
gins gin Nom:Mas+PL
giobertite giobertite Nom:Fem+SG
giottesque giottesque Nom:InvGen+SG
girafeau girafeau Nom:Mas+SG
girafeaux girafeau Nom:Mas+PL
girafe girafe Nom:Fem+SG
girafes girafe Nom:Fem+PL
girafon girafon Nom:Mas+SG
girafons girafon Nom:Mas+PL
girandole girandole Nom:Fem+SG
girandoles girandole Nom:Fem+PL
girasol girasol Nom:Mas+SG
giration giration Nom:Fem+SG
giraumon giraumon Nom:Mas+SG
giraumont giraumont Nom:Mas+SG
giraviation giraviation Nom:Fem+SG
giravion giravion Nom:Mas+SG
girelle girelle Nom:Fem+SG
girelles girelle Nom:Fem+PL
girie girie Nom:Fem+SG
girl girl Nom:Fem+SG
girls girl Nom:Fem+PL
girodyne girodyne Nom:Mas+SG
giroflée giroflée Nom:Fem+SG
giroflées giroflée Nom:Fem+PL
girofle girofle Nom:Mas+SG
girofles girofle Nom:Mas+PL
giroflier giroflier Nom:Mas+SG
girolle girolle Nom:Fem+SG
girolles girolle Nom:Fem+PL
girondine girondin Nom:Fem+SG
girondines girondin Nom:Fem+PL
giron giron Nom:Mas+SG
gironné gironné Nom:Mas+SG
girons giron Nom:Mas+PL
girouette girouette Nom:Fem+SG
girouettes girouette Nom:Fem+PL
gisant gisant Nom:Mas+SG
gisants gisant Nom:Mas+PL
giselle giselle Nom:Fem+SG
gisement gisement Nom:Mas+SG
gisements gisement Nom:Mas+PL
gitane gitane Nom:Fem+SG
gitane gitan Nom:Fem+SG
gitanes gitane Nom:Fem+PL
gitanes gitan Nom:Fem+PL
gitan gitan Nom:Mas+SG
gîte gîte Nom:Fem+SG
gîte gîte Nom:Mas+SG
gîtes gîte Nom:Mas+PL
giton giton Nom:Mas+SG
givrage givrage Nom:Mas+SG
givrages givrage Nom:Mas+PL
givrée givrée Nom:Fem+SG
givrées givrée Nom:Fem+PL
givre givre Nom:Mas+SG
givres givre Nom:Mas+PL
givrure givrure Nom:Fem+SG
glabelle glabelle Nom:Fem+SG
glaçage glaçage Nom:Mas+SG
glaçages glaçage Nom:Mas+PL
glace glace Nom:Fem+SG
glacé glacé Nom:Mas+SG
glacerie glacerie Nom:Fem+SG
glaces glace Nom:Fem+PL
glacés glacé Nom:Mas+PL
glaces glaces Nom:Fem+PL
glaceur glaceur Nom:Mas+SG
glaceuse glaceur Nom:Fem+SG
glaceuse glaceuse Nom:Fem+SG
glaceuses glaceur Nom:Fem+PL
glaceuses glaceuse Nom:Fem+PL
glaciation glaciation Nom:Fem+SG
glaciations glaciation Nom:Fem+PL
glacière glacière Nom:Fem+SG
glacière glacier Nom:Fem+SG
glacières glacière Nom:Fem+PL
glacières glacier Nom:Fem+PL
glacier glacier Nom:Mas+SG
glaciers glacier Nom:Mas+PL
glaciologie glaciologie Nom:Fem+SG
glaciologue glaciologue Nom:InvGen+SG
glacis glacis Nom:Mas+InvPL
glaçon glaçon Nom:Mas+SG
glaçons glaçon Nom:Mas+PL
glaçure glaçure Nom:Fem+SG
gladiateur gladiateur Nom:Mas+SG
gladiateurs gladiateur Nom:Mas+PL
glaïeul glaïeul Nom:Mas+SG
glaïeuls glaïeul Nom:Mas+PL
glaire glaire Nom:Fem+SG
glaires glaire Nom:Fem+PL
glairure glairure Nom:Fem+SG
glaise glaise Nom:Fem+SG
glaises glaise Nom:Fem+PL
glaisière glaisière Nom:Fem+SG
glaive glaive Nom:Mas+SG
glaives glaive Nom:Mas+PL
glanage glanage Nom:Mas+SG
glanages glanage Nom:Mas+PL
glandage glandage Nom:Mas+SG
glandée glandée Nom:Fem+SG
glande glande Nom:Fem+SG
glandes glande Nom:Fem+PL
glandes glandes Nom:Fem+PL
glandeur glandeur Nom:Mas+SG
gland gland Nom:Mas+SG
glands gland Nom:Mas+PL
glane glane Nom:Fem+SG
glane glane Nom:Mas+SG
glanement glanement Nom:Mas+SG
glanes glane Nom:Fem+PL
glanes glane Nom:Mas+PL
glaneur glaneur Nom:Mas+SG
glaneuse glaneur Nom:Fem+SG
glanure glanure Nom:Fem+SG
glapissement glapissement Nom:Mas+SG
glapissements glapissement Nom:Mas+PL
glaréole glaréole Nom:Fem+SG
glas glas Nom:Mas+InvPL
glass glass Nom:Mas+InvPL
glaucome glaucome Nom:Mas+SG
glauconie glauconie Nom:Fem+SG
glauconite glauconite Nom:Fem+SG
glaviot glaviot Nom:Mas+SG
glèbe glèbe Nom:Fem+SG
glèbes glèbe Nom:Fem+PL
gléchome gléchome Nom:Mas+SG
glécome glécome Nom:Mas+SG
gleditschia gleditschia Nom:Mas+SG
glène glène Nom:Fem+SG
glènes glène Nom:Fem+PL
glénoïde glénoïde Nom:Fem+SG
gliome gliome Nom:Mas+SG
glischroïde glischroïde Nom:InvGen+SG
glischroïdie glischroïdie Nom:Fem+SG
glissade glissade Nom:Fem+SG
glissades glissade Nom:Fem+PL
glissage glissage Nom:Mas+SG
glissages glissage Nom:Mas+PL
glissance glissance Nom:Fem+SG
glissando glissando Nom:Mas+SG
glissante glissante Nom:Fem+SG
glissantes glissante Nom:Fem+PL
glisse glisse Nom:Fem+SG
glissé glissé Nom:Mas+SG
glissement glissement Nom:Mas+SG
glissements glissement Nom:Mas+PL
glisses glisse Nom:Fem+PL
glissés glissé Nom:Mas+PL
glisseur glisseur Nom:Mas+SG
glisseuse glisseur Nom:Fem+SG
glissière glissière Nom:Fem+SG
glissières glissière Nom:Fem+PL
glissoire glissoire Nom:Fem+SG
glissoir glissoir Nom:Mas+SG
globalisation globalisation Nom:Fem+SG
globalisations globalisation Nom:Fem+PL
globalité globalité Nom:Fem+SG
globe globe Nom:Mas+SG
globes globe Nom:Mas+PL
globe-trotter globe-trotter Nom:Mas+SG
globe-trotters globe-trotter Nom:Mas+PL
globigérine globigérine Nom:Fem+SG
globine globine Nom:Fem+SG
globulaire globulaire Nom:Fem+SG
globulaires globulaire Nom:Fem+PL
globule globule Nom:Mas+SG
globules globule Nom:Mas+PL
globuline globuline Nom:Fem+SG
globulines globuline Nom:Fem+PL
globulin globulin Nom:Mas+SG
globulinurie globulinurie Nom:Fem+SG
glockenspiel glockenspiel Nom:Mas+SG
glockenspiels glockenspiel Nom:Mas+PL
gloire gloire Nom:Fem+SG
gloires gloire Nom:Fem+PL
glome glome Nom:Mas+SG
gloméris gloméris Nom:Mas+InvPL
glomérule glomérule Nom:Mas+SG
glomérulonéphrite glomérulonéphrite Nom:Fem+SG
gloria gloria Nom:Mas+InvPL
gloriette gloriette Nom:Fem+SG
glorificateur glorificateur Nom:Mas+SG
glorification glorification Nom:Fem+SG
glorificatrice glorificateur Nom:Fem+SG
gloriole gloriole Nom:Fem+SG
glorioles gloriole Nom:Fem+PL
glose glose Nom:Fem+SG
gloses glose Nom:Fem+PL
gloses gloses Nom:Fem+PL
glossaire glossaire Nom:Mas+SG
glossaires glossaire Nom:Mas+PL
glossateur glossateur Nom:Mas+SG
glossine glossine Nom:Fem+SG
glossite glossite Nom:Fem+SG
glossodynie glossodynie Nom:Fem+SG
glossolalie glossolalie Nom:Fem+SG
glossophytie glossophytie Nom:Fem+SG
glossoplégie glossoplégie Nom:Fem+SG
glossotomie glossotomie Nom:Fem+SG
glottale glottale Nom:Fem+SG
glottales glottale Nom:Fem+PL
glotte glotte Nom:Fem+SG
glottite glottite Nom:Fem+SG
glouglou glouglou Nom:Mas+SG
glouglous glouglou Nom:Mas+PL
gloussement gloussement Nom:Mas+SG
gloussements gloussement Nom:Mas+PL
glouteron glouteron Nom:Mas+SG
glouton glouton Nom:Mas+SG
gloutonne glouton Nom:Fem+SG
gloutonnerie gloutonnerie Nom:Fem+SG
gloutonnes glouton Nom:Fem+PL
gloutons glouton Nom:Mas+PL
glucide glucide Nom:Mas+SG
glucides glucide Nom:Mas+PL
glucinium glucinium Nom:Mas+SG
glucocorticoïde glucocorticoïde Nom:Mas+SG
glucomètre glucomètre Nom:Mas+SG
glucose glucose Nom:Mas+SG
glucoserie glucoserie Nom:Fem+SG
glucoses glucose Nom:Mas+PL
glucoside glucoside Nom:Mas+SG
glu glu Nom:Fem+SG
glui glui Nom:Mas+SG
glume glume Nom:Fem+SG
glumelle glumelle Nom:Fem+SG
glus glu Nom:Fem+PL
glutamate glutamate Nom:Mas+SG
gluten gluten Nom:Mas+SG
glycémie glycémie Nom:Fem+SG
glycère glycère Nom:Fem+SG
glycéride glycéride Nom:Mas+SG
glycérie glycérie Nom:Fem+SG
glycérine glycérine Nom:Fem+SG
glycérines glycérine Nom:Fem+PL
glycérolé glycérolé Nom:Mas+SG
glycérol glycérol Nom:Mas+SG
glycérophosphate glycérophosphate Nom:Mas+SG
glycine glycine Nom:Fem+SG
glycines glycine Nom:Fem+PL
glycocolle glycocolle Nom:Mas+SG
glycogène glycogène Nom:Mas+SG
glycogènes glycogène Nom:Mas+PL
glycogénogenèse glycogénogenèse Nom:Fem+SG
glycol glycol Nom:Mas+SG
glycolipide glycolipide Nom:Mas+SG
glycolyse glycolyse Nom:Fem+SG
glycomètre glycomètre Nom:Mas+SG
glyconien glyconien Nom:Mas+SG
glycopexie glycopexie Nom:Fem+SG
glycoprotéine glycoprotéine Nom:Fem+SG
glycorégulation glycorégulation Nom:Fem+SG
glycosurie glycosurie Nom:Fem+SG
glycosurique glycosurique Nom:InvGen+SG
glyphe glyphe Nom:Mas+SG
glyptique glyptique Nom:Fem+SG
glyptiques glyptique Nom:Fem+PL
glyptodon glyptodon Nom:Mas+SG
glyptodonte glyptodonte Nom:Mas+SG
glyptographie glyptographie Nom:Fem+SG
glyptothèque glyptothèque Nom:Fem+SG
gnaule gnaule Nom:Fem+SG
gneiss gneiss Nom:Mas+InvPL
gniole gniole Nom:Fem+SG
gnocchi gnocchi Nom:Mas+SG
gnocchis gnocchi Nom:Mas+PL
gnognote gnognote Nom:Fem+SG
gnognotte gnognotte Nom:Fem+SG
gnole gnole Nom:Fem+SG
gnôle gnôle Nom:Fem+SG
gnome gnome Nom:Mas+SG
gnomes gnome Nom:Mas+PL
gnomide gnomide Nom:Fem+SG
gnomon gnomon Nom:Mas+SG
gnomonique gnomonique Nom:Fem+SG
gnon gnon Nom:Mas+SG
gnons gnon Nom:Mas+PL
gnose gnose Nom:Fem+SG
gnoséologie gnoséologie Nom:Fem+SG
gnoses gnose Nom:Fem+PL
gnosie gnosie Nom:Fem+SG
gnosticisme gnosticisme Nom:Mas+SG
gnosticismes gnosticisme Nom:Mas+PL
gnostique gnostique Nom:InvGen+SG
gnostiques gnostique Nom:InvGen+PL
gnou gnou Nom:Mas+SG
gnous gnou Nom:Mas+PL
goal goal Nom:Mas+SG
goals goal Nom:Mas+PL
gobe gobe Nom:Mas+SG
gobeleterie gobeleterie Nom:Fem+SG
gobelet gobelet Nom:Mas+SG
gobeletier gobeletier Nom:Mas+SG
gobelets gobelet Nom:Mas+PL
gobelin gobelin Nom:Mas+SG
gobelins gobelin Nom:Mas+PL
goberge goberge Nom:Fem+SG
goberges goberge Nom:Fem+PL
gobes gobe Nom:Mas+PL
gobeur gobeur Nom:Mas+SG
gobeuse gobeur Nom:Fem+SG
gobe-mouche gobe-mouche Nom:Mas+SG
gobe-mouches gobe-mouche Nom:Mas+PL
gobe-mouches gobe-mouches Nom:Mas+InvPL
gobie gobie Nom:Mas+SG
gobille gobille Nom:Fem+SG
godage godage Nom:Mas+SG
godages godage Nom:Mas+PL
godaille godaille Nom:Fem+SG
godailles godaille Nom:Fem+PL
godasse godasse Nom:Fem+SG
godasses godasse Nom:Fem+PL
godelureau godelureau Nom:Mas+SG
godelureaux godelureau Nom:Mas+PL
godemiché godemiché Nom:Mas+SG
godet godet Nom:Mas+SG
godets godet Nom:Mas+PL
godiche godiche Nom:InvGen+SG
godichon godichon Nom:Mas+SG
godichonne godichon Nom:Fem+SG
godichonnes godichon Nom:Fem+PL
godille godille Nom:Fem+SG
godilles godille Nom:Fem+PL
godilleur godilleur Nom:Mas+SG
godillot godillot Nom:Mas+SG
godiveau godiveau Nom:Mas+SG
godiveaux godiveau Nom:Mas+PL
godron godron Nom:Mas+SG
godronnage godronnage Nom:Mas+SG
godronnages godronnage Nom:Mas+PL
goéland goéland Nom:Mas+SG
goélands goéland Nom:Mas+PL
goélette goélette Nom:Fem+SG
goélettes goélette Nom:Fem+PL
goémon goémon Nom:Mas+SG
goémons goémon Nom:Mas+PL
goglu goglu Nom:Mas+SG
gogo gogo Nom:Mas+SG
go go Nom:Mas+InvPL
gogos gogo Nom:Mas+PL
goguenardise goguenardise Nom:Fem+SG
goguenots goguenots Nom:Mas+PL
gogues gogues Nom:Mas+PL
goguette goguette Nom:Fem+SG
goguettes goguette Nom:Fem+PL
goï goï Nom:Mas+SG
goïm goï Nom:Mas+PL
goinfre goinfre Nom:InvGen+SG
goinfrerie goinfrerie Nom:Fem+SG
goinfres goinfre Nom:InvGen+PL
goitre goitre Nom:Mas+SG
goitres goitre Nom:Mas+PL
goitreuse goitreux Nom:Fem+SG
goitreuses goitreux Nom:Fem+PL
goitreux goitreux Nom:Mas+InvPL
golden golden Nom:Fem+InvPL
golfe golfe Nom:Mas+SG
golfes golfe Nom:Mas+PL
golfeur golfeur Nom:Mas+SG
golfeurs golfeur Nom:Mas+PL
golf golf Nom:Mas+SG
golfs golf Nom:Mas+PL
golmote golmote Nom:Fem+SG
golmotte golmotte Nom:Fem+SG
gomariste gomariste Nom:InvGen+SG
gombo gombo Nom:Mas+SG
goménol goménol Nom:Mas+SG
gomina gomina Nom:Fem+SG
gominas gomina Nom:Fem+PL
gommage gommage Nom:Mas+SG
gommages gommage Nom:Mas+PL
gomme gomme Nom:Fem+SG
gommes gomme Nom:Fem+PL
gommes-guttes gomme-gutte Nom:Fem+PL
gommes-résines gomme-résine Nom:Fem+PL
gommette gommette Nom:Fem+SG
gommeuse gommeur Nom:Fem+SG
gommeuse gommeuse Nom:Fem+SG
gommeuse gommeux Nom:Fem+SG
gommeuses gommeur Nom:Fem+PL
gommeuses gommeuse Nom:Fem+PL
gommeuses gommeux Nom:Fem+PL
gomme-gutte gomme-gutte Nom:Fem+SG
gomme-résine gomme-résine Nom:Fem+SG
gommier gommier Nom:Mas+SG
gommiers gommier Nom:Mas+PL
gommose gommose Nom:Fem+SG
gonade gonade Nom:Fem+SG
gonadostimuline gonadostimuline Nom:Fem+SG
gonadotrophine gonadotrophine Nom:Fem+SG
gond gond Nom:Mas+SG
gondolage gondolage Nom:Mas+SG
gondolages gondolage Nom:Mas+PL
gondole gondole Nom:Fem+SG
gondolement gondolement Nom:Mas+SG
gondolements gondolement Nom:Mas+PL
gondoles gondole Nom:Fem+PL
gondolier gondolier Nom:Mas+SG
gondoliers gondolier Nom:Mas+PL
gonds gond Nom:Mas+PL
gonds gonds Nom:Mas+PL
gonelle gonelle Nom:Fem+SG
gonfalon gonfalon Nom:Mas+SG
gonfalonier gonfalonier Nom:Mas+SG
gonfanon gonfanon Nom:Mas+SG
gonfanonier gonfanonier Nom:Mas+SG
gonflage gonflage Nom:Mas+SG
gonflages gonflage Nom:Mas+PL
gonflant gonflant Nom:Mas+SG
gonfle gonfle Nom:Fem+SG
gonflement gonflement Nom:Mas+SG
gonflements gonflement Nom:Mas+PL
gonfles gonfle Nom:Fem+PL
gonfleur gonfleur Nom:Mas+SG
gonfleurs gonfleur Nom:Mas+PL
gong gong Nom:Mas+SG
gon gon Nom:Mas+SG
gongorisme gongorisme Nom:Mas+SG
gongs gong Nom:Mas+PL
goniomètre goniomètre Nom:Mas+SG
goniométrie goniométrie Nom:Fem+SG
gonion gonion Nom:Mas+SG
gonnelle gonnelle Nom:Fem+SG
gonochorisme gonochorisme Nom:Mas+SG
gonococcie gonococcie Nom:Fem+SG
gonocoque gonocoque Nom:Mas+SG
gonocyte gonocyte Nom:Mas+SG
gonophore gonophore Nom:Mas+SG
gonozoïde gonozoïde Nom:Mas+SG
gonze gonze Nom:Mas+SG
gonzes gonze Nom:Mas+PL
gonzesse gonze Nom:Fem+SG
gonzesse gonzesse Nom:Fem+SG
gonzesses gonze Nom:Fem+PL
gopak gopak Nom:Mas+SG
gopura gopura Nom:Mas+InvPL
gord gord Nom:Mas+SG
goret goret Nom:Mas+SG
gorets goret Nom:Mas+PL
gorfou gorfou Nom:Mas+SG
gorgée gorgée Nom:Fem+SG
gorgées gorgée Nom:Fem+PL
gorge gorge Nom:Fem+SG
gorgeons gorgeon Nom:Mas+PL
gorgerette gorgerette Nom:Fem+SG
gorgerin gorgerin Nom:Mas+SG
gorges gorge Nom:Fem+PL
gorges gorges Nom:Fem+PL
gorget gorget Nom:Mas+SG
gorgonaire gorgonaire Nom:Mas+SG
gorgone gorgone Nom:Fem+SG
gorgonzola gorgonzola Nom:Mas+SG
gorille gorille Nom:Mas+SG
gorilles gorille Nom:Mas+PL
gosette gosette Nom:Fem+SG
gosier gosier Nom:Mas+SG
gosiers gosier Nom:Mas+PL
gospel gospel Nom:Mas+SG
gosse gosse Nom:InvGen+SG
gosses gosse Nom:InvGen+PL
gothique gothique Nom:Fem+SG
gothique gothique Nom:Mas+SG
gothiques gothique Nom:Fem+PL
gothiques gothique Nom:Mas+PL
gotique gotique Nom:Mas+SG
gotiques gotique Nom:Mas+PL
goton goton Nom:Fem+SG
gouache gouache Nom:Fem+SG
gouaches gouache Nom:Fem+PL
gouaille gouaille Nom:Fem+SG
gouaillerie gouaillerie Nom:Fem+SG
gouailles gouaille Nom:Fem+PL
goualante goualante Nom:Fem+SG
goualeuse goualeur Nom:Fem+SG
gouape gouape Nom:Fem+SG
gouapes gouape Nom:Fem+PL
gouda gouda Nom:Mas+SG
goudas gouda Nom:Mas+PL
goudron goudron Nom:Mas+SG
goudronnage goudronnage Nom:Mas+SG
goudronnages goudronnage Nom:Mas+PL
goudronnerie goudronnerie Nom:Fem+SG
goudronneur goudronneur Nom:Mas+SG
goudronneuse goudronneur Nom:Fem+SG
goudronneuse goudronneuse Nom:Fem+SG
goudronneuses goudronneur Nom:Fem+PL
goudronneuses goudronneuse Nom:Fem+PL
goudrons goudron Nom:Mas+PL
goudrons goudrons Nom:Mas+PL
gouet gouet Nom:Mas+SG
gouffre gouffre Nom:Mas+SG
gouffres gouffre Nom:Mas+PL
gouge gouge Nom:Fem+SG
gougelhof gougelhof Nom:Mas+SG
gougère gougère Nom:Fem+SG
gougères gougère Nom:Fem+PL
gouges gouge Nom:Fem+PL
gougnafier gougnafier Nom:Mas+SG
gouille gouille Nom:Fem+SG
gouine gouine Nom:Fem+SG
goujaterie goujaterie Nom:Fem+SG
goujat goujat Nom:Mas+SG
goujats goujat Nom:Mas+PL
goujon goujon Nom:Mas+SG
goujonnage goujonnage Nom:Mas+SG
goujonnages goujonnage Nom:Mas+PL
goujonnière goujonnière Nom:Fem+SG
goujonnières goujonnière Nom:Fem+PL
goujonnier goujonnier Nom:Mas+SG
goujonnoir goujonnoir Nom:Mas+SG
goujons goujon Nom:Mas+PL
goujure goujure Nom:Fem+SG
goulache goulache Nom:Mas+SG
goulafre goulafre Nom:InvGen+SG
goulag goulag Nom:Mas+SG
goulags goulag Nom:Mas+PL
goulasch goulasch Nom:Mas+SG
goulaschs goulasch Nom:Mas+PL
goulée goulée Nom:Fem+SG
goulées goulée Nom:Fem+PL
goule goule Nom:Fem+SG
goulet goulet Nom:Mas+SG
goulets goulet Nom:Mas+PL
goulette goulette Nom:Fem+SG
goulot goulot Nom:Mas+SG
goulots goulot Nom:Mas+PL
goulotte goulotte Nom:Fem+SG
goulottes goulotte Nom:Fem+PL
goulue goulu Nom:Fem+SG
goulues goulues Nom:Fem+PL
goulues goulu Nom:Fem+PL
goulu goulu Nom:Mas+SG
goulus goulu Nom:Mas+PL
goum goum Nom:Mas+SG
goumier goumier Nom:Mas+SG
goupil goupil Nom:Mas+SG
goupille goupille Nom:Fem+SG
goupilles goupille Nom:Fem+PL
goupillon goupillon Nom:Mas+SG
goupillons goupillon Nom:Mas+PL
goura goura Nom:Mas+SG
gourami gourami Nom:Mas+SG
gourance gourance Nom:Fem+SG
gourante gourante Nom:Fem+SG
gourantes gourante Nom:Fem+PL
gouras goura Nom:Mas+PL
gourbi gourbi Nom:Mas+SG
gourde gourde Nom:Fem+SG
gourdes gourde Nom:Fem+PL
gourdin gourdin Nom:Mas+SG
gourdins gourdin Nom:Mas+PL
gourgandine gourgandine Nom:Fem+SG
gourgandines gourgandine Nom:Fem+PL
gour gour Nom:Mas+SG
gourmade gourmade Nom:Fem+SG
gourmande gourmand Nom:Fem+SG
gourmandes gourmand Nom:Fem+PL
gourmandise gourmandise Nom:Fem+SG
gourmandises gourmandise Nom:Fem+PL
gourme gourme Nom:Fem+SG
gourmes gourme Nom:Fem+PL
gourmet gourmet Nom:Mas+SG
gourmets gourmet Nom:Mas+PL
gourmette gourmette Nom:Fem+SG
gourmettes gourmette Nom:Fem+PL
gourou gourou Nom:Mas+SG
gourous gourou Nom:Mas+PL
gouspin gouspin Nom:Mas+SG
goussaut goussaut Nom:Mas+SG
gousse gousse Nom:Fem+SG
gousses gousse Nom:Fem+PL
gousset gousset Nom:Mas+SG
goussets gousset Nom:Mas+PL
goûter goûter Nom:Mas+SG
goûters goûter Nom:Mas+PL
goûteur goûteur Nom:Mas+SG
goût goût Nom:Mas+SG
goûts goût Nom:Mas+PL
goûts goûts Nom:Mas+PL
goutte goutte Nom:Fem+SG
gouttelette gouttelette Nom:Fem+SG
gouttelettes gouttelette Nom:Fem+PL
gouttes goutte Nom:Fem+PL
gouttes gouttes Nom:Fem+PL
gouttière gouttière Nom:Fem+SG
gouttières gouttière Nom:Fem+PL
gouvernail gouvernail Nom:Mas+SG
gouvernails gouvernail Nom:Mas+PL
gouvernance gouvernance Nom:Fem+SG
gouvernante gouvernante Nom:Fem+SG
gouvernante gouvernant Nom:Fem+SG
gouvernantes gouvernante Nom:Fem+PL
gouvernantes gouvernant Nom:Fem+PL
gouvernant gouvernant Nom:Mas+SG
gouvernants gouvernant Nom:Mas+PL
gouverne gouverne Nom:Fem+SG
gouvernementalisme gouvernementalisme Nom:Mas+SG
gouvernement gouvernement Nom:Mas+SG
gouvernements gouvernement Nom:Mas+PL
gouvernes gouverne Nom:Fem+PL
gouvernés gouvernés Nom:Mas+PL
gouverneur gouverneur Nom:Mas+SG
gouverneurs gouverneur Nom:Mas+PL
goyave goyave Nom:Fem+SG
goyaves goyave Nom:Fem+PL
goyavier goyavier Nom:Mas+SG
goy goy Nom:Mas+SG
grabataire grabataire Nom:InvGen+SG
grabataires grabataire Nom:InvGen+PL
grabat grabat Nom:Mas+SG
grabats grabat Nom:Mas+PL
graben graben Nom:Mas+SG
grabuge grabuge Nom:Mas+SG
grâce grâce Nom:Fem+SG
grâces grâce Nom:Fem+PL
grâces grâces Nom:Fem+PL
gracieuseté gracieuseté Nom:Fem+SG
gracieusetés gracieuseté Nom:Fem+PL
gracilité gracilité Nom:Fem+SG
gradation gradation Nom:Fem+SG
gradations gradation Nom:Fem+PL
gradée gradé Nom:Fem+SG
gradées gradé Nom:Fem+PL
grade grade Nom:Mas+SG
gradé gradé Nom:Mas+SG
grader grader Nom:Mas+SG
graders grader Nom:Mas+PL
grades grade Nom:Mas+PL
gradés gradé Nom:Mas+PL
gradient gradient Nom:Mas+SG
gradients gradient Nom:Mas+PL
gradin gradin Nom:Mas+SG
gradins gradin Nom:Mas+PL
graduat graduat Nom:Mas+SG
graduation graduation Nom:Fem+SG
graduations graduation Nom:Fem+PL
graduel graduel Nom:Mas+SG
graduels graduel Nom:Mas+PL
gradus gradus Nom:Mas+InvPL
graffiti graffiti Nom:Mas+PL
graffiti graffiti Nom:Mas+SG
graffitis graffiti Nom:Mas+PL
graille graille Nom:Fem+SG
graillement graillement Nom:Mas+SG
grailles graille Nom:Fem+PL
graillon graillon Nom:Mas+SG
graillons graillon Nom:Mas+PL
grainage grainage Nom:Mas+SG
grainages grainage Nom:Mas+PL
graine graine Nom:Fem+SG
graines graine Nom:Fem+PL
graines graines Nom:Fem+PL
graineterie graineterie Nom:Fem+SG
grainetier grainetier Nom:Mas+SG
grainetiers grainetier Nom:Mas+PL
graineur graineur Nom:Mas+SG
grain grain Nom:Mas+SG
grainière grainier Nom:Fem+SG
grainières grainier Nom:Fem+PL
grainier grainier Nom:Mas+SG
grainiers grainier Nom:Mas+PL
grains grain Nom:Mas+PL
grains grains Nom:Mas+PL
graissage graissage Nom:Mas+SG
graissages graissage Nom:Mas+PL
graisse graisse Nom:Fem+SG
graisses graisse Nom:Fem+PL
graisseur graisseur Nom:Mas+SG
graisseuse graisseur Nom:Fem+SG
graisseuses graisseur Nom:Fem+PL
gramen gramen Nom:Mas+SG
gram gram Nom:Mas+InvPL
graminacée graminacée Nom:Fem+SG
graminacées graminacée Nom:Fem+PL
graminée graminée Nom:Fem+SG
grammaire grammaire Nom:Fem+SG
grammaires grammaire Nom:Fem+PL
grammairien grammairien Nom:Mas+SG
grammairienne grammairien Nom:Fem+SG
grammairiennes grammairien Nom:Fem+PL
grammairiens grammairien Nom:Mas+PL
grammaticalisation grammaticalisation Nom:Fem+SG
grammaticalisations grammaticalisation Nom:Fem+PL
grammaticalité grammaticalité Nom:Fem+SG
grammatiste grammatiste Nom:InvGen+SG
gramme gramme Nom:Mas+SG
grammes gramme Nom:Mas+PL
gramophone gramophone Nom:Mas+SG
grande grand Nom:Fem+SG
grandes grand Nom:Fem+PL
grandesse grandesse Nom:Fem+SG
grandes-duchesses grande-duchesse Nom:Fem+PL
grandeur grandeur Nom:Fem+SG
grandeurs grandeur Nom:Fem+PL
grandeurs grandeurs Nom:Fem+PL
grande-duchesse grande-duchesse Nom:Fem+SG
grand grand Nom:Mas+SG
grandiloquence grandiloquence Nom:Fem+SG
grandiose grandiose Nom:Mas+SG
grands grand Nom:Mas+PL
grands-angles grand-angle Nom:Mas+PL
grands-angulaires grand-angulaire Nom:Mas+PL
grands-duchés grand-duché Nom:Mas+PL
grands-ducs grand-duc Nom:Mas+PL
grands-mères grand-mère Nom:Fem+PL
grands-messes grand-messe Nom:Fem+PL
grands-oncles grand-oncle Nom:Mas+PL
grands-papas grand-papa Nom:Mas+PL
grands-parents grands-parents Nom:Mas+PL
grands-pères grand-père Nom:Mas+PL
grands-tantes grand-tante Nom:Fem+PL
grand-angle grand-angle Nom:Mas+SG
grand-angulaire grand-angulaire Nom:Mas+SG
grand-chose grand-chose Nom:InvGen+InvPL
grand-chose grand-chose Nom:Mas+InvPL
grand-croix grand-croix Nom:Fem+InvPL
grand-croix grand-croix Nom:Mas+SG
grand-duc grand-duc Nom:Mas+SG
grand-duché grand-duché Nom:Mas+SG
grand-guignol grand-guignol Nom:Mas+SG
grand-mère grand-mère Nom:Fem+SG
grand-mères grand-mère Nom:Fem+PL
grand-messe grand-messe Nom:Fem+SG
grand-messes grand-messe Nom:Fem+PL
grand-oncle grand-oncle Nom:Mas+SG
grand-papa grand-papa Nom:Mas+SG
grand-père grand-père Nom:Mas+SG
grand-rue grand-rue Nom:Fem+SG
grand-tante grand-tante Nom:Fem+SG
grand-tantes grand-tante Nom:Fem+PL
grange grange Nom:Fem+SG
granges grange Nom:Fem+PL
granite granite Nom:Mas+SG
granité granité Nom:Mas+SG
granites granite Nom:Mas+PL
granités granité Nom:Mas+PL
granit granit Nom:Mas+SG
granitisation granitisation Nom:Fem+SG
granits granit Nom:Mas+PL
granny-smith granny-smith Nom:Mas+SG
granularité granularité Nom:Fem+SG
granularités granularité Nom:Fem+PL
granulateur granulateur Nom:Mas+SG
granulat granulat Nom:Mas+SG
granulation granulation Nom:Fem+SG
granulations granulation Nom:Fem+PL
granule granule Nom:Mas+SG
granules granule Nom:Mas+PL
granulie granulie Nom:Fem+SG
granulite granulite Nom:Fem+SG
granulocyte granulocyte Nom:Mas+SG
granulomatose granulomatose Nom:Fem+SG
granulome granulome Nom:Mas+SG
granulométrie granulométrie Nom:Fem+SG
grapefruit grapefruit Nom:Mas+SG
grape-fruit grape-fruit Nom:Mas+SG
graphe graphe Nom:Mas+SG
graphème graphème Nom:Mas+SG
graphèmes graphème Nom:Mas+PL
graphes graphe Nom:Mas+PL
graphie graphie Nom:Fem+SG
graphies graphie Nom:Fem+PL
graphique graphique Nom:Fem+SG
graphique graphique Nom:Mas+SG
graphiques graphique Nom:Fem+PL
graphiques graphique Nom:Mas+PL
graphisme graphisme Nom:Mas+SG
graphismes graphisme Nom:Mas+PL
graphiste graphiste Nom:InvGen+SG
graphistes graphiste Nom:InvGen+PL
graphitage graphitage Nom:Mas+SG
graphite graphite Nom:Mas+SG
graphites graphite Nom:Mas+PL
graphologie graphologie Nom:Fem+SG
graphologue graphologue Nom:InvGen+SG
graphologues graphologue Nom:InvGen+PL
graphomètre graphomètre Nom:Mas+SG
grappe grappe Nom:Fem+SG
grappes grappe Nom:Fem+PL
grappillage grappillage Nom:Mas+SG
grappillages grappillage Nom:Mas+PL
grappilleur grappilleur Nom:Mas+SG
grappillon grappillon Nom:Mas+SG
grappillons grappillon Nom:Mas+PL
grappin grappin Nom:Mas+SG
grappins grappin Nom:Mas+PL
gras gras Nom:Mas+InvPL
grasserie grasserie Nom:Fem+SG
grasset grasset Nom:Mas+SG
grasseyement grasseyement Nom:Mas+SG
gras-double gras-double Nom:Mas+SG
grateron grateron Nom:Mas+SG
graticule graticule Nom:Mas+SG
graticules graticule Nom:Mas+PL
gratification gratification Nom:Fem+SG
gratifications gratification Nom:Fem+PL
gratinée gratinée Nom:Fem+SG
gratinées gratinée Nom:Fem+PL
gratiné gratiné Nom:Mas+SG
gratinés gratiné Nom:Mas+PL
gratin gratin Nom:Mas+SG
gratins gratin Nom:Mas+PL
gratiole gratiole Nom:Fem+SG
gratioles gratiole Nom:Fem+PL
gratitude gratitude Nom:Fem+SG
grattage grattage Nom:Mas+SG
grattages grattage Nom:Mas+PL
gratte gratte Nom:Fem+SG
grattelle grattelle Nom:Fem+SG
grattement grattement Nom:Mas+SG
grattements grattement Nom:Mas+PL
gratteron gratteron Nom:Mas+SG
gratterons gratteron Nom:Mas+PL
grattes gratte Nom:Fem+PL
gratteur gratteur Nom:Mas+SG
gratte-ciel gratte-ciel Nom:Mas+InvPL
gratte-cul gratte-cul Nom:Mas+InvPL
gratte-cul gratte-cul Nom:Mas+SG
gratte-dos gratte-dos Nom:Mas+InvPL
gratte-papier gratte-papier Nom:Mas+InvPL
gratte-papier gratte-papier Nom:Mas+SG
grattoir grattoir Nom:Mas+SG
grattoirs grattoir Nom:Mas+PL
grattons gratton Nom:Mas+PL
grattons grattons Nom:Mas+PL
gratture gratture Nom:Fem+SG
gratuité gratuité Nom:Fem+SG
grau grau Nom:Mas+SG
graux grau Nom:Mas+PL
gravatier gravatier Nom:Mas+SG
gravats gravats Nom:Mas+PL
grave grave Nom:Fem+SG
grave grave Nom:Mas+SG
gravelée gravelée Nom:Fem+SG
gravelle gravelle Nom:Fem+SG
gravelure gravelure Nom:Fem+SG
graves grave Nom:Fem+PL
graves grave Nom:Mas+PL
graves graves Nom:Fem+PL
graves graves Nom:Mas+InvPL
graveur graveur Nom:Mas+SG
graveurs graveur Nom:Mas+PL
gravidité gravidité Nom:Fem+SG
gravier gravier Nom:Mas+SG
graviers gravier Nom:Mas+PL
gravillon gravillon Nom:Mas+SG
gravillonnage gravillonnage Nom:Mas+SG
gravillons gravillon Nom:Mas+PL
gravimétrie gravimétrie Nom:Fem+SG
gravitation gravitation Nom:Fem+SG
gravitations gravitation Nom:Fem+PL
gravité gravité Nom:Fem+SG
gravitons graviton Nom:Mas+PL
gravois gravois Nom:Mas+PL
gravure gravure Nom:Fem+SG
gravures gravure Nom:Fem+PL
gray gray Nom:Mas+SG
grèbe grèbe Nom:Mas+SG
grébiche grébiche Nom:Fem+SG
grébige grébige Nom:Fem+SG
grec grec Nom:Mas+SG
grécité grécité Nom:Fem+SG
grecque grec Nom:Fem+SG
grecque grecque Nom:Fem+SG
grecques grec Nom:Fem+PL
grecques grecque Nom:Fem+PL
grecs grec Nom:Mas+PL
gredine gredin Nom:Fem+SG
gredinerie gredinerie Nom:Fem+SG
gredines gredin Nom:Fem+PL
gredin gredin Nom:Mas+SG
gredins gredin Nom:Mas+PL
gréement gréement Nom:Mas+SG
gréements gréement Nom:Mas+PL
green green Nom:Mas+SG
greffage greffage Nom:Mas+SG
greffages greffage Nom:Mas+PL
greffe greffe Nom:Fem+SG
greffe greffe Nom:Mas+SG
greffé greffé Nom:Mas+SG
greffes greffe Nom:Fem+PL
greffes greffe Nom:Mas+PL
greffés greffé Nom:Mas+PL
greffeur greffeur Nom:Mas+SG
greffeurs greffeur Nom:Mas+PL
greffier greffier Nom:Mas+SG
greffiers greffier Nom:Mas+PL
greffoir greffoir Nom:Mas+SG
greffon greffon Nom:Mas+SG
greffons greffon Nom:Mas+PL
grégarisme grégarisme Nom:Mas+SG
grège grège Nom:Mas+SG
grèges grège Nom:Mas+PL
grégorien grégorien Nom:Mas+SG
grégoriens grégorien Nom:Mas+PL
gré gré Nom:Mas+SG
grègues grègues Nom:Fem+PL
grêle grêle Nom:Fem+SG
grêles grêle Nom:Fem+PL
grelin grelin Nom:Mas+SG
grêlon grêlon Nom:Mas+SG
grêlons grêlon Nom:Mas+PL
grelot grelot Nom:Mas+SG
grelots grelot Nom:Mas+PL
grelottement grelottement Nom:Mas+SG
greluchon greluchon Nom:Mas+SG
grémil grémil Nom:Mas+SG
grémille grémille Nom:Fem+SG
grémilles grémille Nom:Fem+PL
grenache grenache Nom:Mas+SG
grenadage grenadage Nom:Mas+SG
grenade grenade Nom:Fem+SG
grenades grenade Nom:Fem+PL
grenades grenades Nom:Fem+PL
grenadeur grenadeur Nom:Mas+SG
grenadière grenadière Nom:Fem+SG
grenadière grenadier Nom:Fem+SG
grenadier grenadier Nom:Mas+SG
grenadiers grenadier Nom:Mas+PL
grenadille grenadille Nom:Fem+SG
grenadine grenadine Nom:Fem+SG
grenadine grenadin Nom:Fem+SG
grenadines grenadine Nom:Fem+PL
grenadines grenadin Nom:Fem+PL
grenadin grenadin Nom:Mas+SG
grenage grenage Nom:Mas+SG
grenages grenage Nom:Mas+PL
grenaillage grenaillage Nom:Mas+SG
grenaillages grenaillage Nom:Mas+PL
grenaille grenaille Nom:Fem+SG
grenailles grenaille Nom:Fem+PL
grenaison grenaison Nom:Fem+SG
grenat grenat Nom:Mas+SG
grenats grenat Nom:Mas+PL
grènetis grènetis Nom:Mas+InvPL
greneur greneur Nom:Mas+SG
grenier grenier Nom:Mas+SG
greniers grenier Nom:Mas+PL
grenobloise grenoblois Nom:Fem+SG
grenobloises grenoblois Nom:Fem+PL
grenoblois grenoblois Nom:Mas+InvPL
grenouillage grenouillage Nom:Mas+SG
grenouillages grenouillage Nom:Mas+PL
grenouille grenouille Nom:Fem+SG
grenouillère grenouillère Nom:Fem+SG
grenouilles grenouille Nom:Fem+PL
grenouillette grenouillette Nom:Fem+SG
grenu grenu Nom:Mas+SG
grenure grenure Nom:Fem+SG
grenus grenu Nom:Mas+PL
grésage grésage Nom:Mas+SG
grès grès Nom:Mas+InvPL
grésil grésil Nom:Mas+SG
grésillement grésillement Nom:Mas+SG
grésillements grésillement Nom:Mas+PL
grésillons grésillon Nom:Mas+PL
grésoir grésoir Nom:Mas+SG
gressin gressin Nom:Mas+SG
gressins gressin Nom:Mas+PL
grevée grevé Nom:Fem+SG
grevées grevé Nom:Fem+PL
grève grève Nom:Fem+SG
grevé grevé Nom:Mas+SG
grèves grève Nom:Fem+PL
grevés grevé Nom:Mas+PL
gréviste gréviste Nom:InvGen+SG
grévistes gréviste Nom:InvGen+PL
gribiche gribiche Nom:Fem+SG
gribouillage gribouillage Nom:Mas+SG
gribouillages gribouillage Nom:Mas+PL
gribouille gribouille Nom:Mas+SG
gribouilles gribouille Nom:Mas+PL
gribouilleur gribouilleur Nom:Mas+SG
gribouilleurs gribouilleur Nom:Mas+PL
gribouilleuse gribouilleur Nom:Fem+SG
gribouillis gribouillis Nom:Mas+InvPL
grief grief Nom:Mas+SG
griefs grief Nom:Mas+PL
griffade griffade Nom:Fem+SG
griffe griffe Nom:Fem+SG
griffes griffe Nom:Fem+PL
griffes griffes Nom:Fem+PL
griffeur griffeur Nom:Mas+SG
griffeuse griffeur Nom:Fem+SG
griffon griffon Nom:Mas+SG
griffonnage griffonnage Nom:Mas+SG
griffonnages griffonnage Nom:Mas+PL
griffonnement griffonnement Nom:Mas+SG
griffonneur griffonneur Nom:Mas+SG
griffonneuse griffonneur Nom:Fem+SG
griffons griffon Nom:Mas+PL
griffure griffure Nom:Fem+SG
griffures griffure Nom:Fem+PL
grifton grifton Nom:Mas+SG
grigne grigne Nom:Fem+SG
grignes grigne Nom:Fem+PL
grignon grignon Nom:Mas+SG
grignons grignon Nom:Mas+PL
grignons grignons Nom:Mas+PL
grignotage grignotage Nom:Mas+SG
grignotages grignotage Nom:Mas+PL
grignotement grignotement Nom:Mas+SG
grignoteur grignoteur Nom:Mas+SG
grignoteuse grignoteur Nom:Fem+SG
grignoteuse grignoteuse Nom:Fem+SG
grignotis grignotis Nom:Mas+InvPL
grigou grigou Nom:Mas+SG
grigous grigou Nom:Mas+PL
grigri grigri Nom:Mas+SG
gri gri Nom:Mas+SG
grigris grigri Nom:Mas+PL
gril gril Nom:Mas+SG
grillade grillade Nom:Fem+SG
grillades grillade Nom:Fem+PL
grillage grillage Nom:Mas+SG
grillages grillage Nom:Mas+PL
grillageur grillageur Nom:Mas+SG
grille grille Nom:Fem+SG
grilles grille Nom:Fem+PL
grilles-écrans grille-écran Nom:Fem+PL
grille-écran grille-écran Nom:Fem+SG
grille-pain grille-pain Nom:Mas+InvPL
grill grill Nom:Mas+SG
grilloir grilloir Nom:Mas+SG
grilloirs grilloir Nom:Mas+PL
grillon grillon Nom:Mas+SG
grillons grillon Nom:Mas+PL
grill-room grill-room Nom:Mas+SG
grils gril Nom:Mas+PL
grimace grimace Nom:Fem+SG
grimaces grimace Nom:Fem+PL
grimage grimage Nom:Mas+SG
grimages grimage Nom:Mas+PL
grimaud grimaud Nom:Mas+SG
grimoire grimoire Nom:Mas+SG
grimoires grimoire Nom:Mas+PL
grimpant grimpant Nom:Mas+SG
grimpants grimpant Nom:Mas+PL
grimpée grimpée Nom:Fem+SG
grimpées grimpée Nom:Fem+PL
grimpereau grimpereau Nom:Mas+SG
grimpereaux grimpereau Nom:Mas+PL
grimper grimper Nom:Mas+SG
grimpette grimpette Nom:Fem+SG
grimpettes grimpette Nom:Fem+PL
grimpeur grimpeur Nom:Mas+SG
grimpeuse grimpeur Nom:Fem+SG
grimpeuses grimpeur Nom:Fem+PL
grincement grincement Nom:Mas+SG
grincements grincement Nom:Mas+PL
grincheuse grincheux Nom:Fem+SG
grincheuses grincheux Nom:Fem+PL
grincheux grincheux Nom:Mas+InvPL
gringalet gringalet Nom:Mas+SG
gringalets gringalet Nom:Mas+PL
gringo gringo Nom:InvGen+SG
griot griot Nom:Mas+SG
griots griot Nom:Mas+PL
griotte griot Nom:Fem+SG
griotte griotte Nom:Fem+SG
griottes griot Nom:Fem+PL
griottes griotte Nom:Fem+PL
grippage grippage Nom:Mas+SG
grippages grippage Nom:Mas+PL
grippée grippé Nom:Fem+SG
grippées grippé Nom:Fem+PL
grippe grippe Nom:Fem+SG
grippé grippé Nom:Mas+SG
grippement grippement Nom:Mas+SG
grippements grippement Nom:Mas+PL
grippes grippe Nom:Fem+PL
grippés grippé Nom:Mas+PL
grippe-sou grippe-sou Nom:Mas+InvPL
grippe-sou grippe-sou Nom:Mas+SG
grippe-sous grippe-sou Nom:Mas+PL
grisaille grisaille Nom:Fem+SG
grisailles grisaille Nom:Fem+PL
grisard grisard Nom:Mas+SG
grisbi grisbi Nom:Mas+SG
grisée grisée Nom:Fem+SG
grisées grisée Nom:Fem+PL
grisé grisé Nom:Mas+SG
griserie griserie Nom:Fem+SG
grisés grisé Nom:Mas+PL
griset griset Nom:Mas+SG
grisette grisette Nom:Fem+SG
grisettes grisette Nom:Fem+PL
gris gri Nom:Mas+PL
gris gris Nom:Mas+InvPL
grison grison Nom:Mas+SG
grisonne grison Nom:Fem+SG
grisonnement grisonnement Nom:Mas+SG
grisonnes grison Nom:Fem+PL
grisons grison Nom:Mas+PL
grisou grisou Nom:Mas+SG
grisoumètre grisoumètre Nom:Mas+SG
gris-gris gris-gris Nom:Mas+InvPL
gris-gris gri-gri Nom:Mas+PL
grive grive Nom:Fem+SG
grivèlerie grivèlerie Nom:Fem+SG
griveleur griveleur Nom:Mas+SG
griveleuse griveleur Nom:Fem+SG
grivelure grivelure Nom:Fem+SG
grives grive Nom:Fem+PL
griveton griveton Nom:Mas+SG
grivoise grivoise Nom:Fem+SG
grivoiserie grivoiserie Nom:Fem+SG
grivoiseries grivoiserie Nom:Fem+PL
grivoises grivoise Nom:Fem+PL
grizzli grizzli Nom:Mas+SG
grizzlis grizzli Nom:Mas+PL
grizzly grizzly Nom:Mas+SG
gri-gri gri-gri Nom:Mas+SG
groenendael groenendael Nom:Mas+SG
groenendaels groenendael Nom:Mas+PL
groenlandaise groenlandais Nom:Fem+SG
groenlandais groenlandais Nom:Mas+InvPL
grog grog Nom:Mas+SG
grognante grognante Nom:Mas+SG
grognantes grognante Nom:Mas+PL
grognarde grognard Nom:Fem+SG
grognardes grognard Nom:Fem+PL
grognard grognard Nom:Mas+SG
grognards grognard Nom:Mas+PL
grognasse grognasse Nom:Fem+SG
grognasses grognasse Nom:Fem+PL
grogne grogne Nom:Fem+SG
grognement grognement Nom:Mas+SG
grognements grognement Nom:Mas+PL
grognerie grognerie Nom:Fem+SG
grognes grogne Nom:Fem+PL
grogneur grogneur Nom:Mas+SG
grogneuse grogneur Nom:Fem+SG
grognon grognon Nom:InvGen+SG
grognons grognon Nom:InvGen+PL
grogs grog Nom:Mas+PL
groie groie Nom:Fem+SG
groin groin Nom:Mas+SG
groins groin Nom:Mas+PL
groisil groisil Nom:Mas+SG
grole grole Nom:Fem+SG
grolle grolle Nom:Fem+SG
grolles grolle Nom:Fem+PL
grolles grolles Nom:Fem+PL
grommellement grommellement Nom:Mas+SG
grommellements grommellement Nom:Mas+PL
grondement grondement Nom:Mas+SG
grondements grondement Nom:Mas+PL
gronderie gronderie Nom:Fem+SG
gronderies gronderie Nom:Fem+PL
grondin grondin Nom:Mas+SG
grondins grondin Nom:Mas+PL
groom groom Nom:Mas+SG
grooms groom Nom:Mas+PL
groschen groschen Nom:Mas+SG
groseille groseille Nom:Fem+SG
groseilles groseille Nom:Fem+PL
groseillier groseillier Nom:Mas+SG
groseilliers groseillier Nom:Mas+PL
gros gros Nom:Mas+InvPL
gros gros Nom:Mas+SG
grosse gros Nom:Fem+SG
grosse grosse Nom:Fem+SG
grosserie grosserie Nom:Fem+SG
grosses gros Nom:Fem+PL
grosses grosse Nom:Fem+PL
grossesse grossesse Nom:Fem+SG
grossesses grossesse Nom:Fem+PL
grosseur grosseur Nom:Fem+SG
grosseurs grosseur Nom:Fem+PL
grossièreté grossièreté Nom:Fem+SG
grossièretés grossièreté Nom:Fem+PL
grossissement grossissement Nom:Mas+SG
grossissements grossissement Nom:Mas+PL
grossiste grossiste Nom:InvGen+SG
grossistes grossiste Nom:InvGen+PL
grossium grossium Nom:Mas+SG
grossulaire grossulaire Nom:Mas+SG
gros-grain gros-grain Nom:Mas+SG
gros-porteur gros-porteur Nom:Mas+SG
gros-porteurs gros-porteur Nom:Mas+PL
grotesque grotesque Nom:InvGen+SG
grotesque grotesque Nom:Mas+SG
grotesques grotesque Nom:InvGen+PL
grotesques grotesques Nom:Mas+PL
grotte grotte Nom:Fem+SG
grottes grotte Nom:Fem+PL
grouillement grouillement Nom:Mas+SG
grouillot grouillot Nom:Mas+SG
ground ground Nom:Mas+SG
groupage groupage Nom:Mas+SG
groupages groupage Nom:Mas+PL
groupe groupe Nom:Mas+SG
groupement groupement Nom:Mas+SG
groupements groupement Nom:Mas+PL
groupes groupe Nom:Mas+PL
groupeur groupeur Nom:Mas+SG
group group Nom:Mas+SG
groupie groupie Nom:InvGen+SG
groupiste groupiste Nom:InvGen+SG
groupuscule groupuscule Nom:Mas+SG
groupuscules groupuscule Nom:Mas+PL
grouse grouse Nom:Fem+SG
grouses grouse Nom:Fem+PL
gruau gruau Nom:Mas+SG
gruaux gruau Nom:Mas+PL
grue grue Nom:Fem+SG
gruerie gruerie Nom:Fem+SG
grues grue Nom:Fem+PL
grugeage grugeage Nom:Mas+SG
grugeoir grugeoir Nom:Mas+SG
grugeoirs grugeoir Nom:Mas+PL
grumeau grumeau Nom:Mas+SG
grumeaux grumeau Nom:Mas+PL
grume grume Nom:Fem+SG
grumelure grumelure Nom:Fem+SG
grumes grume Nom:Fem+PL
grumier grumier Nom:Mas+SG
gruon gruon Nom:Mas+SG
gruppetto gruppetto Nom:Mas+SG
grutière grutier Nom:Fem+SG
grutier grutier Nom:Mas+SG
grutiers grutier Nom:Mas+PL
gruyère gruyère Nom:Mas+SG
gruyer gruyer Nom:Mas+SG
gryllidés gryllidé Nom:Mas+PL
gryphée gryphée Nom:Fem+SG
guadeloupéen guadeloupéen Nom:Mas+SG
guanaco guanaco Nom:Mas+SG
guanidine guanidine Nom:Fem+SG
guanine guanine Nom:Fem+SG
guano guano Nom:Mas+SG
guarani guarani Nom:InvGen+SG
guarani guarani Nom:Mas+SG
guard guard Nom:Mas+SG
guatémaltèque guatémaltèque Nom:InvGen+SG
guèbre guèbre Nom:InvGen+SG
guède guède Nom:Fem+SG
gué gué Nom:Mas+SG
guéguerre guéguerre Nom:Fem+SG
guelte guelte Nom:Fem+SG
guenille guenille Nom:Fem+SG
guenilles guenille Nom:Fem+PL
guenilleuse guenilleux Nom:Fem+SG
guenilleuses guenilleux Nom:Fem+PL
guenon guenon Nom:Fem+SG
guenons guenon Nom:Fem+PL
guépard guépard Nom:Mas+SG
guépards guépard Nom:Mas+PL
guêpe guêpe Nom:Fem+SG
guêpes guêpe Nom:Fem+PL
guêpière guêpière Nom:Fem+SG
guêpières guêpière Nom:Fem+PL
guêpier guêpier Nom:Mas+SG
guêpiers guêpier Nom:Mas+PL
guerdon guerdon Nom:Mas+SG
guéret guéret Nom:Mas+SG
guérets guéret Nom:Mas+PL
guéridon guéridon Nom:Mas+SG
guéridons guéridon Nom:Mas+PL
guérilla guérilla Nom:Fem+SG
guérillas guérilla Nom:Fem+PL
guérillero guérillero Nom:Mas+SG
guérilleros guérillero Nom:Mas+PL
guérison guérison Nom:Fem+SG
guérisons guérison Nom:Fem+PL
guérisseurs guérisseur Nom:Mas+PL
guérisseuse guérisseur Nom:Fem+SG
guérisseuses guérisseur Nom:Fem+PL
guérite guérite Nom:Fem+SG
guérites guérite Nom:Fem+PL
guernesiais guernesiais Nom:Mas+InvPL
guerre guerre Nom:Fem+SG
guerres guerre Nom:Fem+PL
guerrière guerrier Nom:Fem+SG
guerrières guerrier Nom:Fem+PL
guerrier guerrier Nom:Mas+SG
guerriers guerrier Nom:Mas+PL
guerroyante guerroyante Nom:Mas+SG
guerroyantes guerroyante Nom:Mas+PL
guesdiste guesdiste Nom:InvGen+SG
gués gué Nom:Mas+PL
guète guète Nom:Fem+SG
guet guet Nom:Mas+SG
guêtre guêtre Nom:Fem+SG
guêtres guêtre Nom:Fem+PL
guêtres guêtres Nom:Fem+PL
guêtron guêtron Nom:Mas+SG
guêtrons guêtron Nom:Mas+PL
guets guet Nom:Mas+PL
guets-apens guet-apens Nom:Mas+PL
guette guette Nom:Fem+SG
guettes guette Nom:Fem+PL
guetteur guetteur Nom:Mas+SG
guetteurs guetteur Nom:Mas+PL
guetteuse guetteur Nom:Fem+SG
guet-apens guet-apens Nom:Mas+SG
gueulante gueulante Nom:Fem+SG
gueulantes gueulante Nom:Fem+PL
gueularde gueulard Nom:Fem+SG
gueulardes gueulard Nom:Fem+PL
gueule gueule Nom:Fem+SG
gueulement gueulement Nom:Mas+SG
gueules gueule Nom:Fem+PL
gueules gueules Nom:Mas+PL
gueules-de-loup gueule-de-loup Nom:Fem+PL
gueuleton gueuleton Nom:Mas+SG
gueuletons gueuleton Nom:Mas+PL
gueulette gueulette Nom:Fem+SG
gueule-de-loup gueule-de-loup Nom:Fem+SG
gueuloir gueuloir Nom:Mas+SG
gueuse gueuse Nom:Fem+SG
gueuse gueux Nom:Fem+SG
gueuserie gueuserie Nom:Fem+SG
gueuses gueuse Nom:Fem+PL
gueuses gueux Nom:Fem+PL
gueux gueux Nom:Mas+PL
gueux gueux Nom:Mas+SG
guèze guèze Nom:Mas+SG
gugusse gugusse Nom:Mas+SG
guibole guibole Nom:Fem+SG
guibolle guibolle Nom:Fem+SG
guibolles guibolle Nom:Fem+PL
guibre guibre Nom:Fem+SG
guiche guiche Nom:Fem+SG
guiches guiche Nom:Fem+PL
guichet guichet Nom:Mas+SG
guichetière guichetier Nom:Fem+SG
guichetières guichetier Nom:Fem+PL
guichetier guichetier Nom:Mas+SG
guichetiers guichetier Nom:Mas+PL
guichets guichet Nom:Mas+PL
guidage guidage Nom:Mas+SG
guidages guidage Nom:Mas+PL
guidant guidant Nom:Mas+SG
guideau guideau Nom:Mas+SG
guideaux guideau Nom:Mas+PL
guide guide Nom:Fem+SG
guide guide Nom:InvGen+SG
guide guide Nom:Mas+SG
guiderope guiderope Nom:Mas+SG
guides guide Nom:Fem+PL
guides guide Nom:InvGen+PL
guides guide Nom:Mas+PL
guide-âne guide-âne Nom:Mas+InvPL
guide-âne guide-âne Nom:Mas+SG
guidon guidon Nom:Mas+SG
guidons guidon Nom:Mas+PL
guignarde guignard Nom:Fem+SG
guignardes guignard Nom:Fem+PL
guignard guignard Nom:Mas+SG
guigne guigne Nom:Fem+SG
guignes guigne Nom:Fem+PL
guignette guignette Nom:Fem+SG
guignette guignette Nom:Mas+SG
guignier guignier Nom:Mas+SG
guigniers guignier Nom:Mas+PL
guignolet guignolet Nom:Mas+SG
guignol guignol Nom:Mas+SG
guignols guignol Nom:Mas+PL
guignon guignon Nom:Mas+SG
guignons guignon Nom:Mas+PL
gui gui Nom:Mas+SG
guilde guilde Nom:Fem+SG
guildes guilde Nom:Fem+PL
guillaume guillaume Nom:Mas+SG
guilledou guilledou Nom:Mas+SG
guillemet guillemet Nom:Mas+SG
guillemets guillemet Nom:Mas+PL
guillemets guillemets Nom:Mas+PL
guillemot guillemot Nom:Mas+SG
guillochage guillochage Nom:Mas+SG
guillochages guillochage Nom:Mas+PL
guilloche guilloche Nom:Fem+SG
guilloché guilloché Nom:Mas+SG
guilloches guilloche Nom:Fem+PL
guillocheur guillocheur Nom:Mas+SG
guillochis guillochis Nom:Mas+InvPL
guillochure guillochure Nom:Fem+SG
guillon guillon Nom:Mas+SG
guillotinée guillotiné Nom:Fem+SG
guillotinées guillotiné Nom:Fem+PL
guillotine guillotine Nom:Fem+SG
guillotines guillotine Nom:Fem+PL
guillotinés guillotiné Nom:Mas+PL
guimauve guimauve Nom:Fem+SG
guimbarde guimbarde Nom:Fem+SG
guimbardes guimbarde Nom:Fem+PL
guimpe guimpe Nom:Fem+SG
guimpes guimpe Nom:Fem+PL
guindant guindant Nom:Mas+SG
guindeau guindeau Nom:Mas+SG
guindeaux guindeau Nom:Mas+PL
guinderesse guinderesse Nom:Fem+SG
guinée guinée Nom:Fem+SG
guinéen guinéen Nom:Mas+SG
guinéenne guinéen Nom:Fem+SG
guinéennes guinéen Nom:Fem+PL
guinées guinée Nom:Fem+PL
guinguette guinguette Nom:Fem+SG
guinguettes guinguette Nom:Fem+PL
guipage guipage Nom:Mas+SG
guipages guipage Nom:Mas+PL
guipé guipé Nom:Mas+SG
guipoir guipoir Nom:Mas+SG
guipon guipon Nom:Mas+SG
guipons guipon Nom:Mas+PL
guipure guipure Nom:Fem+SG
guipures guipure Nom:Fem+PL
guirlande guirlande Nom:Fem+SG
guirlandes guirlande Nom:Fem+PL
guisarme guisarme Nom:Fem+SG
guise guise Nom:Fem+SG
guis gui Nom:Mas+PL
guitare guitare Nom:Fem+SG
guitares guitare Nom:Fem+PL
guitariste guitariste Nom:InvGen+SG
guitaristes guitariste Nom:InvGen+PL
guitoune guitoune Nom:Fem+SG
gujarati gujarati Nom:Mas+SG
gulden gulden Nom:Mas+SG
gum gum Nom:Mas+SG
gunitage gunitage Nom:Mas+SG
gunite gunite Nom:Fem+SG
gunites gunite Nom:Fem+PL
guppy guppy Nom:Mas+SG
guru guru Nom:Mas+SG
gus gus Nom:Mas+InvPL
guss guss Nom:Mas+InvPL
gustation gustation Nom:Fem+SG
gustations gustation Nom:Fem+PL
gustométrie gustométrie Nom:Fem+SG
gutta gutta Nom:Fem+SG
guttas gutta Nom:Fem+PL
guttas-perchas gutta-percha Nom:Fem+PL
gutta-percha gutta-percha Nom:Fem+SG
gutte gutte Nom:Fem+SG
guttes gutte Nom:Fem+PL
guttiférale guttiférale Nom:Fem+SG
guttiférales guttiférale Nom:Fem+PL
guttifère guttifère Nom:Fem+SG
gutturale gutturale Nom:Fem+SG
gutturales gutturale Nom:Fem+PL
guyanais guyanais Nom:Mas+InvPL
guyot guyot Nom:Fem+SG
guyot guyot Nom:Mas+SG
guzla guzla Nom:Fem+SG
gym gym Nom:Fem+SG
gymkhana gymkhana Nom:Mas+SG
gymkhanas gymkhana Nom:Mas+PL
gymnase gymnase Nom:Mas+SG
gymnases gymnase Nom:Mas+PL
gymnasiarque gymnasiarque Nom:InvGen+SG
gymnaste gymnaste Nom:InvGen+SG
gymnastes gymnaste Nom:InvGen+PL
gymnastique gymnastique Nom:Fem+SG
gymnique gymnique Nom:Fem+SG
gymniques gymnique Nom:Fem+PL
gymnosophiste gymnosophiste Nom:InvGen+SG
gymnote gymnote Nom:Mas+SG
gynandromorphisme gynandromorphisme Nom:Mas+SG
gynécée gynécée Nom:Mas+SG
gynécées gynécée Nom:Mas+PL
gynécologie gynécologie Nom:Fem+SG
gynécologue gynécologue Nom:InvGen+SG
gynécologues gynécologue Nom:InvGen+PL
gynécomastie gynécomastie Nom:Fem+SG
gynérium gynérium Nom:Mas+SG
gypaète gypaète Nom:Mas+SG
gypaètes gypaète Nom:Mas+PL
gypsage gypsage Nom:Mas+SG
gypse gypse Nom:Mas+SG
gypses gypse Nom:Mas+PL
gypsomètre gypsomètre Nom:Mas+SG
gypsophile gypsophile Nom:Fem+SG
gyrin gyrin Nom:Mas+SG
gyrocompas gyrocompas Nom:Mas+InvPL
gyromètre gyromètre Nom:Mas+SG
gyromitre gyromitre Nom:Mas+SG
gyrophare gyrophare Nom:Mas+SG
gyropilote gyropilote Nom:Mas+SG
gyroscope gyroscope Nom:Mas+SG
gyroscopes gyroscope Nom:Mas+PL
gyrostat gyrostat Nom:Mas+SG
