habanera habanera Nom:Fem+SG
habileté habileté Nom:Fem+SG
habiletés habileté Nom:Fem+PL
habilitation habilitation Nom:Fem+SG
habilitations habilitation Nom:Fem+PL
habilité habilité Nom:Fem+SG
habilités habilité Nom:Fem+PL
habillage habillage Nom:Mas+SG
habillages habillage Nom:Mas+PL
habillement habillement Nom:Mas+SG
habillements habillement Nom:Mas+PL
habilleur habilleur Nom:Mas+SG
habilleuse habilleur Nom:Fem+SG
habilleuses habilleur Nom:Fem+PL
habitabilité habitabilité Nom:Fem+SG
habitacle habitacle Nom:Mas+SG
habitacles habitacle Nom:Mas+PL
habitante habitant Nom:Fem+SG
habitantes habitant Nom:Fem+PL
habitant habitant Nom:Mas+SG
habitants habitant Nom:Mas+PL
habitat habitat Nom:Mas+SG
habitation habitation Nom:Fem+SG
habitations habitation Nom:Fem+PL
habitats habitat Nom:Mas+PL
habit habit Nom:Mas+SG
habits habit Nom:Mas+PL
habits habits Nom:Mas+PL
habituation habituation Nom:Fem+SG
habituations habituation Nom:Fem+PL
habitude habitude Nom:Fem+SG
habitudes habitude Nom:Fem+PL
habitudes habitudes Nom:Fem+PL
habituée habitué Nom:Fem+SG
habituées habitué Nom:Fem+PL
habitué habitué Nom:Mas+SG
habituel habituel Nom:Mas+SG
habituels habituel Nom:Mas+PL
habitués habitué Nom:Mas+PL
habitus habitus Nom:Mas+InvPL
hâblerie hâblerie Nom:Fem+SG
hâbleries hâblerie Nom:Fem+PL
hâbleuse hâbleur Nom:Fem+SG
hâbleuses hâbleur Nom:Fem+PL
hachage hachage Nom:Mas+SG
hachages hachage Nom:Mas+PL
hache hache Nom:Fem+SG
hachement hachement Nom:Mas+SG
hachereau hachereau Nom:Mas+SG
hachereaux hachereau Nom:Mas+PL
hacherons hacheron Nom:Mas+PL
haches hache Nom:Fem+PL
hachette hachette Nom:Fem+SG
hachettes hachette Nom:Fem+PL
hacheur hacheur Nom:Mas+SG
hacheurs hacheur Nom:Mas+PL
hache-légumes hache-légumes Nom:Mas+InvPL
hache-paille hache-paille Nom:Mas+InvPL
hache-viande hache-viande Nom:Mas+InvPL
hachisch hachisch Nom:Mas+InvPL
hachis hachis Nom:Mas+InvPL
hachoir hachoir Nom:Mas+SG
hachoirs hachoir Nom:Mas+PL
hachure hachure Nom:Fem+SG
hachures hachure Nom:Fem+PL
hacienda hacienda Nom:Fem+SG
hacquebute hacquebute Nom:Fem+SG
haddock haddock Nom:Mas+SG
hadith hadith Nom:Mas+SG
hadj hadj Nom:Mas+SG
hadji hadji Nom:Mas+SG
hadron hadron Nom:Mas+SG
hafnium hafnium Nom:Mas+SG
haggis haggis Nom:Mas+InvPL
hagiographe hagiographe Nom:InvGen+SG
hagiographie hagiographie Nom:Fem+SG
hagiologie hagiologie Nom:Fem+SG
hahnium hahnium Nom:Mas+SG
haie haie Nom:Fem+SG
haies haie Nom:Fem+PL
haïkaï haïkaï Nom:Mas+SG
haïk haïk Nom:Mas+SG
haïku haïku Nom:Mas+InvPL
haillon haillon Nom:Mas+SG
haillons haillon Nom:Mas+PL
haine haine Nom:Fem+SG
haines haine Nom:Fem+PL
haineuse haineux Nom:Fem+SG
haineuses haineux Nom:Fem+PL
haineux haineux Nom:Mas+InvPL
hainuyère hainuyer Nom:Fem+SG
hainuyer hainuyer Nom:Mas+SG
haire haire Nom:Fem+SG
haïtien haïtien Nom:Mas+SG
haïtienne haïtien Nom:Fem+SG
haïtiennes haïtien Nom:Fem+PL
hakka hakka Nom:Mas+SG
halage halage Nom:Mas+SG
halages halage Nom:Mas+PL
halbi halbi Nom:Mas+SG
halbran halbran Nom:Mas+SG
halecret halecret Nom:Mas+SG
hâle hâle Nom:Mas+SG
haleine haleine Nom:Fem+SG
haleines haleine Nom:Fem+PL
haler haler Nom:Mas+SG
hâles hâle Nom:Mas+PL
halètement halètement Nom:Mas+SG
halètements halètement Nom:Mas+PL
haleur haleur Nom:Mas+SG
haleuse haleur Nom:Fem+SG
half-track half-track Nom:Mas+SG
halicte halicte Nom:Mas+SG
halieutique halieutique Nom:Fem+SG
haliotide haliotide Nom:Fem+SG
haliple haliple Nom:Mas+SG
halite halite Nom:Fem+SG
hallage hallage Nom:Mas+SG
hallali hallali Nom:Mas+SG
hallebarde hallebarde Nom:Fem+SG
hallebardes hallebarde Nom:Fem+PL
hallebardier hallebardier Nom:Mas+SG
halle halle Nom:Fem+SG
halles halle Nom:Fem+PL
halles halles Nom:Fem+PL
hall hall Nom:Mas+SG
hallier hallier Nom:Mas+SG
halloween halloween Nom:Fem+SG
halls hall Nom:Mas+PL
hallucination hallucination Nom:Fem+SG
hallucinations hallucination Nom:Fem+PL
hallucinée halluciné Nom:Fem+SG
hallucinées halluciné Nom:Fem+PL
halluciné halluciné Nom:Mas+SG
hallucinés halluciné Nom:Mas+PL
hallucinogène hallucinogène Nom:Mas+SG
hallucinogènes hallucinogène Nom:Mas+PL
hallucinose hallucinose Nom:Fem+SG
halogénation halogénation Nom:Fem+SG
halogène halogène Nom:Mas+SG
halogènes halogène Nom:Mas+PL
halogénure halogénure Nom:Mas+SG
halographie halographie Nom:Fem+SG
halo halo Nom:Mas+SG
hâloir hâloir Nom:Mas+SG
halons halon Nom:Mas+PL
halopéridol halopéridol Nom:Mas+SG
halos halo Nom:Mas+PL
halothane halothane Nom:Mas+SG
halte halte Nom:Fem+SG
haltère haltère Nom:Mas+SG
haltères haltère Nom:Mas+PL
haltères haltères Nom:Mas+PL
haltérophile haltérophile Nom:InvGen+SG
haltérophiles haltérophile Nom:InvGen+PL
haltérophilie haltérophilie Nom:Fem+SG
haltes halte Nom:Fem+PL
haltes-garderies halte-garderie Nom:Fem+PL
halte-garderie halte-garderie Nom:Fem+SG
halva halva Nom:Mas+SG
hamac hamac Nom:Mas+SG
hamacs hamac Nom:Mas+PL
hamada hamada Nom:Fem+SG
hamadryade hamadryade Nom:Fem+SG
hamadryas hamadryas Nom:Mas+InvPL
hamamélis hamamélis Nom:Mas+InvPL
hamburger hamburger Nom:Mas+SG
hamburgers hamburger Nom:Mas+PL
hameau hameau Nom:Mas+SG
hameaux hameau Nom:Mas+PL
hameçon hameçon Nom:Mas+SG
hameçons hameçon Nom:Mas+PL
hammam hammam Nom:Mas+SG
hammams hammam Nom:Mas+PL
hammerless hammerless Nom:Mas+InvPL
hampe hampe Nom:Fem+SG
hampes hampe Nom:Fem+PL
hamster hamster Nom:Mas+SG
hamsters hamster Nom:Mas+PL
hanafisme hanafisme Nom:Mas+SG
hanap hanap Nom:Mas+SG
hanbalisme hanbalisme Nom:Mas+SG
hanche hanche Nom:Fem+SG
hanchement hanchement Nom:Mas+SG
hanchements hanchement Nom:Mas+PL
hanches hanche Nom:Fem+PL
handballeur handballeur Nom:Mas+SG
handballeurs handballeur Nom:Mas+PL
handball handball Nom:Mas+SG
handicapée handicapé Nom:Fem+SG
handicapées handicapé Nom:Fem+PL
handicapé handicapé Nom:Mas+SG
handicapés handicapé Nom:Mas+PL
handicapeur handicapeur Nom:Mas+SG
handicap handicap Nom:Mas+SG
handicaps handicap Nom:Mas+PL
hand-ball hand-ball Nom:Mas+SG
hangar hangar Nom:Mas+SG
hangars hangar Nom:Mas+PL
han han Nom:Mas+InvPL
hanneton hanneton Nom:Mas+SG
hannetonnage hannetonnage Nom:Mas+SG
hannetonnages hannetonnage Nom:Mas+PL
hannetons hanneton Nom:Mas+PL
hanovrien hanovrien Nom:Mas+SG
hanovrienne hanovrien Nom:Fem+SG
hanovriennes hanovrien Nom:Fem+PL
hansart hansart Nom:Mas+SG
hanse hanse Nom:Fem+SG
hanses hanse Nom:Fem+PL
hantise hantise Nom:Fem+SG
hantises hantise Nom:Fem+PL
haoussa haoussa Nom:InvGen+SG
haoussa haoussa Nom:Mas+SG
hapalidé hapalidé Nom:Mas+SG
hapax hapax Nom:Mas+InvPL
haplologie haplologie Nom:Fem+SG
haplophase haplophase Nom:Fem+SG
happe happe Nom:Fem+SG
happement happement Nom:Mas+SG
happening happening Nom:Mas+SG
happenings happening Nom:Mas+PL
happes happe Nom:Fem+PL
haptène haptène Nom:Mas+SG
haquebute haquebute Nom:Fem+SG
haquenée haquenée Nom:Fem+SG
haquet haquet Nom:Mas+SG
harangue harangue Nom:Fem+SG
harangues harangue Nom:Fem+PL
harangueur harangueur Nom:Mas+SG
harangueuse harangueur Nom:Fem+SG
haras haras Nom:Mas+InvPL
harasse harasse Nom:Fem+SG
harassement harassement Nom:Mas+SG
harasses harasse Nom:Fem+PL
hara-kiri hara-kiri Nom:Mas+SG
harcèlement harcèlement Nom:Mas+SG
harcèlements harcèlement Nom:Mas+PL
harde harde Nom:Fem+SG
hardes harde Nom:Fem+PL
hardes hardes Nom:Fem+PL
hard hard Nom:Mas+InvPL
hardiesse hardiesse Nom:Fem+SG
hardiesses hardiesse Nom:Fem+PL
hardi hardi Nom:Mas+SG
hardis hardi Nom:Mas+PL
hardware hardware Nom:Mas+SG
hard-top hard-top Nom:Mas+SG
harem harem Nom:Fem+SG
harem harem Nom:Mas+SG
harems harem Nom:Fem+PL
harems harem Nom:Mas+PL
harengaison harengaison Nom:Fem+SG
harengère harengère Nom:Fem+SG
harengères harengère Nom:Fem+PL
hareng hareng Nom:Mas+SG
harengs hareng Nom:Mas+PL
harenguet harenguet Nom:Mas+SG
harengueux harengueux Nom:Mas+InvPL
harenguier harenguier Nom:Mas+SG
haret haret Nom:Mas+SG
harfang harfang Nom:Mas+SG
hargne hargne Nom:Fem+SG
haricot haricot Nom:Mas+SG
haricots haricot Nom:Mas+PL
haridelle haridelle Nom:Fem+SG
harissa harissa Nom:Mas+SG
harki harki Nom:Mas+SG
harle harle Nom:Mas+SG
harmattan harmattan Nom:Mas+SG
harmonica harmonica Nom:Mas+SG
harmonicas harmonica Nom:Mas+PL
harmoniciste harmoniciste Nom:InvGen+SG
harmonicistes harmoniciste Nom:InvGen+PL
harmonicorde harmonicorde Nom:Mas+SG
harmonie harmonie Nom:Fem+SG
harmonies harmonie Nom:Fem+PL
harmonique harmonique Nom:Fem+SG
harmonique harmonique Nom:Mas+SG
harmoniques harmonique Nom:Fem+PL
harmoniques harmonique Nom:Mas+PL
harmonisation harmonisation Nom:Fem+SG
harmonisations harmonisation Nom:Fem+PL
harmonium harmonium Nom:Mas+SG
harmoniums harmonium Nom:Mas+PL
harnachement harnachement Nom:Mas+SG
harnachements harnachement Nom:Mas+PL
harnacheur harnacheur Nom:Mas+SG
harnais harnais Nom:Mas+InvPL
harnois harnois Nom:Mas+InvPL
haro haro Nom:Mas+SG
haros haro Nom:Mas+PL
harpagon harpagon Nom:Mas+SG
harpail harpail Nom:Mas+SG
harpaille harpaille Nom:Fem+SG
harpailles harpaille Nom:Fem+PL
harpe harpe Nom:Fem+SG
harpes harpe Nom:Fem+PL
harpes harpes Nom:Mas+InvPL
harpie harpie Nom:Fem+SG
harpies harpie Nom:Fem+PL
harpiste harpiste Nom:InvGen+SG
harpistes harpiste Nom:InvGen+PL
harpon harpon Nom:Mas+SG
harponnage harponnage Nom:Mas+SG
harponnages harponnage Nom:Mas+PL
harponnement harponnement Nom:Mas+SG
harponneur harponneur Nom:Mas+SG
harpons harpon Nom:Mas+PL
hart hart Nom:Fem+SG
haruspice haruspice Nom:Mas+SG
hasard hasard Nom:Mas+SG
hasards hasard Nom:Mas+PL
hasch hasch Nom:Mas+InvPL
haschich haschich Nom:Mas+InvPL
haschisch haschisch Nom:Mas+InvPL
haschischin haschischin Nom:Mas+SG
hase hase Nom:Fem+SG
hases hase Nom:Fem+PL
hassidisme hassidisme Nom:Mas+SG
hassidismes hassidisme Nom:Mas+PL
hastaire hastaire Nom:Mas+SG
hast hast Nom:Mas+SG
hâte hâte Nom:Fem+SG
hâtelet hâtelet Nom:Mas+SG
hâtelette hâtelette Nom:Fem+SG
hâtelettes hâtelette Nom:Fem+PL
hâtelle hâtelle Nom:Fem+SG
hâtereau hâtereau Nom:Mas+SG
hâtereaux hâtereau Nom:Mas+PL
hâtes hâte Nom:Fem+PL
hâtier hâtier Nom:Mas+SG
hâtiers hâtier Nom:Mas+PL
hâtiveau hâtiveau Nom:Mas+SG
hâtiveaux hâtiveau Nom:Mas+PL
hattéria hattéria Nom:Mas+SG
haubanage haubanage Nom:Mas+SG
haubanages haubanage Nom:Mas+PL
hauban hauban Nom:Mas+SG
haubans hauban Nom:Mas+PL
haubert haubert Nom:Mas+SG
hauberts haubert Nom:Mas+PL
hausse hausse Nom:Fem+SG
haussement haussement Nom:Mas+SG
haussements haussement Nom:Mas+PL
hausses hausse Nom:Fem+PL
hausse-col hausse-col Nom:Mas+SG
haussière haussière Nom:Fem+SG
haussière haussier Nom:Fem+SG
haussières haussière Nom:Fem+PL
haussières haussières Nom:Fem+PL
haussières haussier Nom:Fem+PL
haussier haussier Nom:Mas+SG
haussiers haussier Nom:Mas+PL
hautaine hautain Nom:Fem+SG
hautaines hautain Nom:Fem+PL
hautbois hautbois Nom:Mas+InvPL
hautboïste hautboïste Nom:InvGen+SG
hautboïstes hautboïste Nom:InvGen+PL
haute haute Nom:Fem+SG
hautes haute Nom:Fem+PL
hautesse hautesse Nom:Fem+SG
hautes-contre haute-contre Nom:Fem+PL
hautes-contre haute-contre Nom:Mas+PL
hautes-fidélités haute-fidélité Nom:Fem+PL
hauteur hauteur Nom:Fem+SG
hauteurs hauteur Nom:Fem+PL
hauteurs hauteurs Nom:Fem+PL
haute-contre haute-contre Nom:Fem+SG
haute-contre haute-contre Nom:Mas+SG
haute-fidélité haute-fidélité Nom:Fem+SG
haut haut Nom:Mas+SG
hautin hautin Nom:Mas+SG
hauts haut Nom:Mas+PL
hauts hauts Nom:Mas+PL
hauts-commissaires haut-commissaire Nom:Mas+PL
hauts-de-chausses haut-de-chausses Nom:Mas+PL
hauts-de-forme haut-de-forme Nom:Mas+PL
hauts-fonds haut-fond Nom:Mas+PL
hauts-reliefs haut-relief Nom:Mas+PL
haut-commissaire haut-commissaire Nom:Mas+SG
haut-de-chausse haut-de-chausse Nom:Mas+SG
haut-de-chausses haut-de-chausses Nom:Mas+SG
haut-de-forme haut-de-forme Nom:Mas+SG
haut-fond haut-fond Nom:Mas+SG
haut-le-coeur haut-le-coeur Nom:Mas+InvPL
haut-le-corps haut-le-corps Nom:Mas+InvPL
haut-parleur haut-parleur Nom:Mas+SG
haut-parleurs haut-parleur Nom:Mas+PL
haut-relief haut-relief Nom:Mas+SG
havage havage Nom:Mas+SG
havanaise havanaise Nom:Fem+SG
havanaise havanais Nom:Fem+SG
havanais havanais Nom:Mas+InvPL
havane havane Nom:Mas+SG
havanes havane Nom:Mas+PL
haveneau haveneau Nom:Mas+SG
haveneaux haveneau Nom:Mas+PL
havenet havenet Nom:Mas+SG
haveuse haveur Nom:Fem+SG
haveuse haveuse Nom:Fem+SG
havre havre Nom:Mas+SG
havresac havresac Nom:Mas+SG
havres havre Nom:Mas+PL
havrit havrit Nom:Mas+SG
hawaiienne hawaiien Nom:Fem+SG
hawaiiennes hawaiien Nom:Fem+PL
hayon hayon Nom:Mas+SG
hayons hayon Nom:Mas+PL
heaume heaume Nom:Mas+SG
heaumes heaume Nom:Mas+PL
heaumier heaumier Nom:Mas+SG
hebdomadier hebdomadier Nom:Mas+SG
hébéphrénie hébéphrénie Nom:Fem+SG
hébéphrénique hébéphrénique Nom:InvGen+SG
héberge héberge Nom:Fem+SG
hébergement hébergement Nom:Mas+SG
hébergements hébergement Nom:Mas+PL
héberges héberge Nom:Fem+PL
hébertisme hébertisme Nom:Mas+SG
hébertiste hébertiste Nom:InvGen+SG
hébétée hébété Nom:Fem+SG
hébétées hébété Nom:Fem+PL
hébété hébété Nom:Mas+SG
hébétement hébétement Nom:Mas+SG
hébétés hébété Nom:Mas+PL
hébétude hébétude Nom:Fem+SG
héboïdophrénie héboïdophrénie Nom:Fem+SG
hébraïsant hébraïsant Nom:Mas+SG
hébraïsme hébraïsme Nom:Mas+SG
hébraïste hébraïste Nom:InvGen+SG
hébreu hébreu Nom:Mas+SG
hécatombe hécatombe Nom:Fem+SG
hécatombes hécatombe Nom:Fem+PL
hectare hectare Nom:Mas+SG
hectares hectare Nom:Mas+PL
hectogramme hectogramme Nom:Mas+SG
hectogrammes hectogramme Nom:Mas+PL
hecto hecto Nom:Mas+SG
hectolitre hectolitre Nom:Mas+SG
hectolitres hectolitre Nom:Mas+PL
hectomètre hectomètre Nom:Mas+SG
hectowatt hectowatt Nom:Mas+SG
hédonisme hédonisme Nom:Mas+SG
hégélianisme hégélianisme Nom:Mas+SG
hégémonie hégémonie Nom:Fem+SG
hégémonies hégémonie Nom:Fem+PL
hégire hégire Nom:Fem+SG
heiduque heiduque Nom:InvGen+SG
hélépole hélépole Nom:Fem+SG
hélianthe hélianthe Nom:Mas+SG
hélianthème hélianthème Nom:Mas+SG
hélianthes hélianthe Nom:Mas+PL
hélianthine hélianthine Nom:Fem+SG
héliaste héliaste Nom:Mas+SG
hélice hélice Nom:Fem+SG
hélices hélice Nom:Fem+PL
héliciculteur héliciculteur Nom:Mas+SG
héliciculture héliciculture Nom:Fem+SG
hélicoïde hélicoïde Nom:Mas+SG
hélicon hélicon Nom:Mas+SG
hélicoptère hélicoptère Nom:Mas+SG
hélicoptères hélicoptère Nom:Mas+PL
héligare héligare Nom:Fem+SG
héliochromie héliochromie Nom:Fem+SG
héliodore héliodore Nom:Mas+SG
héliographe héliographe Nom:Mas+SG
héliographie héliographie Nom:Fem+SG
héliograveur héliograveur Nom:Mas+SG
héliogravure héliogravure Nom:Fem+SG
hélion hélion Nom:Mas+SG
hélions hélion Nom:Mas+PL
héliostat héliostat Nom:Mas+SG
héliothérapie héliothérapie Nom:Fem+SG
héliotrope héliotrope Nom:Mas+SG
héliotropine héliotropine Nom:Fem+SG
héliotropisme héliotropisme Nom:Mas+SG
héliportage héliportage Nom:Mas+SG
héliport héliport Nom:Mas+SG
héliports héliport Nom:Mas+PL
hélitreuillage hélitreuillage Nom:Mas+SG
hélium hélium Nom:Mas+SG
hélix hélix Nom:Mas+InvPL
hellébore hellébore Nom:Mas+SG
hellènes hellène Nom:InvGen+PL
hellénisant hellénisant Nom:Mas+SG
hellénisation hellénisation Nom:Fem+SG
hellénisations hellénisation Nom:Fem+PL
hellénisme hellénisme Nom:Mas+SG
hellénismes hellénisme Nom:Mas+PL
helléniste helléniste Nom:InvGen+SG
hellénistes helléniste Nom:InvGen+PL
helminthe helminthe Nom:Mas+SG
helminthiase helminthiase Nom:Fem+SG
hélobiale hélobiale Nom:Fem+SG
hélobiales hélobiale Nom:Fem+PL
hélodée hélodée Nom:Fem+SG
héloderme héloderme Nom:Mas+SG
helvelle helvelle Nom:Fem+SG
helvétisme helvétisme Nom:Mas+SG
helvétismes helvétisme Nom:Mas+PL
hémarthrose hémarthrose Nom:Fem+SG
hématémèse hématémèse Nom:Fem+SG
hématidrose hématidrose Nom:Fem+SG
hématie hématie Nom:Fem+SG
hématies hématie Nom:Fem+PL
hématimètre hématimètre Nom:Fem+SG
hématine hématine Nom:Fem+SG
hématite hématite Nom:Fem+SG
hématologie hématologie Nom:Fem+SG
hématologiste hématologiste Nom:InvGen+SG
hématologue hématologue Nom:InvGen+SG
hématome hématome Nom:Mas+SG
hématomes hématome Nom:Mas+PL
hématopoïèse hématopoïèse Nom:Fem+SG
hématose hématose Nom:Fem+SG
hématozoaire hématozoaire Nom:Mas+SG
hématurie hématurie Nom:Fem+SG
hématurique hématurique Nom:InvGen+SG
héméralopie héméralopie Nom:Fem+SG
hémérocalle hémérocalle Nom:Fem+SG
hémialgie hémialgie Nom:Fem+SG
hémianopsie hémianopsie Nom:Fem+SG
hémicrânie hémicrânie Nom:Fem+SG
hémicycle hémicycle Nom:Mas+SG
hémicycles hémicycle Nom:Mas+PL
hémiédrie hémiédrie Nom:Fem+SG
hémine hémine Nom:Fem+SG
hémione hémione Nom:Mas+SG
hémiparésie hémiparésie Nom:Fem+SG
hémiplégie hémiplégie Nom:Fem+SG
hémiplégique hémiplégique Nom:InvGen+SG
hémiplégiques hémiplégique Nom:InvGen+PL
hémisphère hémisphère Nom:Mas+SG
hémisphères hémisphère Nom:Mas+PL
hémistiche hémistiche Nom:Mas+SG
hémistiches hémistiche Nom:Mas+PL
hémitropie hémitropie Nom:Fem+SG
hémochromatose hémochromatose Nom:Fem+SG
hémoculture hémoculture Nom:Fem+SG
hémocyanine hémocyanine Nom:Fem+SG
hémodialyse hémodialyse Nom:Fem+SG
hémodynamique hémodynamique Nom:Fem+SG
hémogénie hémogénie Nom:Fem+SG
hémoglobine hémoglobine Nom:Fem+SG
hémoglobinurie hémoglobinurie Nom:Fem+SG
hémogramme hémogramme Nom:Mas+SG
hémolyse hémolyse Nom:Fem+SG
hémolysine hémolysine Nom:Fem+SG
hémopathie hémopathie Nom:Fem+SG
hémophile hémophile Nom:InvGen+SG
hémophiles hémophile Nom:InvGen+PL
hémophilie hémophilie Nom:Fem+SG
hémoptysie hémoptysie Nom:Fem+SG
hémorragie hémorragie Nom:Fem+SG
hémorragies hémorragie Nom:Fem+PL
hémorroïde hémorroïde Nom:Fem+SG
hémorroïdes hémorroïde Nom:Fem+PL
hémostase hémostase Nom:Fem+SG
hémostases hémostase Nom:Fem+PL
hémostatique hémostatique Nom:Mas+SG
hémostatiques hémostatique Nom:Mas+PL
hendécagone hendécagone Nom:Mas+SG
hendiadys hendiadys Nom:Mas+InvPL
henné henné Nom:Mas+SG
hennin hennin Nom:Mas+SG
hennissement hennissement Nom:Mas+SG
hennissements hennissement Nom:Mas+PL
henry henry Nom:Mas+SG
héparine héparine Nom:Fem+SG
hépatalgie hépatalgie Nom:Fem+SG
hépatectomie hépatectomie Nom:Fem+SG
hépatique hépatique Nom:Fem+SG
hépatique hépatique Nom:InvGen+SG
hépatiques hépatique Nom:Fem+PL
hépatiques hépatique Nom:InvGen+PL
hépatisation hépatisation Nom:Fem+SG
hépatisme hépatisme Nom:Mas+SG
hépatite hépatite Nom:Fem+SG
hépatites hépatite Nom:Fem+PL
hépatocèle hépatocèle Nom:Fem+SG
hépatologie hépatologie Nom:Fem+SG
hépatomégalie hépatomégalie Nom:Fem+SG
hépatonéphrite hépatonéphrite Nom:Fem+SG
hépatotomie hépatotomie Nom:Fem+SG
hépatotoxémie hépatotoxémie Nom:Fem+SG
heptaèdre heptaèdre Nom:Mas+SG
heptagone heptagone Nom:Mas+SG
heptamètre heptamètre Nom:Mas+SG
heptamètres heptamètre Nom:Mas+PL
héraldiques héraldique Nom:Fem+PL
héraldiste héraldiste Nom:InvGen+SG
héraldistes héraldiste Nom:InvGen+PL
héraut héraut Nom:Mas+SG
hérauts héraut Nom:Mas+PL
herbage herbage Nom:Mas+SG
herbagère herbagère Nom:Fem+SG
herbagère herbager Nom:Fem+SG
herbagères herbagère Nom:Fem+PL
herbagères herbager Nom:Fem+PL
herbager herbager Nom:Mas+SG
herbages herbage Nom:Mas+PL
herbe herbe Nom:Fem+SG
herberie herberie Nom:Fem+SG
herbes herbe Nom:Fem+PL
herbes herbes Nom:Fem+PL
herbette herbette Nom:Fem+SG
herbicide herbicide Nom:Mas+SG
herbicides herbicide Nom:Mas+PL
herbier herbier Nom:Mas+SG
herbiers herbier Nom:Mas+PL
herborisateur herborisateur Nom:Mas+SG
herborisation herborisation Nom:Fem+SG
herborisations herborisation Nom:Fem+PL
herboriste herboriste Nom:InvGen+SG
herboristerie herboristerie Nom:Fem+SG
herboristeries herboristerie Nom:Fem+PL
herboristes herboriste Nom:InvGen+PL
herbue herbue Nom:Fem+SG
herbues herbue Nom:Fem+PL
herbu herbu Nom:Mas+SG
herchage herchage Nom:Mas+SG
herchages herchage Nom:Mas+PL
hercheur hercheur Nom:Mas+SG
hercheurs hercheur Nom:Mas+PL
hercheuse hercheur Nom:Fem+SG
hercheuses hercheur Nom:Fem+PL
hercule hercule Nom:Mas+SG
hercules hercule Nom:Mas+PL
hercyniens hercynien Nom:Mas+PL
herd-book herd-book Nom:Mas+SG
hérédité hérédité Nom:Fem+SG
hérédosyphilis hérédosyphilis Nom:Fem+InvPL
hère hère Nom:Mas+SG
hères hère Nom:Mas+PL
hérésiarque hérésiarque Nom:InvGen+SG
hérésie hérésie Nom:Fem+SG
hérésies hérésie Nom:Fem+PL
hérissement hérissement Nom:Mas+SG
hérisson hérisson Nom:Mas+SG
hérissonne hérissonne Nom:Fem+SG
hérissonnes hérissonne Nom:Fem+PL
hérissons hérisson Nom:Mas+PL
héritage héritage Nom:Mas+SG
héritages héritage Nom:Mas+PL
héritière héritier Nom:Fem+SG
héritières héritier Nom:Fem+PL
héritier héritier Nom:Mas+SG
héritiers héritier Nom:Mas+PL
hermandad hermandad Nom:Fem+SG
hermaphrodisme hermaphrodisme Nom:Mas+SG
hermaphrodite hermaphrodite Nom:InvGen+SG
hermaphrodites hermaphrodite Nom:InvGen+PL
herméneutique herméneutique Nom:Fem+SG
herméneutiques herméneutique Nom:Fem+PL
hermès hermès Nom:Mas+InvPL
herméticité herméticité Nom:Fem+SG
herméticités herméticité Nom:Fem+PL
hermétisme hermétisme Nom:Mas+SG
hermine hermine Nom:Fem+SG
hermines hermine Nom:Fem+PL
herminette herminette Nom:Fem+SG
hernie hernie Nom:Fem+SG
hernies hernie Nom:Fem+PL
hernieuse hernieux Nom:Fem+SG
hernieuses hernieux Nom:Fem+PL
hernieux hernieux Nom:Mas+InvPL
héroïcité héroïcité Nom:Fem+SG
héroïde héroïde Nom:Fem+SG
héroïne héroïne Nom:Fem+SG
héroïne héros Nom:Fem+SG
héroïnes héroïne Nom:Fem+PL
héroïnes héros Nom:Fem+PL
héroïnomane héroïnomane Nom:InvGen+SG
héroïnomanes héroïnomane Nom:InvGen+PL
héroïsme héroïsme Nom:Mas+SG
héron héron Nom:Mas+SG
héronneau héronneau Nom:Mas+SG
héronneaux héronneau Nom:Mas+PL
héronnière héronnière Nom:Fem+SG
héronnières héronnière Nom:Fem+PL
hérons héron Nom:Mas+PL
héros héros Nom:Mas+InvPL
herpe herpe Nom:Fem+SG
herpès herpès Nom:Mas+InvPL
herpétologie herpétologie Nom:Fem+SG
herpétologies herpétologie Nom:Fem+PL
hersage hersage Nom:Mas+SG
hersages hersage Nom:Mas+PL
herschage herschage Nom:Mas+SG
herschages herschage Nom:Mas+PL
herscheur herscheur Nom:Mas+SG
herscheuse herscheur Nom:Fem+SG
herse herse Nom:Fem+SG
herses herse Nom:Fem+PL
herseur herseur Nom:Mas+SG
hertz hertz Nom:Mas+InvPL
hésitante hésitant Nom:Fem+SG
hésitantes hésitant Nom:Fem+PL
hésitant hésitant Nom:Mas+SG
hésitants hésitant Nom:Mas+PL
hésitation hésitation Nom:Fem+SG
hésitations hésitation Nom:Fem+PL
hésychasme hésychasme Nom:Mas+SG
hésychasmes hésychasme Nom:Mas+PL
hétaïre hétaïre Nom:Fem+SG
hétaïres hétaïre Nom:Fem+PL
hétairie hétairie Nom:Fem+SG
hétairies hétairie Nom:Fem+PL
hétérie hétérie Nom:Fem+SG
hétérochromosome hétérochromosome Nom:Mas+SG
hétérochromosomes hétérochromosome Nom:Mas+PL
hétérodoxe hétérodoxe Nom:InvGen+SG
hétérodoxes hétérodoxe Nom:InvGen+PL
hétérodoxie hétérodoxie Nom:Fem+SG
hétérodoxies hétérodoxie Nom:Fem+PL
hétérodyne hétérodyne Nom:Fem+SG
hétérodynes hétérodyne Nom:Fem+PL
hétérogamie hétérogamie Nom:Fem+SG
hétérogamies hétérogamie Nom:Fem+PL
hétérogénéité hétérogénéité Nom:Fem+SG
hétérogénéités hétérogénéité Nom:Fem+PL
hétérogénie hétérogénie Nom:Fem+SG
hétérogreffe hétérogreffe Nom:Fem+SG
hétérogreffes hétérogreffe Nom:Fem+PL
hétéromorphie hétéromorphie Nom:Fem+SG
hétéromorphies hétéromorphie Nom:Fem+PL
hétéromorphisme hétéromorphisme Nom:Mas+SG
hétéromorphismes hétéromorphisme Nom:Mas+PL
hétérosexualité hétérosexualité Nom:Fem+SG
hétérosexuel hétérosexuel Nom:Mas+SG
hétérosexuelle hétérosexuel Nom:Fem+SG
hétérosexuelles hétérosexuel Nom:Fem+PL
hétérosexuels hétérosexuel Nom:Mas+PL
hétéroside hétéroside Nom:Mas+SG
hétérosides hétéroside Nom:Mas+PL
hétérotrophe hétérotrophe Nom:Mas+SG
hétérotrophes hétérotrophe Nom:Mas+PL
hétérozygote hétérozygote Nom:InvGen+SG
hetman hetman Nom:Mas+SG
hetmans hetman Nom:Mas+PL
hêtraie hêtraie Nom:Fem+SG
hêtre hêtre Nom:Mas+SG
hêtres hêtre Nom:Mas+PL
heu heu Nom:Mas+SG
heure heure Nom:Fem+SG
heures heure Nom:Fem+PL
heures heures Nom:Fem+PL
heureuse heureux Nom:Fem+SG
heureuses heureux Nom:Fem+PL
heureux heureux Nom:Mas+InvPL
heur heur Nom:Mas+SG
heuristique heuristique Nom:Fem+SG
heuristiques heuristique Nom:Fem+PL
heurt heurt Nom:Mas+SG
heurtoir heurtoir Nom:Mas+SG
heurtoirs heurtoir Nom:Mas+PL
heurts heurt Nom:Mas+PL
hévéa hévéa Nom:Mas+SG
hévéas hévéa Nom:Mas+PL
hexacoralliaire hexacoralliaire Nom:Mas+SG
hexacoralliaires hexacoralliaire Nom:Mas+PL
hexacorde hexacorde Nom:Mas+SG
hexacordes hexacorde Nom:Mas+PL
hexaèdre hexaèdre Nom:Mas+SG
hexafluorure hexafluorure Nom:Mas+SG
hexafluorures hexafluorure Nom:Mas+PL
hexagone hexagone Nom:Mas+SG
hexagones hexagone Nom:Mas+PL
hexamètre hexamètre Nom:Mas+SG
hexamètres hexamètre Nom:Mas+PL
hexose hexose Nom:Mas+SG
hexoses hexose Nom:Mas+PL
h h Nom:Mas+InvPL
hiatus hiatus Nom:Mas+InvPL
hibernation hibernation Nom:Fem+SG
hibernations hibernation Nom:Fem+PL
hibiscus hibiscus Nom:Mas+InvPL
hibou hibou Nom:Mas+SG
hiboux hibou Nom:Mas+PL
hic hic Nom:Mas+InvPL
hickory hickory Nom:Mas+SG
hidalgo hidalgo Nom:Mas+SG
hideur hideur Nom:Fem+SG
hidrosadénite hidrosadénite Nom:Fem+SG
hidrosadénites hidrosadénite Nom:Fem+PL
hièble hièble Nom:Fem+SG
hièbles hièble Nom:Fem+PL
hie hie Nom:Fem+SG
hiérarchie hiérarchie Nom:Fem+SG
hiérarchies hiérarchie Nom:Fem+PL
hiérarchisation hiérarchisation Nom:Fem+SG
hiérarchisations hiérarchisation Nom:Fem+PL
hiérarque hiérarque Nom:Mas+SG
hiérarques hiérarque Nom:Mas+PL
hiératique hiératique Nom:Mas+SG
hiératiques hiératique Nom:Mas+PL
hiératisme hiératisme Nom:Mas+SG
hier hier Nom:Mas+SG
hiérogamie hiérogamie Nom:Fem+SG
hiérogamies hiérogamie Nom:Fem+PL
hiéroglyphe hiéroglyphe Nom:Mas+SG
hiéroglyphes hiéroglyphe Nom:Mas+PL
hiérogrammate hiérogrammate Nom:Mas+SG
hiérogrammatiste hiérogrammatiste Nom:Mas+SG
hies hie Nom:Fem+PL
highlander highlander Nom:Mas+SG
highlanders highlander Nom:Mas+PL
hilarité hilarité Nom:Fem+SG
hile hile Nom:Mas+SG
hiles hile Nom:Mas+PL
hiloire hiloire Nom:Fem+SG
hiloires hiloire Nom:Fem+PL
himation himation Nom:Mas+SG
hindi hindi Nom:Mas+SG
hindoue hindou Nom:Fem+SG
hindoues hindou Nom:Fem+PL
hindou hindou Nom:Mas+SG
hindouisme hindouisme Nom:Mas+SG
hindouiste hindouiste Nom:InvGen+SG
hindous hindou Nom:Mas+PL
hinterland hinterland Nom:Mas+SG
hipparchie hipparchie Nom:Fem+SG
hipparchies hipparchie Nom:Fem+PL
hipparion hipparion Nom:Mas+SG
hipparions hipparion Nom:Mas+PL
hipparque hipparque Nom:Mas+SG
hippiatre hippiatre Nom:InvGen+SG
hippiatres hippiatre Nom:InvGen+PL
hippiatrie hippiatrie Nom:Fem+SG
hippiatries hippiatrie Nom:Fem+PL
hippiatrique hippiatrique Nom:Fem+SG
hippiatriques hippiatrique Nom:Fem+PL
hippies hippie Nom:InvGen+PL
hippisme hippisme Nom:Mas+SG
hippocampe hippocampe Nom:Mas+SG
hippocampes hippocampe Nom:Mas+PL
hippocastanacées hippocastanacée Nom:Fem+PL
hippocratisme hippocratisme Nom:Mas+SG
hippodrome hippodrome Nom:Mas+SG
hippodromes hippodrome Nom:Mas+PL
hippogriffe hippogriffe Nom:Mas+SG
hippologie hippologie Nom:Fem+SG
hippopotame hippopotame Nom:Mas+SG
hippopotames hippopotame Nom:Mas+PL
hippy hippy Nom:InvGen+SG
hirondeau hirondeau Nom:Mas+SG
hirondeaux hirondeau Nom:Mas+PL
hirondelle hirondelle Nom:Fem+SG
hirondelles hirondelle Nom:Fem+PL
hirsute hirsute Nom:Mas+SG
hirsutes hirsute Nom:Mas+PL
hirsutisme hirsutisme Nom:Mas+SG
hirsutismes hirsutisme Nom:Mas+PL
hirudinées hirudinée Nom:Fem+PL
hispanisme hispanisme Nom:Mas+SG
hispanismes hispanisme Nom:Mas+PL
histamine histamine Nom:Fem+SG
histamines histamine Nom:Fem+PL
histidine histidine Nom:Fem+SG
histidines histidine Nom:Fem+PL
histocompatibilité histocompatibilité Nom:Fem+SG
histocompatibilités histocompatibilité Nom:Fem+PL
histogenèse histogenèse Nom:Fem+SG
histogenèses histogenèse Nom:Fem+PL
histogramme histogramme Nom:Mas+SG
histogrammes histogramme Nom:Mas+PL
histoire histoire Nom:Fem+SG
histoires histoire Nom:Fem+PL
histoires histoires Nom:Fem+PL
histologie histologie Nom:Fem+SG
histologiste histologiste Nom:InvGen+SG
histolyse histolyse Nom:Fem+SG
histone histone Nom:Fem+SG
histoplasmose histoplasmose Nom:Fem+SG
historadiographie historadiographie Nom:Fem+SG
historicisme historicisme Nom:Mas+SG
historiciste historiciste Nom:InvGen+SG
historicité historicité Nom:Fem+SG
historien historien Nom:Mas+SG
historienne historien Nom:Fem+SG
historiennes historien Nom:Fem+PL
historiens historien Nom:Mas+PL
historiette historiette Nom:Fem+SG
historiettes historiette Nom:Fem+PL
historiographe historiographe Nom:InvGen+SG
historiographes historiographe Nom:InvGen+PL
historiographie historiographie Nom:Fem+SG
historique historique Nom:Mas+SG
historiques historique Nom:Mas+PL
historisme historisme Nom:Mas+SG
histrion histrion Nom:Mas+SG
histrionisme histrionisme Nom:Mas+SG
histrions histrion Nom:Mas+PL
hit hit Nom:Mas+SG
hitlérien hitlérien Nom:Mas+SG
hitlérienne hitlérien Nom:Fem+SG
hitlériennes hitlérien Nom:Fem+PL
hitlérisme hitlérisme Nom:Mas+SG
hittite hittite Nom:InvGen+SG
hittite hittite Nom:Mas+SG
hittites hittite Nom:InvGen+PL
hit-parade hit-parade Nom:Mas+SG
hiver hiver Nom:Mas+SG
hivernage hivernage Nom:Mas+SG
hivernages hivernage Nom:Mas+PL
hivernale hivernale Nom:Fem+SG
hivernales hivernale Nom:Fem+PL
hivernante hivernant Nom:Fem+SG
hivernantes hivernant Nom:Fem+PL
hivernant hivernant Nom:Mas+SG
hivernants hivernant Nom:Mas+PL
hivers hiver Nom:Mas+PL
hi-fi hi-fi Nom:Fem+InvPL
hi-han hi-han Nom:Mas+SG
hobbies hobby Nom:Mas+PL
hobby hobby Nom:Mas+SG
hobereau hobereau Nom:Mas+SG
hobereaux hobereau Nom:Mas+PL
hocco hocco Nom:Mas+SG
hochée hochée Nom:Fem+SG
hochées hochée Nom:Fem+PL
hoche hoche Nom:Fem+SG
hochement hochement Nom:Mas+SG
hochements hochement Nom:Mas+PL
hochepot hochepot Nom:Mas+SG
hochequeue hochequeue Nom:Mas+SG
hochequeues hochequeue Nom:Mas+PL
hoches hoche Nom:Fem+PL
hochet hochet Nom:Mas+SG
hochets hochet Nom:Mas+PL
hockeyeur hockeyeur Nom:Mas+SG
hockeyeurs hockeyeur Nom:Mas+PL
hockey hockey Nom:Mas+SG
hodjatoleslam hodjatoleslam Nom:Mas+SG
hodographe hodographe Nom:Mas+SG
hoir hoir Nom:Mas+SG
hoirie hoirie Nom:Fem+SG
holà holà Nom:Mas+InvPL
holding holding Nom:InvGen+SG
holding holding Nom:Mas+SG
holdings holding Nom:InvGen+PL
hold-up hold-up Nom:Mas+InvPL
hollandaise hollandaise Nom:Fem+SG
hollandaise hollandais Nom:Fem+SG
hollandaises hollandaise Nom:Fem+PL
hollandaises hollandais Nom:Fem+PL
hollandais hollandais Nom:Mas+InvPL
hollandais hollandais Nom:Mas+SG
hollande hollande Nom:Fem+SG
hollande hollande Nom:Mas+SG
holmium holmium Nom:Mas+SG
holocauste holocauste Nom:Mas+SG
holocaustes holocauste Nom:Mas+PL
holocène holocène Nom:Mas+SG
hologramme hologramme Nom:Mas+SG
holographie holographie Nom:Fem+SG
holoprotéine holoprotéine Nom:Fem+SG
holoside holoside Nom:Mas+SG
holostéen holostéen Nom:Mas+SG
holothurie holothurie Nom:Fem+SG
homarderie homarderie Nom:Fem+SG
homard homard Nom:Mas+SG
homards homard Nom:Mas+PL
hombre hombre Nom:Mas+SG
home home Nom:Mas+SG
homélie homélie Nom:Fem+SG
homélies homélie Nom:Fem+PL
homéomorphisme homéomorphisme Nom:Mas+SG
homéopathe homéopathe Nom:InvGen+SG
homéopathes homéopathe Nom:InvGen+PL
homéopathie homéopathie Nom:Fem+SG
homéostasie homéostasie Nom:Fem+SG
homéostat homéostat Nom:Mas+SG
homéotherme homéotherme Nom:Mas+SG
homéothermie homéothermie Nom:Fem+SG
homéride homéride Nom:Mas+SG
homespun homespun Nom:Mas+SG
home-trainer home-trainer Nom:Mas+SG
homicide homicide Nom:InvGen+SG
homicide homicide Nom:Mas+SG
homicides homicide Nom:InvGen+PL
homicides homicide Nom:Mas+PL
homie homie Nom:Fem+SG
homilétique homilétique Nom:Fem+SG
hominidé hominidé Nom:Mas+SG
hominien hominien Nom:Mas+SG
hominiens hominien Nom:Mas+PL
hominisation hominisation Nom:Fem+SG
hommage hommage Nom:Mas+SG
hommages hommage Nom:Mas+PL
hommages hommages Nom:Mas+PL
homme homme Nom:Mas+SG
hommes homme Nom:Mas+PL
hommes-grenouilles homme-grenouille Nom:Mas+PL
hommes-orchestres homme-orchestre Nom:Mas+PL
hommes-sandwichs homme-sandwich Nom:Mas+PL
homme-grenouille homme-grenouille Nom:Mas+SG
homme-orchestre homme-orchestre Nom:Mas+SG
homme-sandwich homme-sandwich Nom:Mas+SG
homocercie homocercie Nom:Fem+SG
homochromie homochromie Nom:Fem+SG
homogamétie homogamétie Nom:Fem+SG
homogénéisateur homogénéisateur Nom:Mas+SG
homogénéisation homogénéisation Nom:Fem+SG
homogénéisations homogénéisation Nom:Fem+PL
homogénéité homogénéité Nom:Fem+SG
homogénéités homogénéité Nom:Fem+PL
homographe homographe Nom:Mas+SG
homographes homographe Nom:Mas+PL
homographie homographie Nom:Fem+SG
homographies homographie Nom:Fem+PL
homogreffe homogreffe Nom:Fem+SG
homogreffes homogreffe Nom:Fem+PL
homo homo Nom:InvGen+SG
homo homo Nom:Mas+SG
homologation homologation Nom:Fem+SG
homologations homologation Nom:Fem+PL
homologie homologie Nom:Fem+SG
homologue homologue Nom:InvGen+SG
homologue homologue Nom:Mas+SG
homologues homologue Nom:InvGen+PL
homologues homologue Nom:Mas+PL
homomorphisme homomorphisme Nom:Mas+SG
homomorphismes homomorphisme Nom:Mas+PL
homoncule homoncule Nom:Mas+SG
homonyme homonyme Nom:InvGen+SG
homonyme homonyme Nom:Mas+SG
homonymes homonyme Nom:InvGen+PL
homonymes homonyme Nom:Mas+PL
homonymie homonymie Nom:Fem+SG
homophonie homophonie Nom:Fem+SG
homoptère homoptère Nom:Mas+SG
homosexualité homosexualité Nom:Fem+SG
homosexuel homosexuel Nom:Mas+SG
homosexuelle homosexuel Nom:Fem+SG
homosexuelles homosexuel Nom:Fem+PL
homosexuels homosexuel Nom:Mas+PL
homuncule homuncule Nom:Mas+SG
honchet honchet Nom:Mas+SG
honchets honchet Nom:Mas+PL
hongre hongre Nom:Mas+SG
hongres hongre Nom:Mas+PL
hongreur hongreur Nom:Mas+SG
hongroierie hongroierie Nom:Fem+SG
hongroise hongrois Nom:Fem+SG
hongroises hongrois Nom:Fem+PL
hongrois hongrois Nom:Mas+InvPL
hongrois hongrois Nom:Mas+SG
hongroyage hongroyage Nom:Mas+SG
hongroyages hongroyage Nom:Mas+PL
hongroyeur hongroyeur Nom:Mas+SG
honing honing Nom:Mas+SG
honnêteté honnêteté Nom:Fem+SG
honnêtetés honnêteté Nom:Fem+PL
honneur honneur Nom:Mas+SG
honneurs honneur Nom:Mas+PL
honneurs honneurs Nom:Mas+PL
honorabilité honorabilité Nom:Fem+SG
honoraires honoraires Nom:Mas+PL
honorariat honorariat Nom:Mas+SG
honorée honorée Nom:Fem+SG
honorées honorée Nom:Fem+PL
honoré honoré Nom:Mas+InvPL
honte honte Nom:Fem+SG
hontes honte Nom:Fem+PL
hooligan hooligan Nom:Mas+SG
hopak hopak Nom:Mas+SG
hôpital hôpital Nom:Mas+SG
hôpitaux hôpital Nom:Mas+PL
hoplite hoplite Nom:Mas+SG
hoplites hoplite Nom:Mas+PL
hoplites hoplites Nom:Mas+InvPL
hoquet hoquet Nom:Mas+SG
hoqueton hoqueton Nom:Mas+SG
hoquetons hoqueton Nom:Mas+PL
hoquets hoquet Nom:Mas+PL
horaire horaire Nom:Mas+SG
horaires horaire Nom:Mas+PL
horde horde Nom:Fem+SG
hordéine hordéine Nom:Fem+SG
hordes horde Nom:Fem+PL
horion horion Nom:Mas+SG
horions horion Nom:Mas+PL
horizon horizon Nom:Mas+SG
horizons horizon Nom:Mas+PL
horizontale horizontale Nom:Fem+SG
horizontales horizontale Nom:Fem+PL
horizontalité horizontalité Nom:Fem+SG
horloge horloge Nom:Fem+SG
horlogère horloger Nom:Fem+SG
horloger horloger Nom:Mas+SG
horlogerie horlogerie Nom:Fem+SG
horlogeries horlogerie Nom:Fem+PL
horlogers horloger Nom:Mas+PL
horloges horloge Nom:Fem+PL
hormone hormone Nom:Fem+SG
hormones hormone Nom:Fem+PL
hormonothérapie hormonothérapie Nom:Fem+SG
hornblende hornblende Nom:Fem+SG
horographie horographie Nom:Fem+SG
horométrie horométrie Nom:Fem+SG
horoptère horoptère Nom:Mas+SG
horoscope horoscope Nom:Mas+SG
horoscopes horoscope Nom:Mas+PL
horreur horreur Nom:Fem+SG
horreurs horreur Nom:Fem+PL
horreurs horreurs Nom:Fem+PL
horripilateur horripilateur Nom:Mas+SG
horripilation horripilation Nom:Fem+SG
horripilations horripilation Nom:Fem+PL
horsain horsain Nom:Mas+SG
horse-guard horse-guard Nom:Mas+SG
horse-power horse-power Nom:Mas+InvPL
horse-pox horse-pox Nom:Mas+InvPL
horsin horsin Nom:Mas+SG
horst horst Nom:Mas+SG
hors-bord hors-bord Nom:Mas+InvPL
hors-concours hors-concours Nom:Mas+InvPL
hors-cote hors-cote Nom:Mas+InvPL
hors-d'oeuvre hors-d'oeuvre Nom:Mas+InvPL
hors-jeu hors-jeu Nom:Mas+InvPL
hors-la-loi hors-la-loi Nom:Mas+InvPL
hors-ligne hors-ligne Nom:Mas+InvPL
hors-piste hors-piste Nom:Mas+InvPL
hors-texte hors-texte Nom:Mas+InvPL
hortensia hortensia Nom:Mas+SG
hortensias hortensia Nom:Mas+PL
horticulteur horticulteur Nom:Mas+SG
horticulteurs horticulteur Nom:Mas+PL
horticulture horticulture Nom:Fem+SG
hortillonnage hortillonnage Nom:Mas+SG
hortillonneur hortillonneur Nom:Mas+SG
hosanna hosanna Nom:Mas+SG
hospice hospice Nom:Mas+SG
hospices hospice Nom:Mas+PL
hospitalière hospitalier Nom:Fem+SG
hospitalières hospitalier Nom:Fem+PL
hospitaliers hospitalier Nom:Mas+PL
hospitalisation hospitalisation Nom:Fem+SG
hospitalisations hospitalisation Nom:Fem+PL
hospitalisée hospitalisé Nom:Fem+SG
hospitalisées hospitalisé Nom:Fem+PL
hospitalisé hospitalisé Nom:Mas+SG
hospitalisés hospitalisé Nom:Mas+PL
hospitalisme hospitalisme Nom:Mas+SG
hospitalité hospitalité Nom:Fem+SG
hospodar hospodar Nom:Mas+SG
hospodars hospodar Nom:Mas+PL
hosteau hosteau Nom:Mas+SG
hosteaux hosteau Nom:Mas+PL
hostellerie hostellerie Nom:Fem+SG
hostelleries hostellerie Nom:Fem+PL
hostie hostie Nom:Fem+SG
hosties hostie Nom:Fem+PL
hostilité hostilité Nom:Fem+SG
hostilités hostilité Nom:Fem+PL
hostilités hostilités Nom:Fem+PL
hosto hosto Nom:Mas+SG
hôte hôte Nom:Mas+SG
hôtel hôtel Nom:Mas+SG
hôtelière hôtelier Nom:Fem+SG
hôtelières hôtelier Nom:Fem+PL
hôtelier hôtelier Nom:Mas+SG
hôteliers hôtelier Nom:Mas+PL
hôtellerie hôtellerie Nom:Fem+SG
hôtelleries hôtellerie Nom:Fem+PL
hôtels hôtel Nom:Mas+PL
hôtels-dieu hôtel-dieu Nom:Mas+PL
hôtel-dieu hôtel-dieu Nom:Mas+SG
hôtes hôte Nom:Mas+PL
hôtesse hôte Nom:Fem+SG
hôtesse hôtesse Nom:Fem+SG
hôtesses hôte Nom:Fem+PL
hôtesses hôtesse Nom:Fem+PL
hot hot Nom:Mas+SG
hottée hottée Nom:Fem+SG
hottées hottée Nom:Fem+PL
hotte hotte Nom:Fem+SG
hottentote hottentot Nom:Fem+SG
hottentot hottentot Nom:Mas+SG
hottereau hottereau Nom:Mas+SG
hottereaux hottereau Nom:Mas+PL
hotteret hotteret Nom:Mas+SG
hottes hotte Nom:Fem+PL
hotteur hotteur Nom:Mas+SG
hotu hotu Nom:Mas+SG
hot-dog hot-dog Nom:Mas+SG
houache houache Nom:Fem+SG
houage houage Nom:Mas+SG
houages houage Nom:Mas+PL
houaiche houaiche Nom:Fem+SG
houari houari Nom:Mas+SG
houblon houblon Nom:Mas+SG
houblonnage houblonnage Nom:Mas+SG
houblonnages houblonnage Nom:Mas+PL
houblonnière houblonnière Nom:Fem+SG
houblonnière houblonnier Nom:Fem+SG
houblonnier houblonnier Nom:Mas+SG
houdan houdan Nom:Fem+SG
houe houe Nom:Fem+SG
houes houe Nom:Fem+PL
houille houille Nom:Fem+SG
houillère houillère Nom:Fem+SG
houillères houillère Nom:Fem+PL
houillers houiller Nom:Mas+PL
houilles houille Nom:Fem+PL
houka houka Nom:Mas+SG
houle houle Nom:Fem+SG
houles houle Nom:Fem+PL
houlette houlette Nom:Fem+SG
houlettes houlette Nom:Fem+PL
houlque houlque Nom:Fem+SG
hound hound Nom:Mas+SG
houppe houppe Nom:Fem+SG
houppelande houppelande Nom:Fem+SG
houppelandes houppelande Nom:Fem+PL
houppes houppe Nom:Fem+PL
houppette houppette Nom:Fem+SG
houppettes houppette Nom:Fem+PL
houppier houppier Nom:Mas+SG
houppiers houppier Nom:Mas+PL
houque houque Nom:Fem+SG
hourdage hourdage Nom:Mas+SG
hourdages hourdage Nom:Mas+PL
hourd hourd Nom:Mas+SG
hourdis hourdis Nom:Mas+InvPL
houri houri Nom:Fem+SG
houri houri Nom:Mas+SG
houris houri Nom:Fem+PL
houris houri Nom:Mas+PL
hourque hourque Nom:Fem+SG
hourra hourra Nom:Mas+SG
hourras hourra Nom:Mas+PL
hourvari hourvari Nom:Mas+SG
housard housard Nom:Mas+SG
houseau houseau Nom:Mas+SG
houseaux houseau Nom:Mas+PL
houspilleur houspilleur Nom:Mas+SG
houspilleurs houspilleur Nom:Mas+PL
houspilleuse houspilleur Nom:Fem+SG
houssaie houssaie Nom:Fem+SG
houssée houssée Nom:Fem+SG
houssées houssée Nom:Fem+PL
housse housse Nom:Fem+SG
housses housse Nom:Fem+PL
housset housset Nom:Mas+SG
houssine houssine Nom:Fem+SG
houssines houssine Nom:Fem+PL
houssoir houssoir Nom:Mas+SG
housure housure Nom:Fem+SG
houx houx Nom:Mas+InvPL
hovercraft hovercraft Nom:Mas+SG
hovercrafts hovercraft Nom:Mas+PL
hoverport hoverport Nom:Mas+SG
hoyau hoyau Nom:Mas+SG
hoyaux hoyau Nom:Mas+PL
huard huard Nom:Mas+SG
huart huart Nom:Mas+SG
hublot hublot Nom:Mas+SG
hublots hublot Nom:Mas+PL
huche huche Nom:Fem+SG
hucherie hucherie Nom:Fem+SG
huches huche Nom:Fem+PL
huchet huchet Nom:Mas+SG
huée huée Nom:Fem+SG
huées huée Nom:Fem+PL
huées huées Nom:Fem+PL
huerta huerta Nom:Fem+SG
huguenote huguenot Nom:Fem+SG
huguenot huguenot Nom:Mas+SG
huilage huilage Nom:Mas+SG
huilages huilage Nom:Mas+PL
huile huile Nom:Fem+SG
huilerie huilerie Nom:Fem+SG
huileries huilerie Nom:Fem+PL
huiles huile Nom:Fem+PL
huilier huilier Nom:Mas+SG
huiliers huilier Nom:Mas+PL
huis huis Nom:Mas+InvPL
huisserie huisserie Nom:Fem+SG
huisseries huisserie Nom:Fem+PL
huissier huissier Nom:Mas+SG
huissiers huissier Nom:Mas+PL
huitaine huitaine Nom:Fem+SG
huitaines huitaine Nom:Fem+PL
huitain huitain Nom:Mas+SG
huitarde huitard Nom:Fem+SG
huit huit Nom:Mas+InvPL
huitième huitième Nom:Fem+SG
huitième huitième Nom:InvGen+SG
huitième huitième Nom:Mas+SG
huitièmes huitième Nom:Fem+PL
huitièmes huitième Nom:InvGen+PL
huitièmes huitième Nom:Mas+PL
huître huître Nom:Fem+SG
huîtres huître Nom:Fem+PL
huîtrière huîtrière Nom:Fem+SG
huîtrière huîtrier Nom:Fem+SG
huit-reflets huit-reflets Nom:Mas+InvPL
hulotte hulotte Nom:Fem+SG
hulottes hulotte Nom:Fem+PL
hululement hululement Nom:Mas+SG
humage humage Nom:Mas+SG
humages humage Nom:Mas+PL
humains humain Nom:Mas+PL
humains humains Nom:Mas+PL
humanisation humanisation Nom:Fem+SG
humanisations humanisation Nom:Fem+PL
humanisme humanisme Nom:Mas+SG
humaniste humaniste Nom:InvGen+SG
humanistes humaniste Nom:InvGen+PL
humanitarisme humanitarisme Nom:Mas+SG
humanité humanité Nom:Fem+SG
humanités humanité Nom:Fem+PL
humanités humanités Nom:Fem+PL
humectage humectage Nom:Mas+SG
humectages humectage Nom:Mas+PL
humectant humectant Nom:Mas+SG
humecteur humecteur Nom:Mas+SG
humérus humérus Nom:Mas+InvPL
humeur humeur Nom:Fem+SG
humeurs humeur Nom:Fem+PL
hum hum Nom:Mas+SG
humide humide Nom:Mas+SG
humidificateur humidificateur Nom:Mas+SG
humidificateurs humidificateur Nom:Mas+PL
humidification humidification Nom:Fem+SG
humidimètre humidimètre Nom:Mas+SG
humidité humidité Nom:Fem+SG
humification humification Nom:Fem+SG
humiliation humiliation Nom:Fem+SG
humiliations humiliation Nom:Fem+PL
humiliée humilié Nom:Fem+SG
humiliées humilié Nom:Fem+PL
humilié humilié Nom:Mas+SG
humiliés humilié Nom:Mas+PL
humilité humilité Nom:Fem+SG
humilités humilité Nom:Fem+PL
humorisme humorisme Nom:Mas+SG
humoriste humoriste Nom:InvGen+SG
humoristes humoriste Nom:InvGen+PL
humour humour Nom:Mas+SG
humours humour Nom:Mas+PL
humus humus Nom:Mas+InvPL
hune hune Nom:Fem+SG
hunes hune Nom:Fem+PL
hunier hunier Nom:Mas+SG
hunter hunter Nom:Mas+SG
huppe huppe Nom:Fem+SG
huppes huppe Nom:Fem+PL
hurdler hurdler Nom:InvGen+SG
hure hure Nom:Fem+SG
hurlée hurlée Nom:Fem+SG
hurlées hurlée Nom:Fem+PL
hurlement hurlement Nom:Mas+SG
hurlements hurlement Nom:Mas+PL
hurleur hurleur Nom:Mas+SG
hurleurs hurleur Nom:Mas+PL
hurleuse hurleur Nom:Fem+SG
hurluberlu hurluberlu Nom:Mas+SG
hurluberlus hurluberlu Nom:Mas+PL
huron huron Nom:Mas+SG
huronne huron Nom:Fem+SG
huronnes huron Nom:Fem+PL
hurons huron Nom:Mas+PL
hurrah hurrah Nom:Mas+SG
hurrahs hurrah Nom:Mas+PL
hurricane hurricane Nom:Mas+SG
hussarde hussarde Nom:Fem+SG
hussardes hussarde Nom:Fem+PL
hussard hussard Nom:Mas+SG
hussards hussard Nom:Mas+PL
hussite hussite Nom:InvGen+SG
hutinet hutinet Nom:Mas+SG
hutteau hutteau Nom:Mas+SG
hutte hutte Nom:Fem+SG
huttes hutte Nom:Fem+PL
hyacinthe hyacinthe Nom:Fem+SG
hyacinthe hyacinthe Nom:Mas+SG
hyalite hyalite Nom:Fem+SG
hyalographie hyalographie Nom:Fem+SG
hyaloïde hyaloïde Nom:Fem+SG
hybridation hybridation Nom:Fem+SG
hybridations hybridation Nom:Fem+PL
hybride hybride Nom:Mas+SG
hybrides hybride Nom:Mas+PL
hybridisme hybridisme Nom:Mas+SG
hybridité hybridité Nom:Fem+SG
hydarthrose hydarthrose Nom:Fem+SG
hydatide hydatide Nom:Fem+SG
hydne hydne Nom:Mas+SG
hydracide hydracide Nom:Mas+SG
hydraire hydraire Nom:Mas+SG
hydraires hydraire Nom:Mas+PL
hydramnios hydramnios Nom:Mas+InvPL
hydrargyrisme hydrargyrisme Nom:Mas+SG
hydrastis hydrastis Nom:Mas+InvPL
hydratant hydratant Nom:Mas+SG
hydratation hydratation Nom:Fem+SG
hydratations hydratation Nom:Fem+PL
hydrate hydrate Nom:Mas+SG
hydrates hydrate Nom:Mas+PL
hydraule hydraule Nom:Fem+SG
hydraulicien hydraulicien Nom:Mas+SG
hydraulique hydraulique Nom:Fem+SG
hydrauliques hydraulique Nom:Fem+PL
hydraviation hydraviation Nom:Fem+SG
hydravion hydravion Nom:Mas+SG
hydravions hydravion Nom:Mas+PL
hydrazine hydrazine Nom:Fem+SG
hydre hydre Nom:Fem+SG
hydrémie hydrémie Nom:Fem+SG
hydres hydre Nom:Fem+PL
hydrie hydrie Nom:Fem+SG
hydrobase hydrobase Nom:Fem+SG
hydrobiologie hydrobiologie Nom:Fem+SG
hydrocarbonate hydrocarbonate Nom:Mas+SG
hydrocarbure hydrocarbure Nom:Mas+SG
hydrocarbures hydrocarbure Nom:Mas+PL
hydrocèle hydrocèle Nom:Fem+SG
hydrocéphale hydrocéphale Nom:InvGen+SG
hydrocéphalie hydrocéphalie Nom:Fem+SG
hydrocharidacée hydrocharidacée Nom:Fem+SG
hydroclasseur hydroclasseur Nom:Mas+SG
hydrocoralliaire hydrocoralliaire Nom:Mas+SG
hydrocoralliaires hydrocoralliaire Nom:Mas+PL
hydrocortisone hydrocortisone Nom:Fem+SG
hydrocotyle hydrocotyle Nom:Fem+SG
hydrocraquage hydrocraquage Nom:Mas+SG
hydrocraqueur hydrocraqueur Nom:Mas+SG
hydrocution hydrocution Nom:Fem+SG
hydrodésulfuration hydrodésulfuration Nom:Fem+SG
hydrofilicale hydrofilicale Nom:Fem+SG
hydrofoil hydrofoil Nom:Mas+SG
hydrofoils hydrofoil Nom:Mas+PL
hydrofugation hydrofugation Nom:Fem+SG
hydrofugations hydrofugation Nom:Fem+PL
hydrofuge hydrofuge Nom:Mas+SG
hydrofuges hydrofuge Nom:Mas+PL
hydrogénation hydrogénation Nom:Fem+SG
hydrogénations hydrogénation Nom:Fem+PL
hydrogène hydrogène Nom:Mas+SG
hydrogéologie hydrogéologie Nom:Fem+SG
hydroglisseur hydroglisseur Nom:Mas+SG
hydroglisseurs hydroglisseur Nom:Mas+PL
hydrographie hydrographie Nom:Fem+SG
hydrolase hydrolase Nom:Fem+SG
hydrolat hydrolat Nom:Mas+SG
hydrolé hydrolé Nom:Mas+SG
hydrolithe hydrolithe Nom:Fem+SG
hydrologie hydrologie Nom:Fem+SG
hydrologiste hydrologiste Nom:InvGen+SG
hydrologue hydrologue Nom:InvGen+SG
hydrolyse hydrolyse Nom:Fem+SG
hydrolyses hydrolyse Nom:Fem+PL
hydromancie hydromancie Nom:Fem+SG
hydromel hydromel Nom:Mas+SG
hydrométallurgie hydrométallurgie Nom:Fem+SG
hydrométéore hydrométéore Nom:Mas+SG
hydromètre hydromètre Nom:Fem+SG
hydromètre hydromètre Nom:Mas+SG
hydrométrie hydrométrie Nom:Fem+SG
hydrominéralurgie hydrominéralurgie Nom:Fem+SG
hydronéphrose hydronéphrose Nom:Fem+SG
hydronymie hydronymie Nom:Fem+SG
hydropéricarde hydropéricarde Nom:Mas+SG
hydrophile hydrophile Nom:Mas+SG
hydrophiles hydrophile Nom:Mas+PL
hydrophobie hydrophobie Nom:Fem+SG
hydrophtalmie hydrophtalmie Nom:Fem+SG
hydropique hydropique Nom:InvGen+SG
hydropisie hydropisie Nom:Fem+SG
hydroptère hydroptère Nom:Mas+SG
hydroquinone hydroquinone Nom:Fem+SG
hydrosilicate hydrosilicate Nom:Mas+SG
hydrosol hydrosol Nom:Mas+SG
hydrosphère hydrosphère Nom:Fem+SG
hydrostatique hydrostatique Nom:Fem+SG
hydrotaxie hydrotaxie Nom:Fem+SG
hydrothérapie hydrothérapie Nom:Fem+SG
hydroxyde hydroxyde Nom:Mas+SG
hydrozoaire hydrozoaire Nom:Mas+SG
hydrozoaires hydrozoaire Nom:Mas+PL
hydro-électricité hydro-électricité Nom:Fem+SG
hydrure hydrure Nom:Mas+SG
hyène hyène Nom:Fem+SG
hyènes hyène Nom:Fem+PL
hygiaphone hygiaphone Nom:Mas+SG
hygiène hygiène Nom:Fem+SG
hygiéniste hygiéniste Nom:InvGen+SG
hygroma hygroma Nom:Mas+SG
hygromètre hygromètre Nom:Mas+SG
hygrométricité hygrométricité Nom:Fem+SG
hygrométrie hygrométrie Nom:Fem+SG
hygrophore hygrophore Nom:Mas+SG
hygrophyte hygrophyte Nom:Fem+SG
hygroscope hygroscope Nom:Mas+SG
hygroscopie hygroscopie Nom:Fem+SG
hygrostat hygrostat Nom:Mas+SG
hylozoïsme hylozoïsme Nom:Mas+SG
hyménée hyménée Nom:Mas+SG
hyménées hyménée Nom:Mas+PL
hymen hymen Nom:Mas+SG
hyménium hyménium Nom:Mas+SG
hyménomycète hyménomycète Nom:Mas+SG
hyménoptère hyménoptère Nom:Mas+SG
hyménoptères hyménoptère Nom:Mas+PL
hymens hymen Nom:Mas+PL
hymnaire hymnaire Nom:Mas+SG
hymne hymne Nom:Fem+SG
hymne hymne Nom:Mas+SG
hymnes hymne Nom:Fem+PL
hymnes hymne Nom:Mas+PL
hymnographe hymnographe Nom:InvGen+SG
hymnographie hymnographie Nom:Fem+SG
hymnologie hymnologie Nom:Fem+SG
hypallage hypallage Nom:Fem+SG
hypallages hypallage Nom:Fem+PL
hyparque hyparque Nom:Mas+SG
hyperacidité hyperacidité Nom:Fem+SG
hyperacousie hyperacousie Nom:Fem+SG
hyperalgésie hyperalgésie Nom:Fem+SG
hyperalgésique hyperalgésique Nom:InvGen+SG
hyperalgie hyperalgie Nom:Fem+SG
hyperazotémie hyperazotémie Nom:Fem+SG
hyperbate hyperbate Nom:Fem+SG
hyperbates hyperbate Nom:Fem+PL
hyperbole hyperbole Nom:Fem+SG
hyperboles hyperbole Nom:Fem+PL
hyperboloïde hyperboloïde Nom:Mas+SG
hypercalcémie hypercalcémie Nom:Fem+SG
hypercapnie hypercapnie Nom:Fem+SG
hyperchlorhydrie hyperchlorhydrie Nom:Fem+SG
hyperchlorurie hyperchlorurie Nom:Fem+SG
hypercholestérolémie hypercholestérolémie Nom:Fem+SG
hypercholie hypercholie Nom:Fem+SG
hyperchromie hyperchromie Nom:Fem+SG
hypercoagulabilité hypercoagulabilité Nom:Fem+SG
hypercorticisme hypercorticisme Nom:Mas+SG
hypercrinie hypercrinie Nom:Fem+SG
hypercritique hypercritique Nom:Fem+SG
hypercritique hypercritique Nom:InvGen+SG
hyperdulie hyperdulie Nom:Fem+SG
hyperémotif hyperémotif Nom:Mas+SG
hyperémotive hyperémotif Nom:Fem+SG
hyperémotivité hyperémotivité Nom:Fem+SG
hyperesthésie hyperesthésie Nom:Fem+SG
hyperfréquence hyperfréquence Nom:Fem+SG
hypergenèse hypergenèse Nom:Fem+SG
hyperglycémie hyperglycémie Nom:Fem+SG
hypergol hypergol Nom:Mas+SG
hyperlipémie hyperlipémie Nom:Fem+SG
hyperlipidémie hyperlipidémie Nom:Fem+SG
hypermarché hypermarché Nom:Mas+SG
hypermarchés hypermarché Nom:Mas+PL
hypermétrope hypermétrope Nom:InvGen+SG
hypermétropes hypermétrope Nom:InvGen+PL
hypermétropie hypermétropie Nom:Fem+SG
hypermnésie hypermnésie Nom:Fem+SG
hypernerveuse hypernerveux Nom:Fem+SG
hypernerveuses hypernerveux Nom:Fem+PL
hypernerveux hypernerveux Nom:Mas+InvPL
hypéron hypéron Nom:Mas+SG
hyperplan hyperplan Nom:Mas+SG
hyperplasie hyperplasie Nom:Fem+SG
hyperréalisme hyperréalisme Nom:Mas+SG
hypersécrétion hypersécrétion Nom:Fem+SG
hypersensibilité hypersensibilité Nom:Fem+SG
hypersomnie hypersomnie Nom:Fem+SG
hypersustentation hypersustentation Nom:Fem+SG
hypertélie hypertélie Nom:Fem+SG
hypertendue hypertendu Nom:Fem+SG
hypertendues hypertendu Nom:Fem+PL
hypertendus hypertendu Nom:Mas+PL
hypertension hypertension Nom:Fem+SG
hypertensions hypertension Nom:Fem+PL
hyperthermie hyperthermie Nom:Fem+SG
hyperthyroïdie hyperthyroïdie Nom:Fem+SG
hypertonie hypertonie Nom:Fem+SG
hypertrophie hypertrophie Nom:Fem+SG
hypertrophies hypertrophie Nom:Fem+PL
hypnose hypnose Nom:Fem+SG
hypnotiseur hypnotiseur Nom:Mas+SG
hypnotiseurs hypnotiseur Nom:Mas+PL
hypnotisme hypnotisme Nom:Mas+SG
hypnotoxine hypnotoxine Nom:Fem+SG
hypoacousie hypoacousie Nom:Fem+SG
hypocauste hypocauste Nom:Mas+SG
hypocentre hypocentre Nom:Mas+SG
hypochlorhydrie hypochlorhydrie Nom:Fem+SG
hypochlorite hypochlorite Nom:Mas+SG
hypochlorites hypochlorite Nom:Mas+PL
hypocondre hypocondre Nom:InvGen+SG
hypocondre hypocondre Nom:Mas+SG
hypocondriaque hypocondriaque Nom:InvGen+SG
hypocondriaques hypocondriaque Nom:InvGen+PL
hypocondrie hypocondrie Nom:Fem+SG
hypocoristique hypocoristique Nom:Mas+SG
hypocras hypocras Nom:Mas+InvPL
hypocrisie hypocrisie Nom:Fem+SG
hypocycloïde hypocycloïde Nom:Fem+SG
hypoderme hypoderme Nom:Mas+SG
hypodermose hypodermose Nom:Fem+SG
hypogastre hypogastre Nom:Mas+SG
hypogée hypogée Nom:Mas+SG
hypogées hypogée Nom:Mas+PL
hypoglobulie hypoglobulie Nom:Fem+SG
hypoglycémiant hypoglycémiant Nom:Mas+SG
hypoglycémie hypoglycémie Nom:Fem+SG
hypoglycémies hypoglycémie Nom:Fem+PL
hypoleucocytose hypoleucocytose Nom:Fem+SG
hypolipémie hypolipémie Nom:Fem+SG
hypophyse hypophyse Nom:Fem+SG
hypophyses hypophyse Nom:Fem+PL
hyposécrétion hyposécrétion Nom:Fem+SG
hypospadias hypospadias Nom:Mas+InvPL
hypostase hypostase Nom:Fem+SG
hyposulfite hyposulfite Nom:Mas+SG
hypotendue hypotendu Nom:Fem+SG
hypotendues hypotendu Nom:Fem+PL
hypotendu hypotendu Nom:Mas+SG
hypotendus hypotendu Nom:Mas+PL
hypotension hypotension Nom:Fem+SG
hypoténuse hypoténuse Nom:Fem+SG
hypoténuses hypoténuse Nom:Fem+PL
hypothalamus hypothalamus Nom:Mas+InvPL
hypothénar hypothénar Nom:Mas+SG
hypothèque hypothèque Nom:Fem+SG
hypothèques hypothèque Nom:Fem+PL
hypothermie hypothermie Nom:Fem+SG
hypothèse hypothèse Nom:Fem+SG
hypothèses hypothèse Nom:Fem+PL
hypothyroïdie hypothyroïdie Nom:Fem+SG
hypothyroïdisme hypothyroïdisme Nom:Mas+SG
hypotonie hypotonie Nom:Fem+SG
hypotonique hypotonique Nom:InvGen+SG
hypotrophie hypotrophie Nom:Fem+SG
hysope hysope Nom:Fem+SG
hystérectomie hystérectomie Nom:Fem+SG
hystérie hystérie Nom:Fem+SG
hystéries hystérie Nom:Fem+PL
hystérique hystérique Nom:InvGen+SG
hystériques hystérique Nom:InvGen+PL
hystérographie hystérographie Nom:Fem+SG
