iambe iambe Nom:Mas+SG
ïambe ïambe Nom:Mas+SG
iambes iambe Nom:Mas+PL
iambes iambes Nom:Mas+PL
ibère ibère Nom:InvGen+SG
ibère ibère Nom:Mas+SG
ibères ibère Nom:InvGen+PL
ibéride ibéride Nom:Fem+SG
ibérides ibéride Nom:Fem+PL
ibéris ibéris Nom:Mas+InvPL
ibis ibis Nom:Mas+InvPL
icaque icaque Nom:Fem+SG
icaquier icaquier Nom:Mas+SG
icarien icarien Nom:Mas+SG
icarienne icarien Nom:Fem+SG
icariennes icarien Nom:Fem+PL
iceberg iceberg Nom:Mas+SG
icebergs iceberg Nom:Mas+PL
icefield icefield Nom:Mas+SG
ice-boat ice-boat Nom:Mas+SG
ichneumon ichneumon Nom:Mas+SG
ichnologie ichnologie Nom:Fem+SG
ichor ichor Nom:Mas+SG
ichthys ichthys Nom:Mas+InvPL
ichtyocolle ichtyocolle Nom:Fem+SG
ichtyol ichtyol Nom:Mas+SG
ichtyologie ichtyologie Nom:Fem+SG
ichtyologies ichtyologie Nom:Fem+PL
ichtyologiste ichtyologiste Nom:InvGen+SG
ichtyophage ichtyophage Nom:InvGen+SG
ichtyophagie ichtyophagie Nom:Fem+SG
ichtyornis ichtyornis Nom:Mas+InvPL
ichtyosaure ichtyosaure Nom:Mas+SG
ichtyosaures ichtyosaure Nom:Mas+PL
ichtyose ichtyose Nom:Fem+SG
icoglan icoglan Nom:Mas+SG
icône icône Nom:Fem+SG
icônes icône Nom:Fem+PL
iconoclasme iconoclasme Nom:Mas+SG
iconoclastie iconoclastie Nom:Fem+SG
iconogène iconogène Nom:Mas+SG
iconographe iconographe Nom:InvGen+SG
iconographes iconographe Nom:InvGen+PL
iconographie iconographie Nom:Fem+SG
iconolâtre iconolâtre Nom:InvGen+SG
iconolâtrie iconolâtrie Nom:Fem+SG
iconologie iconologie Nom:Fem+SG
iconologiste iconologiste Nom:InvGen+SG
iconologue iconologue Nom:InvGen+SG
iconomètre iconomètre Nom:Mas+SG
iconoscope iconoscope Nom:Mas+SG
iconostase iconostase Nom:Fem+SG
iconothèque iconothèque Nom:Fem+SG
ictère ictère Nom:Mas+SG
ictus ictus Nom:Mas+InvPL
idéalisation idéalisation Nom:Fem+SG
idéalisations idéalisation Nom:Fem+PL
idéalisme idéalisme Nom:Mas+SG
idéaliste idéaliste Nom:InvGen+SG
idéalistes idéaliste Nom:InvGen+PL
idéalité idéalité Nom:Fem+SG
idéals idéal Nom:Mas+PL
idéation idéation Nom:Fem+SG
idéaux idéal Nom:Mas+PL
idée idée Nom:Fem+SG
idées idée Nom:Fem+PL
idées idées Nom:Fem+PL
ide ide Nom:Mas+SG
identification identification Nom:Fem+SG
identifications identification Nom:Fem+PL
identique identique Nom:Mas+SG
identité identité Nom:Fem+SG
identités identité Nom:Fem+PL
idéogramme idéogramme Nom:Mas+SG
idéogrammes idéogramme Nom:Mas+PL
idéographie idéographie Nom:Fem+SG
idéologie idéologie Nom:Fem+SG
idéologies idéologie Nom:Fem+PL
idéologisation idéologisation Nom:Fem+SG
idéologue idéologue Nom:InvGen+SG
ides ide Nom:Mas+PL
ides ides Nom:Fem+PL
idiolecte idiolecte Nom:Mas+SG
idiolectes idiolecte Nom:Mas+PL
idiome idiome Nom:Mas+SG
idiomes idiome Nom:Mas+PL
idiopathie idiopathie Nom:Fem+SG
idiosyncrasie idiosyncrasie Nom:Fem+SG
idiosyncrasies idiosyncrasie Nom:Fem+PL
idiote idiot Nom:Fem+SG
idiotes idiot Nom:Fem+PL
idiot idiot Nom:Mas+SG
idiotie idiotie Nom:Fem+SG
idioties idiotie Nom:Fem+PL
idiotisme idiotisme Nom:Mas+SG
idiotismes idiotisme Nom:Mas+PL
idiots idiot Nom:Mas+PL
idolâtre idolâtre Nom:InvGen+SG
idolâtres idolâtre Nom:InvGen+PL
idolâtrie idolâtrie Nom:Fem+SG
idolâtries idolâtrie Nom:Fem+PL
idole idole Nom:Fem+SG
idoles idole Nom:Fem+PL
idylle idylle Nom:Fem+SG
idylles idylle Nom:Fem+PL
if if Nom:Mas+SG
ifs if Nom:Mas+PL
igame igame Nom:Mas+SG
igloo igloo Nom:Mas+SG
igloos igloo Nom:Mas+PL
igname igname Nom:Fem+SG
ignames igname Nom:Fem+PL
ignare ignare Nom:InvGen+SG
ignares ignare Nom:InvGen+PL
ignifugation ignifugation Nom:Fem+SG
ignifugations ignifugation Nom:Fem+PL
ignifugeant ignifugeant Nom:Mas+SG
ignifuge ignifuge Nom:Mas+SG
ignifuges ignifuge Nom:Mas+PL
ignipuncture ignipuncture Nom:Fem+SG
ignition ignition Nom:Fem+SG
ignitron ignitron Nom:Mas+SG
ignominie ignominie Nom:Fem+SG
ignominies ignominie Nom:Fem+PL
ignorance ignorance Nom:Fem+SG
ignorances ignorance Nom:Fem+PL
ignorante ignorant Nom:Fem+SG
ignorantes ignorant Nom:Fem+PL
ignorant ignorant Nom:Mas+SG
ignorantin ignorantin Nom:Mas+SG
ignorants ignorant Nom:Mas+PL
iguane iguane Nom:Mas+SG
iguanes iguane Nom:Mas+PL
iguanodon iguanodon Nom:Mas+SG
iguanodons iguanodon Nom:Mas+PL
igue igue Nom:Fem+SG
i i Nom:Mas+InvPL
ilang ilang Nom:Mas+SG
ilangs ilang Nom:Mas+PL
ilang-ilang ilang-ilang Nom:Mas+SG
île île Nom:Fem+SG
iléite iléite Nom:Fem+SG
iléon iléon Nom:Mas+SG
îles île Nom:Fem+PL
iles iles Nom:Mas+PL
îlet îlet Nom:Mas+SG
iléus iléus Nom:Mas+InvPL
îlienne îlien Nom:Fem+SG
îliennes îlien Nom:Fem+PL
il il Nom:Mas+SG
ilion ilion Nom:Mas+SG
illégalité illégalité Nom:Fem+SG
illégalités illégalité Nom:Fem+PL
illégitimité illégitimité Nom:Fem+SG
illettrée illettré Nom:Fem+SG
illettrées illettré Nom:Fem+PL
illettré illettré Nom:Mas+SG
illettrés illettré Nom:Mas+PL
illettrisme illettrisme Nom:Mas+SG
illisibilité illisibilité Nom:Fem+SG
illite illite Nom:Fem+SG
illogisme illogisme Nom:Mas+SG
illogismes illogisme Nom:Mas+PL
illumination illumination Nom:Fem+SG
illuminations illumination Nom:Fem+PL
illuminations illuminations Nom:Fem+PL
illuminisme illuminisme Nom:Mas+SG
illusion illusion Nom:Fem+SG
illusionnisme illusionnisme Nom:Mas+SG
illusionniste illusionniste Nom:InvGen+SG
illusionnistes illusionniste Nom:InvGen+PL
illusions illusion Nom:Fem+PL
illustrateur illustrateur Nom:Mas+SG
illustrateurs illustrateur Nom:Mas+PL
illustration illustration Nom:Fem+SG
illustrations illustration Nom:Fem+PL
illustratrice illustrateur Nom:Fem+SG
illustratrices illustrateur Nom:Fem+PL
illustré illustré Nom:Mas+SG
illustrés illustré Nom:Mas+PL
îlotage îlotage Nom:Mas+SG
ilote ilote Nom:InvGen+SG
ilotes ilote Nom:InvGen+PL
îlotier îlotier Nom:Mas+SG
îlotiers îlotier Nom:Mas+PL
îlot îlot Nom:Mas+SG
îlots îlot Nom:Mas+PL
image image Nom:Fem+SG
imagerie imagerie Nom:Fem+SG
imageries imagerie Nom:Fem+PL
images image Nom:Fem+PL
imagière imagier Nom:Fem+SG
imagier imagier Nom:Mas+SG
imaginaire imaginaire Nom:Fem+SG
imaginaire imaginaire Nom:Mas+SG
imaginaires imaginaire Nom:Fem+PL
imaginatifs imaginatif Nom:Mas+PL
imagination imagination Nom:Fem+SG
imaginations imagination Nom:Fem+PL
imaginations imaginations Nom:Fem+PL
imaginative imaginatif Nom:Fem+SG
imaginatives imaginatif Nom:Fem+PL
imago imago Nom:Fem+SG
imago imago Nom:Mas+SG
imamat imamat Nom:Mas+SG
imamats imamat Nom:Mas+PL
imam imam Nom:Mas+SG
imanat imanat Nom:Mas+SG
imanats imanat Nom:Mas+PL
iman iman Nom:Mas+SG
imbécile imbécile Nom:InvGen+SG
imbéciles imbécile Nom:InvGen+PL
imbécillité imbécillité Nom:Fem+SG
imbécillités imbécillité Nom:Fem+PL
imbibition imbibition Nom:Fem+SG
imbrication imbrication Nom:Fem+SG
imbrications imbrication Nom:Fem+PL
imbroglio imbroglio Nom:Mas+SG
imbroglios imbroglio Nom:Mas+PL
imbrûlé imbrûlé Nom:Mas+SG
imide imide Nom:Mas+SG
imipramine imipramine Nom:Fem+SG
imitateurs imitateur Nom:Mas+PL
imitation imitation Nom:Fem+SG
imitations imitation Nom:Fem+PL
imitatrice imitateur Nom:Fem+SG
imitatrices imitateur Nom:Fem+PL
immanence immanence Nom:Fem+SG
immanentisme immanentisme Nom:Mas+SG
immanentiste immanentiste Nom:InvGen+SG
immatérialisme immatérialisme Nom:Mas+SG
immatérialité immatérialité Nom:Fem+SG
immatriculation immatriculation Nom:Fem+SG
immatriculations immatriculation Nom:Fem+PL
immaturation immaturation Nom:Fem+SG
immaturité immaturité Nom:Fem+SG
immédiateté immédiateté Nom:Fem+SG
immédiat immédiat Nom:Mas+SG
immensité immensité Nom:Fem+SG
immensités immensité Nom:Fem+PL
immersion immersion Nom:Fem+SG
immersions immersion Nom:Fem+PL
immeuble immeuble Nom:Mas+SG
immeubles immeuble Nom:Mas+PL
immigrante immigrant Nom:Fem+SG
immigrantes immigrant Nom:Fem+PL
immigrant immigrant Nom:Mas+SG
immigrants immigrant Nom:Mas+PL
immigration immigration Nom:Fem+SG
immigrations immigration Nom:Fem+PL
immigré immigré Nom:Mas+SG
imminence imminence Nom:Fem+SG
immixtion immixtion Nom:Fem+SG
immixtions immixtion Nom:Fem+PL
immobilier immobilier Nom:Mas+SG
immobiliers immobilier Nom:Mas+PL
immobilisation immobilisation Nom:Fem+SG
immobilisations immobilisation Nom:Fem+PL
immobilisations immobilisations Nom:Fem+PL
immobilisme immobilisme Nom:Mas+SG
immobiliste immobiliste Nom:InvGen+SG
immobilistes immobiliste Nom:InvGen+PL
immobilité immobilité Nom:Fem+SG
immolation immolation Nom:Fem+SG
immolations immolation Nom:Fem+PL
immondice immondice Nom:Fem+SG
immondices immondice Nom:Fem+PL
immoralisme immoralisme Nom:Mas+SG
immoraliste immoraliste Nom:InvGen+SG
immoralité immoralité Nom:Fem+SG
immortalité immortalité Nom:Fem+SG
immortel immortel Nom:Mas+SG
immortelle immortelle Nom:Fem+SG
immortelles immortelle Nom:Fem+PL
immortels immortel Nom:Mas+PL
immuabilité immuabilité Nom:Fem+SG
immunisation immunisation Nom:Fem+SG
immunisations immunisation Nom:Fem+PL
immunité immunité Nom:Fem+SG
immunochimie immunochimie Nom:Fem+SG
immunodépresseur immunodépresseur Nom:Mas+SG
immunofluorescence immunofluorescence Nom:Fem+SG
immunoglobuline immunoglobuline Nom:Fem+SG
immunologie immunologie Nom:Fem+SG
immunologiste immunologiste Nom:InvGen+SG
immunothérapie immunothérapie Nom:Fem+SG
immutabilité immutabilité Nom:Fem+SG
impact impact Nom:Mas+SG
impaction impaction Nom:Fem+SG
impacts impact Nom:Mas+PL
impairs impair Nom:Mas+PL
impala impala Nom:Mas+SG
impalas impala Nom:Mas+PL
impaludation impaludation Nom:Fem+SG
impaludé impaludé Nom:Mas+SG
impanation impanation Nom:Fem+SG
impanissure impanissure Nom:Fem+SG
imparisyllabique imparisyllabique Nom:Mas+SG
imparité imparité Nom:Fem+SG
impartialité impartialité Nom:Fem+SG
impartiaux impartiaux Nom:Mas+PL
impasse impasse Nom:Fem+SG
impasses impasse Nom:Fem+PL
impassibilité impassibilité Nom:Fem+SG
impatience impatience Nom:Fem+SG
impatiences impatience Nom:Fem+PL
impatiences impatiences Nom:Fem+PL
impatiens impatiens Nom:Fem+InvPL
impatiente impatiente Nom:Fem+SG
impatiente impatient Nom:Fem+SG
impatientes impatiente Nom:Fem+PL
impatientes impatient Nom:Fem+PL
impatient impatient Nom:Mas+SG
impatients impatient Nom:Mas+PL
impayé impayé Nom:Mas+SG
impayés impayé Nom:Mas+PL
impeachment impeachment Nom:Mas+SG
impeccabilité impeccabilité Nom:Fem+SG
impécuniosité impécuniosité Nom:Fem+SG
impédance impédance Nom:Fem+SG
impédances impédance Nom:Fem+PL
impedimenta impedimenta Nom:Mas+PL
impénétrabilité impénétrabilité Nom:Fem+SG
impénitence impénitence Nom:Fem+SG
impénitente impénitent Nom:Fem+SG
impénitentes impénitent Nom:Fem+PL
impenses impenses Nom:Fem+PL
imperceptibilité imperceptibilité Nom:Fem+SG
imperfection imperfection Nom:Fem+SG
imperfections imperfection Nom:Fem+PL
impériale impériale Nom:Fem+SG
impériales impériale Nom:Fem+PL
impérialisme impérialisme Nom:Mas+SG
impérialismes impérialisme Nom:Mas+PL
impérialiste impérialiste Nom:InvGen+SG
impérialistes impérialiste Nom:InvGen+PL
impériaux impériaux Nom:Mas+PL
imper imper Nom:Mas+SG
impéritie impéritie Nom:Fem+SG
imperméabilisant imperméabilisant Nom:Mas+SG
imperméabilisation imperméabilisation Nom:Fem+SG
imperméabilisations imperméabilisation Nom:Fem+PL
imperméabilité imperméabilité Nom:Fem+SG
imperméable imperméable Nom:Mas+SG
imperméables imperméable Nom:Mas+PL
impers imper Nom:Mas+PL
impersonnalité impersonnalité Nom:Fem+SG
impersonnel impersonnel Nom:Mas+SG
impersonnels impersonnel Nom:Mas+PL
impertinence impertinence Nom:Fem+SG
impertinences impertinence Nom:Fem+PL
impertinente impertinent Nom:Fem+SG
impertinentes impertinent Nom:Fem+PL
imperturbabilité imperturbabilité Nom:Fem+SG
impesanteur impesanteur Nom:Fem+SG
impétiginisation impétiginisation Nom:Fem+SG
impétigo impétigo Nom:Mas+SG
impétigos impétigo Nom:Mas+PL
impétrante impétrant Nom:Fem+SG
impétrantes impétrant Nom:Fem+PL
impétrant impétrant Nom:Mas+SG
impétrants impétrant Nom:Mas+PL
impétration impétration Nom:Fem+SG
impétrations impétration Nom:Fem+PL
impétuosité impétuosité Nom:Fem+SG
impie impie Nom:InvGen+SG
impies impie Nom:InvGen+PL
impiété impiété Nom:Fem+SG
implacabilité implacabilité Nom:Fem+SG
implantation implantation Nom:Fem+SG
implantations implantation Nom:Fem+PL
implant implant Nom:Mas+SG
implantologie implantologie Nom:Fem+SG
implants implant Nom:Mas+PL
implication implication Nom:Fem+SG
implications implication Nom:Fem+PL
imploration imploration Nom:Fem+SG
implorations imploration Nom:Fem+PL
implosée implosée Nom:Fem+SG
implosées implosée Nom:Fem+PL
implosion implosion Nom:Fem+SG
implosions implosion Nom:Fem+PL
impluvium impluvium Nom:Mas+SG
impolie impoli Nom:Fem+SG
impolies impoli Nom:Fem+PL
impoli impoli Nom:Mas+SG
impolis impoli Nom:Mas+PL
impolitesse impolitesse Nom:Fem+SG
impolitesses impolitesse Nom:Fem+PL
impondérable impondérable Nom:Mas+SG
impondérables impondérable Nom:Mas+PL
impopularité impopularité Nom:Fem+SG
importance importance Nom:Fem+SG
importances importance Nom:Fem+PL
important important Nom:Mas+SG
importation importation Nom:Fem+SG
importations importation Nom:Fem+PL
importations importations Nom:Fem+PL
importatrice importateur Nom:Fem+SG
importatrices importateur Nom:Fem+PL
import import Nom:Mas+SG
importune importun Nom:Fem+SG
importunes importun Nom:Fem+PL
importunité importunité Nom:Fem+SG
importunités importunité Nom:Fem+PL
importunités importunités Nom:Fem+PL
import-export import-export Nom:Fem+InvPL
import-export import-export Nom:Mas+SG
imposable imposable Nom:InvGen+SG
imposables imposable Nom:InvGen+PL
imposée imposée Nom:Fem+SG
imposée imposé Nom:Fem+SG
imposées imposée Nom:Fem+PL
imposées imposé Nom:Fem+PL
imposé imposé Nom:Mas+SG
imposés imposé Nom:Mas+PL
imposeur imposeur Nom:Mas+SG
imposition imposition Nom:Fem+SG
impositions imposition Nom:Fem+PL
impossibilité impossibilité Nom:Fem+SG
impossibilités impossibilité Nom:Fem+PL
impossible impossible Nom:Mas+SG
imposte imposte Nom:Fem+SG
impostes imposte Nom:Fem+PL
imposteur imposteur Nom:Mas+SG
imposteurs imposteur Nom:Mas+PL
imposture imposture Nom:Fem+SG
impostures imposture Nom:Fem+PL
impotence impotence Nom:Fem+SG
impôt impôt Nom:Mas+SG
impôts impôt Nom:Mas+PL
impraticabilité impraticabilité Nom:Fem+SG
imprécateur imprécateur Nom:Mas+SG
imprécation imprécation Nom:Fem+SG
imprécations imprécation Nom:Fem+PL
imprécis imprécis Nom:Mas+SG
imprécision imprécision Nom:Fem+SG
imprécisions imprécision Nom:Fem+PL
imprégnation imprégnation Nom:Fem+SG
imprégnations imprégnation Nom:Fem+PL
impréparation impréparation Nom:Fem+SG
impresarii impresario Nom:Mas+PL
impresario impresario Nom:Mas+SG
imprésario imprésario Nom:Mas+SG
imprésarios imprésario Nom:Mas+PL
imprescriptibilité imprescriptibilité Nom:Fem+SG
impression impression Nom:Fem+SG
impressionnabilité impressionnabilité Nom:Fem+SG
impressionnisme impressionnisme Nom:Mas+SG
impressionniste impressionniste Nom:InvGen+SG
impressionnistes impressionniste Nom:InvGen+PL
impressions impression Nom:Fem+PL
imprévisibilité imprévisibilité Nom:Fem+SG
imprévision imprévision Nom:Fem+SG
imprévisions imprévision Nom:Fem+PL
imprévoyance imprévoyance Nom:Fem+SG
imprévoyances imprévoyance Nom:Fem+PL
imprévoyante imprévoyant Nom:Fem+SG
imprévoyantes imprévoyant Nom:Fem+PL
imprévoyant imprévoyant Nom:Mas+SG
imprévoyants imprévoyant Nom:Mas+PL
imprimabilité imprimabilité Nom:Fem+SG
imprimante imprimante Nom:Fem+SG
imprimantes imprimante Nom:Fem+PL
imprimatur imprimatur Nom:Mas+InvPL
imprimé imprimé Nom:Mas+SG
imprimerie imprimerie Nom:Fem+SG
imprimeries imprimerie Nom:Fem+PL
imprimés imprimé Nom:Mas+PL
imprimeur imprimeur Nom:Mas+SG
imprimeurs imprimeur Nom:Mas+PL
improbabilité improbabilité Nom:Fem+SG
improbation improbation Nom:Fem+SG
impromptu impromptu Nom:Mas+SG
impromptus impromptu Nom:Mas+PL
impropriété impropriété Nom:Fem+SG
impropriétés impropriété Nom:Fem+PL
improvisateur improvisateur Nom:Mas+SG
improvisateurs improvisateur Nom:Mas+PL
improvisation improvisation Nom:Fem+SG
improvisations improvisation Nom:Fem+PL
improvisatrice improvisateur Nom:Fem+SG
improvisatrices improvisateur Nom:Fem+PL
improviste improviste Nom:Mas+SG
imprudence imprudence Nom:Fem+SG
imprudences imprudence Nom:Fem+PL
imprudente imprudent Nom:Fem+SG
imprudentes imprudent Nom:Fem+PL
imprudent imprudent Nom:Mas+SG
impubère impubère Nom:InvGen+SG
impubères impubère Nom:InvGen+PL
impuberté impuberté Nom:Fem+SG
impudence impudence Nom:Fem+SG
impudeur impudeur Nom:Fem+SG
impudicité impudicité Nom:Fem+SG
impuissance impuissance Nom:Fem+SG
impuissances impuissance Nom:Fem+PL
impulsif impulsif Nom:Mas+SG
impulsifs impulsif Nom:Mas+PL
impulsion impulsion Nom:Fem+SG
impulsions impulsion Nom:Fem+PL
impulsive impulsif Nom:Fem+SG
impulsives impulsif Nom:Fem+PL
impulsivité impulsivité Nom:Fem+SG
impunité impunité Nom:Fem+SG
impunités impunité Nom:Fem+PL
impure impur Nom:Fem+SG
impures impur Nom:Fem+PL
impureté impureté Nom:Fem+SG
impuretés impureté Nom:Fem+PL
imputation imputation Nom:Fem+SG
imputations imputation Nom:Fem+PL
inacceptation inacceptation Nom:Fem+SG
inaccessibilité inaccessibilité Nom:Fem+SG
inaccomplissement inaccomplissement Nom:Mas+SG
inachèvement inachèvement Nom:Mas+SG
inachèvements inachèvement Nom:Mas+PL
inaction inaction Nom:Fem+SG
inactivation inactivation Nom:Fem+SG
inactivations inactivation Nom:Fem+PL
inactive inactif Nom:Fem+SG
inactives inactif Nom:Fem+PL
inactivité inactivité Nom:Fem+SG
inactivités inactivité Nom:Fem+PL
inactualité inactualité Nom:Fem+SG
inadaptation inadaptation Nom:Fem+SG
inadéquation inadéquation Nom:Fem+SG
inadéquations inadéquation Nom:Fem+PL
inadmissibilité inadmissibilité Nom:Fem+SG
inadvertance inadvertance Nom:Fem+SG
inadvertances inadvertance Nom:Fem+PL
inaliénation inaliénation Nom:Fem+SG
inaliénations inaliénation Nom:Fem+PL
inalpage inalpage Nom:Mas+SG
inaltérabilité inaltérabilité Nom:Fem+SG
inamovibilité inamovibilité Nom:Fem+SG
inanité inanité Nom:Fem+SG
inanition inanition Nom:Fem+SG
inapplicabilité inapplicabilité Nom:Fem+SG
inaptitude inaptitude Nom:Fem+SG
inaptitudes inaptitude Nom:Fem+PL
inarticulation inarticulation Nom:Fem+SG
inarticulations inarticulation Nom:Fem+PL
inattention inattention Nom:Fem+SG
inauguration inauguration Nom:Fem+SG
inaugurations inauguration Nom:Fem+PL
inauthenticité inauthenticité Nom:Fem+SG
inca inca Nom:InvGen+SG
inca inca Nom:Mas+SG
incandescence incandescence Nom:Fem+SG
incantation incantation Nom:Fem+SG
incantations incantation Nom:Fem+PL
incapacitant incapacitant Nom:Mas+SG
incapacité incapacité Nom:Fem+SG
incapacités incapacité Nom:Fem+PL
incarcération incarcération Nom:Fem+SG
incarcérations incarcération Nom:Fem+PL
incardination incardination Nom:Fem+SG
incarnation incarnation Nom:Fem+SG
incarnations incarnation Nom:Fem+PL
incarnats incarnat Nom:Mas+PL
incartade incartade Nom:Fem+SG
incartades incartade Nom:Fem+PL
incas inca Nom:InvGen+PL
incas inca Nom:Mas+PL
incendiaire incendiaire Nom:InvGen+SG
incendiaires incendiaire Nom:InvGen+PL
incendiée incendié Nom:Fem+SG
incendiées incendié Nom:Fem+PL
incendie incendie Nom:Mas+SG
incendié incendié Nom:Mas+SG
incendies incendie Nom:Mas+PL
incendiés incendié Nom:Mas+PL
incertitude incertitude Nom:Fem+SG
incertitudes incertitude Nom:Fem+PL
incessibilité incessibilité Nom:Fem+SG
inceste inceste Nom:Mas+SG
incestes inceste Nom:Mas+PL
incestueuse incestueux Nom:Fem+SG
incestueuses incestueux Nom:Fem+PL
incestueux incestueux Nom:Mas+InvPL
inchoatif inchoatif Nom:Mas+SG
incidence incidence Nom:Fem+SG
incidences incidence Nom:Fem+PL
incidente incidente Nom:Fem+SG
incidents incident Nom:Mas+PL
incinération incinération Nom:Fem+SG
incinérations incinération Nom:Fem+PL
inc i Nom:Fem+PL
incipit incipit Nom:Mas+InvPL
incirconcision incirconcision Nom:Fem+SG
incise incise Nom:Fem+SG
incises incise Nom:Fem+PL
incision incision Nom:Fem+SG
incisions incision Nom:Fem+PL
incisive incisive Nom:Fem+SG
incisives incisive Nom:Fem+PL
incisure incisure Nom:Fem+SG
incitation incitation Nom:Fem+SG
incitations incitation Nom:Fem+PL
incivilité incivilité Nom:Fem+SG
inclémence inclémence Nom:Fem+SG
inclinaison inclinaison Nom:Fem+SG
inclinaisons inclinaison Nom:Fem+PL
inclination inclination Nom:Fem+SG
inclinations inclination Nom:Fem+PL
inclusion inclusion Nom:Fem+SG
inclusions inclusion Nom:Fem+PL
incognito incognito Nom:Mas+SG
incohérence incohérence Nom:Fem+SG
incohérences incohérence Nom:Fem+PL
incombustibilité incombustibilité Nom:Fem+SG
incommensurabilité incommensurabilité Nom:Fem+SG
incommodité incommodité Nom:Fem+SG
incommodités incommodité Nom:Fem+PL
incommunicabilité incommunicabilité Nom:Fem+SG
incommutabilité incommutabilité Nom:Fem+SG
incompatibilité incompatibilité Nom:Fem+SG
incompatibilités incompatibilité Nom:Fem+PL
incompétence incompétence Nom:Fem+SG
incompétences incompétence Nom:Fem+PL
incompréhensibilité incompréhensibilité Nom:Fem+SG
incompréhension incompréhension Nom:Fem+SG
incompréhensions incompréhension Nom:Fem+PL
inconditionnalité inconditionnalité Nom:Fem+SG
inconduite inconduite Nom:Fem+SG
inconduites inconduite Nom:Fem+PL
inconfort inconfort Nom:Mas+SG
incongruence incongruence Nom:Fem+SG
incongruité incongruité Nom:Fem+SG
incongruités incongruité Nom:Fem+PL
inconnaissance inconnaissance Nom:Fem+SG
inconnue inconnu Nom:Fem+SG
inconnues inconnu Nom:Fem+PL
inconnu inconnu Nom:Mas+SG
inconnus inconnu Nom:Mas+PL
inconscience inconscience Nom:Fem+SG
inconséquence inconséquence Nom:Fem+SG
inconséquences inconséquence Nom:Fem+PL
inconsistance inconsistance Nom:Fem+SG
inconstance inconstance Nom:Fem+SG
inconstances inconstance Nom:Fem+PL
inconstitutionnalité inconstitutionnalité Nom:Fem+SG
incontestabilité incontestabilité Nom:Fem+SG
incontinence incontinence Nom:Fem+SG
inconvenance inconvenance Nom:Fem+SG
inconvenances inconvenance Nom:Fem+PL
inconvénient inconvénient Nom:Mas+SG
inconvénients inconvénient Nom:Mas+PL
incoordination incoordination Nom:Fem+SG
incorporation incorporation Nom:Fem+SG
incorporations incorporation Nom:Fem+PL
incorporé incorporé Nom:Mas+SG
incorrection incorrection Nom:Fem+SG
incorrections incorrection Nom:Fem+PL
incorruptibilité incorruptibilité Nom:Fem+SG
incrédulité incrédulité Nom:Fem+SG
incrément incrément Nom:Mas+SG
incréments incrément Nom:Mas+PL
incrimination incrimination Nom:Fem+SG
incriminations incrimination Nom:Fem+PL
incroyable incroyable Nom:InvGen+SG
incroyables incroyable Nom:InvGen+PL
incroyance incroyance Nom:Fem+SG
incroyante incroyant Nom:Fem+SG
incroyantes incroyant Nom:Fem+PL
incroyant incroyant Nom:Mas+SG
incroyants incroyant Nom:Mas+PL
incrustation incrustation Nom:Fem+SG
incrustations incrustation Nom:Fem+PL
incrustement incrustement Nom:Mas+SG
incrusteur incrusteur Nom:Mas+SG
incubateur incubateur Nom:Mas+SG
incubateurs incubateur Nom:Mas+PL
incubation incubation Nom:Fem+SG
incubations incubation Nom:Fem+PL
incube incube Nom:Mas+SG
incubes incube Nom:Mas+PL
inculcation inculcation Nom:Fem+SG
inculpation inculpation Nom:Fem+SG
inculpations inculpation Nom:Fem+PL
inculpée inculpé Nom:Fem+SG
inculpées inculpé Nom:Fem+PL
inculpé inculpé Nom:Mas+SG
inculpés inculpé Nom:Mas+PL
inculture inculture Nom:Fem+SG
incultures inculture Nom:Fem+PL
incunable incunable Nom:Mas+SG
incurie incurie Nom:Fem+SG
incuriosité incuriosité Nom:Fem+SG
incursion incursion Nom:Fem+SG
incursions incursion Nom:Fem+PL
incurvation incurvation Nom:Fem+SG
incurvations incurvation Nom:Fem+PL
incuse incuse Nom:Fem+SG
indécence indécence Nom:Fem+SG
indécise indécis Nom:Fem+SG
indécises indécis Nom:Fem+PL
indécision indécision Nom:Fem+SG
indécisions indécision Nom:Fem+PL
indéfectibilité indéfectibilité Nom:Fem+SG
indéformabilité indéformabilité Nom:Fem+SG
indéfrisable indéfrisable Nom:InvGen+SG
inde inde Nom:Mas+SG
indélébilité indélébilité Nom:Fem+SG
indélicatesse indélicatesse Nom:Fem+SG
indélicatesses indélicatesse Nom:Fem+PL
indemnisation indemnisation Nom:Fem+SG
indemnisations indemnisation Nom:Fem+PL
indemnitaire indemnitaire Nom:InvGen+SG
indemnité indemnité Nom:Fem+SG
indemnités indemnité Nom:Fem+PL
indène indène Nom:Mas+SG
indentation indentation Nom:Fem+SG
indentations indentation Nom:Fem+PL
indépendance indépendance Nom:Fem+SG
indépendances indépendance Nom:Fem+PL
indépendantisme indépendantisme Nom:Mas+SG
indes inde Nom:Mas+PL
indestructibilité indestructibilité Nom:Fem+SG
indétermination indétermination Nom:Fem+SG
indéterminations indétermination Nom:Fem+PL
indéterminisme indéterminisme Nom:Mas+SG
indéterminismes indéterminisme Nom:Mas+PL
indexage indexage Nom:Mas+SG
indexages indexage Nom:Mas+PL
indexation indexation Nom:Fem+SG
indexations indexation Nom:Fem+PL
index index Nom:Mas+InvPL
indianisation indianisation Nom:Fem+SG
indianisations indianisation Nom:Fem+PL
indianisme indianisme Nom:Mas+SG
indianistes indianiste Nom:InvGen+PL
indianologie indianologie Nom:Fem+SG
indican indican Nom:Mas+SG
indicanurie indicanurie Nom:Fem+SG
indicateur indicateur Nom:Mas+SG
indicateurs indicateur Nom:Mas+PL
indication indication Nom:Fem+SG
indications indication Nom:Fem+PL
indicatrice indicateur Nom:Fem+SG
indicatrices indicateur Nom:Fem+PL
indice indice Nom:Mas+SG
indices indice Nom:Mas+PL
indic indic Nom:Mas+SG
indiction indiction Nom:Fem+SG
indienne indienne Nom:Fem+SG
indienne indien Nom:Fem+SG
indiennes indienne Nom:Fem+PL
indiennes indien Nom:Fem+PL
indifférence indifférence Nom:Fem+SG
indifférenciation indifférenciation Nom:Fem+SG
indifférenciations indifférenciation Nom:Fem+PL
indigence indigence Nom:Fem+SG
indigènes indigène Nom:InvGen+PL
indigénisme indigénisme Nom:Mas+SG
indigéniste indigéniste Nom:InvGen+SG
indigente indigent Nom:Fem+SG
indigentes indigent Nom:Fem+PL
indigent indigent Nom:Mas+SG
indigents indigent Nom:Mas+PL
indigestion indigestion Nom:Fem+SG
indigestions indigestion Nom:Fem+PL
indignation indignation Nom:Fem+SG
indignations indignation Nom:Fem+PL
indignité indignité Nom:Fem+SG
indignités indignité Nom:Fem+PL
indigo indigo Nom:Mas+SG
indigos indigo Nom:Mas+PL
indigotine indigotine Nom:Fem+SG
indiscipline indiscipline Nom:Fem+SG
indiscrétion indiscrétion Nom:Fem+SG
indiscrétions indiscrétion Nom:Fem+PL
indisponibilité indisponibilité Nom:Fem+SG
indisposition indisposition Nom:Fem+SG
indispositions indisposition Nom:Fem+PL
indissolubilité indissolubilité Nom:Fem+SG
indium indium Nom:Mas+SG
individualisation individualisation Nom:Fem+SG
individualisations individualisation Nom:Fem+PL
individualisme individualisme Nom:Mas+SG
individualiste individualiste Nom:InvGen+SG
individualistes individualiste Nom:InvGen+PL
individualité individualité Nom:Fem+SG
individualités individualité Nom:Fem+PL
individuation individuation Nom:Fem+SG
individuel individuel Nom:Mas+SG
individuelle individuel Nom:Fem+SG
individuelles individuel Nom:Fem+PL
individuels individuel Nom:Mas+PL
individu individu Nom:Mas+SG
individus individu Nom:Mas+PL
indivisaire indivisaire Nom:InvGen+SG
indivisibilité indivisibilité Nom:Fem+SG
indivision indivision Nom:Fem+SG
indochinoise indochinois Nom:Fem+SG
indochinois indochinois Nom:Mas+InvPL
indocilité indocilité Nom:Fem+SG
indole indole Nom:Mas+SG
indolence indolence Nom:Fem+SG
inducteur inducteur Nom:Mas+SG
induction induction Nom:Fem+SG
inductions induction Nom:Fem+PL
induit induit Nom:Mas+SG
induits induit Nom:Mas+PL
indulgence indulgence Nom:Fem+SG
indulgences indulgence Nom:Fem+PL
indulgents indulgents Nom:Mas+PL
induline induline Nom:Fem+SG
indult indult Nom:Mas+SG
induration induration Nom:Fem+SG
indurations induration Nom:Fem+PL
indusie indusie Nom:Fem+SG
industrialisation industrialisation Nom:Fem+SG
industrialisations industrialisation Nom:Fem+PL
industrialisme industrialisme Nom:Mas+SG
industrie industrie Nom:Fem+SG
industriel industriel Nom:Mas+SG
industrielle industriel Nom:Fem+SG
industrielles industriel Nom:Fem+PL
industriels industriel Nom:Mas+PL
industries industrie Nom:Fem+PL
induvie induvie Nom:Fem+SG
inédit inédit Nom:Mas+SG
inédits inédit Nom:Mas+PL
inefficacité inefficacité Nom:Fem+SG
inégalité inégalité Nom:Fem+SG
inégalités inégalité Nom:Fem+PL
inélasticité inélasticité Nom:Fem+SG
inélégance inélégance Nom:Fem+SG
inélégances inélégance Nom:Fem+PL
inéligibilité inéligibilité Nom:Fem+SG
inéluctabilité inéluctabilité Nom:Fem+SG
inéluctable inéluctable Nom:Mas+SG
ineptie ineptie Nom:Fem+SG
inepties ineptie Nom:Fem+PL
inertie inertie Nom:Fem+SG
inerties inertie Nom:Fem+PL
inexactitude inexactitude Nom:Fem+SG
inexactitudes inexactitude Nom:Fem+PL
inexistence inexistence Nom:Fem+SG
inexpérience inexpérience Nom:Fem+SG
inexpressivité inexpressivité Nom:Fem+SG
inexpugnabilité inexpugnabilité Nom:Fem+SG
inextricabilité inextricabilité Nom:Fem+SG
infaillibiliste infaillibiliste Nom:InvGen+SG
infaillibilité infaillibilité Nom:Fem+SG
infamie infamie Nom:Fem+SG
infamies infamie Nom:Fem+PL
infante infant Nom:Fem+SG
infanterie infanterie Nom:Fem+SG
infanteries infanterie Nom:Fem+PL
infantes infant Nom:Fem+PL
infanticide infanticide Nom:InvGen+SG
infanticide infanticide Nom:Mas+SG
infanticides infanticide Nom:InvGen+PL
infanticides infanticide Nom:Mas+PL
infantilisation infantilisation Nom:Fem+SG
infantilisations infantilisation Nom:Fem+PL
infantilisme infantilisme Nom:Mas+SG
infant infant Nom:Mas+SG
infarctus infarctus Nom:Mas+InvPL
infatuation infatuation Nom:Fem+SG
infatuations infatuation Nom:Fem+PL
infécondité infécondité Nom:Fem+SG
infection infection Nom:Fem+SG
infections infection Nom:Fem+PL
inférence inférence Nom:Fem+SG
inférieure inférieur Nom:Fem+SG
inférieures inférieur Nom:Fem+PL
inférieur inférieur Nom:Mas+SG
inférieurs inférieur Nom:Mas+PL
infériorisation infériorisation Nom:Fem+SG
infériorisations infériorisation Nom:Fem+PL
infériorité infériorité Nom:Fem+SG
infériorités infériorité Nom:Fem+PL
infertilité infertilité Nom:Fem+SG
infestation infestation Nom:Fem+SG
infestations infestation Nom:Fem+PL
infibulation infibulation Nom:Fem+SG
infidèle infidèle Nom:InvGen+SG
infidèles infidèle Nom:InvGen+PL
infidélité infidélité Nom:Fem+SG
infidélités infidélité Nom:Fem+PL
infiltration infiltration Nom:Fem+SG
infiltrations infiltration Nom:Fem+PL
infini infini Nom:Mas+SG
infinis infini Nom:Mas+PL
infinité infinité Nom:Fem+SG
infinités infinité Nom:Fem+PL
infinitif infinitif Nom:Mas+SG
infinitifs infinitif Nom:Mas+PL
infinitude infinitude Nom:Fem+SG
infirmation infirmation Nom:Fem+SG
infirmations infirmation Nom:Fem+PL
infirme infirme Nom:InvGen+SG
infirmerie infirmerie Nom:Fem+SG
infirmeries infirmerie Nom:Fem+PL
infirmes infirme Nom:InvGen+PL
infirmière infirmier Nom:Fem+SG
infirmières infirmier Nom:Fem+PL
infirmier infirmier Nom:Mas+SG
infirmiers infirmier Nom:Mas+PL
infirmité infirmité Nom:Fem+SG
infirmités infirmité Nom:Fem+PL
infixe infixe Nom:Mas+SG
inflammabilité inflammabilité Nom:Fem+SG
inflammation inflammation Nom:Fem+SG
inflammations inflammation Nom:Fem+PL
inflation inflation Nom:Fem+SG
inflationniste inflationniste Nom:InvGen+SG
inflationnistes inflationniste Nom:InvGen+PL
inflations inflation Nom:Fem+PL
infléchissement infléchissement Nom:Mas+SG
infléchissements infléchissement Nom:Mas+PL
inflexibilité inflexibilité Nom:Fem+SG
inflexion inflexion Nom:Fem+SG
inflexions inflexion Nom:Fem+PL
inflorescence inflorescence Nom:Fem+SG
influence influence Nom:Fem+SG
influences influence Nom:Fem+PL
influenza influenza Nom:Fem+SG
influx influx Nom:Mas+InvPL
infographie infographie Nom:Fem+SG
infographies infographie Nom:Fem+PL
informateur informateur Nom:Mas+SG
informateurs informateur Nom:Mas+PL
informaticien informaticien Nom:Mas+SG
informaticienne informaticien Nom:Fem+SG
informaticiennes informaticien Nom:Fem+PL
informaticiens informaticien Nom:Mas+PL
information information Nom:Fem+SG
informations information Nom:Fem+PL
informatique informatique Nom:Fem+SG
informatiques informatique Nom:Fem+PL
informatisation informatisation Nom:Fem+SG
informatisations informatisation Nom:Fem+PL
informatrice informateur Nom:Fem+SG
informatrices informateur Nom:Fem+PL
informé informé Nom:Mas+SG
informés informé Nom:Mas+PL
infortune infortune Nom:Fem+SG
infortunes infortune Nom:Fem+PL
infraction infraction Nom:Fem+SG
infractions infraction Nom:Fem+PL
infrason infrason Nom:Mas+SG
infrasons infrason Nom:Mas+PL
infrastructure infrastructure Nom:Fem+SG
infrastructures infrastructure Nom:Fem+PL
infrutescence infrutescence Nom:Fem+SG
infule infule Nom:Fem+SG
infundibulum infundibulum Nom:Mas+SG
infusion infusion Nom:Fem+SG
infusions infusion Nom:Fem+PL
infusoire infusoire Nom:Mas+SG
infusoires infusoire Nom:Mas+PL
ingénierie ingénierie Nom:Fem+SG
ingénieur ingénieur Nom:Mas+SG
ingénieurs ingénieur Nom:Mas+PL
ingénieurs-conseils ingénieur-conseil Nom:Mas+PL
ingénieur-conseil ingénieur-conseil Nom:Mas+SG
ingéniosité ingéniosité Nom:Fem+SG
ingénue ingénue Nom:Fem+SG
ingénue ingénu Nom:Fem+SG
ingénues ingénue Nom:Fem+PL
ingénues ingénu Nom:Fem+PL
ingénu ingénu Nom:Mas+SG
ingénuité ingénuité Nom:Fem+SG
ingénuités ingénuité Nom:Fem+PL
ingénus ingénu Nom:Mas+PL
ingérence ingérence Nom:Fem+SG
ingérences ingérence Nom:Fem+PL
ingestion ingestion Nom:Fem+SG
ingluvie ingluvie Nom:Fem+SG
ingrate ingrat Nom:Fem+SG
ingrates ingrat Nom:Fem+PL
ingratitude ingratitude Nom:Fem+SG
ingrédient ingrédient Nom:Mas+SG
ingrédients ingrédient Nom:Mas+PL
ingression ingression Nom:Fem+SG
ingrisme ingrisme Nom:Mas+SG
ingriste ingriste Nom:InvGen+SG
ingurgitation ingurgitation Nom:Fem+SG
ingurgitations ingurgitation Nom:Fem+PL
inhabileté inhabileté Nom:Fem+SG
inhabilité inhabilité Nom:Fem+SG
inhabilités inhabilité Nom:Fem+PL
inhalateur inhalateur Nom:Mas+SG
inhalateurs inhalateur Nom:Mas+PL
inhalation inhalation Nom:Fem+SG
inhalations inhalation Nom:Fem+PL
inhérence inhérence Nom:Fem+SG
inhibée inhibé Nom:Fem+SG
inhibées inhibé Nom:Fem+PL
inhibé inhibé Nom:Mas+SG
inhibés inhibé Nom:Mas+PL
inhibiteur inhibiteur Nom:Mas+SG
inhibiteurs inhibiteur Nom:Mas+PL
inhibition inhibition Nom:Fem+SG
inhibitions inhibition Nom:Fem+PL
inhumanité inhumanité Nom:Fem+SG
inhumation inhumation Nom:Fem+SG
inhumations inhumation Nom:Fem+PL
inimitié inimitié Nom:Fem+SG
inimitiés inimitié Nom:Fem+PL
inintelligence inintelligence Nom:Fem+SG
inintelligibilité inintelligibilité Nom:Fem+SG
iniquité iniquité Nom:Fem+SG
iniquités iniquité Nom:Fem+PL
initiale initiale Nom:Fem+SG
initiales initiale Nom:Fem+PL
initiales initiales Nom:Fem+PL
initialisation initialisation Nom:Fem+SG
initialisations initialisation Nom:Fem+PL
initiateur initiateur Nom:Mas+SG
initiateurs initiateur Nom:Mas+PL
initiation initiation Nom:Fem+SG
initiations initiation Nom:Fem+PL
initiative initiative Nom:Fem+SG
initiatives initiative Nom:Fem+PL
initiatrice initiateur Nom:Fem+SG
initiatrices initiateur Nom:Fem+PL
initiée initié Nom:Fem+SG
initiées initié Nom:Fem+PL
initié initié Nom:Mas+SG
initiés initié Nom:Mas+PL
injecteur injecteur Nom:Mas+SG
injecteurs injecteur Nom:Mas+PL
injection injection Nom:Fem+SG
injections injection Nom:Fem+PL
injective injective Nom:Fem+SG
injectives injective Nom:Fem+PL
injonction injonction Nom:Fem+SG
injonctions injonction Nom:Fem+PL
injure injure Nom:Fem+SG
injures injure Nom:Fem+PL
injustice injustice Nom:Fem+SG
injustices injustice Nom:Fem+PL
inlandsis inlandsis Nom:Mas+InvPL
inlay inlay Nom:Mas+SG
innéisme innéisme Nom:Mas+SG
innéiste innéiste Nom:InvGen+SG
innéité innéité Nom:Fem+SG
innervation innervation Nom:Fem+SG
innervations innervation Nom:Fem+PL
innocence innocence Nom:Fem+SG
innocente innocent Nom:Fem+SG
innocentes innocent Nom:Fem+PL
innocent innocent Nom:Mas+SG
innocents innocent Nom:Mas+PL
innocuité innocuité Nom:Fem+SG
innovateur innovateur Nom:Mas+SG
innovateurs innovateur Nom:Mas+PL
innovation innovation Nom:Fem+SG
innovations innovation Nom:Fem+PL
innovatrice innovateur Nom:Fem+SG
innovatrices innovateur Nom:Fem+PL
inobservation inobservation Nom:Fem+SG
inoccupation inoccupation Nom:Fem+SG
inoculabilité inoculabilité Nom:Fem+SG
inoculant inoculant Nom:Mas+SG
inoculation inoculation Nom:Fem+SG
inoculations inoculation Nom:Fem+PL
inocybe inocybe Nom:Mas+SG
inondation inondation Nom:Fem+SG
inondations inondation Nom:Fem+PL
inondée inondé Nom:Fem+SG
inondées inondé Nom:Fem+PL
inondé inondé Nom:Mas+SG
inondés inondé Nom:Mas+PL
inopportunité inopportunité Nom:Fem+SG
inopportunités inopportunité Nom:Fem+PL
inopposabilité inopposabilité Nom:Fem+SG
inorganisation inorganisation Nom:Fem+SG
inox inox Nom:Mas+InvPL
input input Nom:Mas+SG
inputs input Nom:Mas+PL
inquart inquart Nom:Mas+SG
inquarts inquart Nom:Mas+PL
inquiète inquiet Nom:Fem+SG
inquiètes inquiet Nom:Fem+PL
inquiétude inquiétude Nom:Fem+SG
inquiétudes inquiétude Nom:Fem+PL
inquisiteur inquisiteur Nom:Mas+SG
inquisiteurs inquisiteur Nom:Mas+PL
inquisition inquisition Nom:Fem+SG
inquisitions inquisition Nom:Fem+PL
inquisitrice inquisiteur Nom:Fem+SG
inquisitrices inquisiteur Nom:Fem+PL
insaisissabilité insaisissabilité Nom:Fem+SG
insalivation insalivation Nom:Fem+SG
insalivations insalivation Nom:Fem+PL
insalubrité insalubrité Nom:Fem+SG
insane insane Nom:InvGen+SG
insanes insane Nom:InvGen+PL
insanité insanité Nom:Fem+SG
insanités insanité Nom:Fem+PL
insatiabilité insatiabilité Nom:Fem+SG
insatisfaction insatisfaction Nom:Fem+SG
insatisfactions insatisfaction Nom:Fem+PL
inscription inscription Nom:Fem+SG
inscriptions inscription Nom:Fem+PL
inscrite inscrit Nom:Fem+SG
inscrites inscrit Nom:Fem+PL
inscrit inscrit Nom:Mas+SG
inscrits inscrit Nom:Mas+PL
inscrivante inscrivant Nom:Fem+SG
inscrivantes inscrivant Nom:Fem+PL
inscrivant inscrivant Nom:Mas+SG
inscrivants inscrivant Nom:Mas+PL
insectarium insectarium Nom:Mas+SG
insecte insecte Nom:Mas+SG
insectes insecte Nom:Mas+PL
insecticide insecticide Nom:Mas+SG
insecticides insecticide Nom:Mas+PL
insécurité insécurité Nom:Fem+SG
inselberg inselberg Nom:Mas+SG
insémination insémination Nom:Fem+SG
inséminations insémination Nom:Fem+PL
insensibilisation insensibilisation Nom:Fem+SG
insensibilité insensibilité Nom:Fem+SG
inséparabilité inséparabilité Nom:Fem+SG
insertion insertion Nom:Fem+SG
insertions insertion Nom:Fem+PL
insigne insigne Nom:Mas+SG
insignes insigne Nom:Mas+PL
insignifiance insignifiance Nom:Fem+SG
insinuation insinuation Nom:Fem+SG
insinuations insinuation Nom:Fem+PL
insipidité insipidité Nom:Fem+SG
insistance insistance Nom:Fem+SG
insistances insistance Nom:Fem+PL
insolation insolation Nom:Fem+SG
insolations insolation Nom:Fem+PL
insolence insolence Nom:Fem+SG
insolences insolence Nom:Fem+PL
insolente insolent Nom:Fem+SG
insolentes insolent Nom:Fem+PL
insolent insolent Nom:Mas+SG
insolents insolent Nom:Mas+PL
insolvabilité insolvabilité Nom:Fem+SG
insomniaque insomniaque Nom:InvGen+SG
insomniaques insomniaque Nom:InvGen+PL
insomnie insomnie Nom:Fem+SG
insomnies insomnie Nom:Fem+PL
insomnieuse insomnieux Nom:Fem+SG
insomnieuses insomnieux Nom:Fem+PL
insomnieux insomnieux Nom:Mas+InvPL
insonorisation insonorisation Nom:Fem+SG
insonorité insonorité Nom:Fem+SG
insouciance insouciance Nom:Fem+SG
insouciante insouciant Nom:Fem+SG
insouciantes insouciant Nom:Fem+PL
insouciant insouciant Nom:Mas+SG
insouciants insouciant Nom:Mas+PL
insoumission insoumission Nom:Fem+SG
inspecteur inspecteur Nom:Mas+SG
inspecteurs inspecteur Nom:Mas+PL
inspection inspection Nom:Fem+SG
inspections inspection Nom:Fem+PL
inspectrice inspecteur Nom:Fem+SG
inspectrices inspecteur Nom:Fem+PL
inspirateur inspirateur Nom:Mas+SG
inspirateurs inspirateur Nom:Mas+PL
inspiration inspiration Nom:Fem+SG
inspirations inspiration Nom:Fem+PL
inspiratrice inspirateur Nom:Fem+SG
inspiratrices inspirateur Nom:Fem+PL
inspiré inspiré Nom:Mas+SG
instabilité instabilité Nom:Fem+SG
installateur installateur Nom:Mas+SG
installateurs installateur Nom:Mas+PL
installation installation Nom:Fem+SG
installations installation Nom:Fem+PL
installations installations Nom:Fem+PL
instance instance Nom:Fem+SG
instances instance Nom:Fem+PL
instantanéité instantanéité Nom:Fem+SG
instant instant Nom:Mas+SG
instants instant Nom:Mas+PL
instar instar Nom:Mas+SG
instauration instauration Nom:Fem+SG
instaurations instauration Nom:Fem+PL
instigateur instigateur Nom:Mas+SG
instigateurs instigateur Nom:Mas+PL
instigation instigation Nom:Fem+SG
instigatrice instigateur Nom:Fem+SG
instigatrices instigateur Nom:Fem+PL
instillation instillation Nom:Fem+SG
instillations instillation Nom:Fem+PL
instinctif instinctif Nom:Mas+SG
instinctifs instinctif Nom:Mas+PL
instinct instinct Nom:Mas+SG
instinctive instinctif Nom:Fem+SG
instinctives instinctif Nom:Fem+PL
instinctivité instinctivité Nom:Fem+SG
instincts instinct Nom:Mas+PL
institué institué Nom:Mas+SG
institués institué Nom:Mas+PL
institutes institutes Nom:Fem+PL
instituteur instituteur Nom:Mas+SG
instituteurs instituteur Nom:Mas+PL
institut institut Nom:Mas+SG
institution institution Nom:Fem+SG
institutionnalisation institutionnalisation Nom:Fem+SG
institutionnalisations institutionnalisation Nom:Fem+PL
institutions institution Nom:Fem+PL
institutrice instituteur Nom:Fem+SG
institutrices instituteur Nom:Fem+PL
instituts institut Nom:Mas+PL
instructeur instructeur Nom:Mas+SG
instructeurs instructeur Nom:Mas+PL
instruction instruction Nom:Fem+SG
instructions instruction Nom:Fem+PL
instrumental instrumental Nom:Mas+SG
instrumentalisme instrumentalisme Nom:Mas+SG
instrumentation instrumentation Nom:Fem+SG
instrumentations instrumentation Nom:Fem+PL
instrumentaux instrumental Nom:Mas+PL
instrument instrument Nom:Mas+SG
instrumentiste instrumentiste Nom:InvGen+SG
instrumentistes instrumentiste Nom:InvGen+PL
instruments instrument Nom:Mas+PL
insubmersibilité insubmersibilité Nom:Fem+SG
insubordination insubordination Nom:Fem+SG
insubordinations insubordination Nom:Fem+PL
insuccès insuccès Nom:Mas+InvPL
insuffisance insuffisance Nom:Fem+SG
insuffisances insuffisance Nom:Fem+PL
insufflateur insufflateur Nom:Mas+SG
insufflation insufflation Nom:Fem+SG
insufflations insufflation Nom:Fem+PL
insu insu Nom:Mas+SG
insulaire insulaire Nom:InvGen+SG
insulaires insulaire Nom:InvGen+PL
insularité insularité Nom:Fem+SG
insulinase insulinase Nom:Fem+SG
insuline insuline Nom:Fem+SG
insulines insuline Nom:Fem+PL
insulinothérapie insulinothérapie Nom:Fem+SG
insultée insulté Nom:Fem+SG
insultées insulté Nom:Fem+PL
insulte insulte Nom:Fem+SG
insulté insulté Nom:Mas+SG
insultes insulte Nom:Fem+PL
insultés insulté Nom:Mas+PL
insulteur insulteur Nom:Mas+SG
insurrection insurrection Nom:Fem+SG
insurrections insurrection Nom:Fem+PL
intaille intaille Nom:Fem+SG
intangibilité intangibilité Nom:Fem+SG
intégrale intégrale Nom:Fem+SG
intégrales intégrale Nom:Fem+PL
intégralité intégralité Nom:Fem+SG
intégrateur intégrateur Nom:Mas+SG
intégration intégration Nom:Fem+SG
intégrationniste intégrationniste Nom:InvGen+SG
intégrations intégration Nom:Fem+PL
intégrisme intégrisme Nom:Mas+SG
intégristes intégriste Nom:InvGen+PL
intégrité intégrité Nom:Fem+SG
intellect intellect Nom:Mas+SG
intellects intellect Nom:Mas+PL
intellectualisme intellectualisme Nom:Mas+SG
intellectualiste intellectualiste Nom:InvGen+SG
intellectuel intellectuel Nom:Mas+SG
intellectuelle intellectuel Nom:Fem+SG
intellectuelles intellectuel Nom:Fem+PL
intellectuels intellectuel Nom:Mas+PL
intelligence intelligence Nom:Fem+SG
intelligences intelligence Nom:Fem+PL
intelligentsia intelligentsia Nom:Fem+SG
intelligentsias intelligentsia Nom:Fem+PL
intelligibilité intelligibilité Nom:Fem+SG
intempérance intempérance Nom:Fem+SG
intempérie intempérie Nom:Fem+SG
intempéries intempérie Nom:Fem+PL
intempéries intempéries Nom:Fem+PL
intemporalité intemporalité Nom:Fem+SG
intendance intendance Nom:Fem+SG
intendances intendance Nom:Fem+PL
intendante intendant Nom:Fem+SG
intendantes intendant Nom:Fem+PL
intendant intendant Nom:Mas+SG
intendants intendant Nom:Mas+PL
intensification intensification Nom:Fem+SG
intensif intensif Nom:Mas+SG
intensifs intensif Nom:Mas+PL
intensité intensité Nom:Fem+SG
intensités intensité Nom:Fem+PL
intention intention Nom:Fem+SG
intentionnalité intentionnalité Nom:Fem+SG
intentions intention Nom:Fem+PL
interaction interaction Nom:Fem+SG
interactions interaction Nom:Fem+PL
intercalaire intercalaire Nom:Mas+SG
intercalaires intercalaire Nom:Mas+PL
intercalation intercalation Nom:Fem+SG
intercalations intercalation Nom:Fem+PL
intercepteur intercepteur Nom:Mas+SG
interception interception Nom:Fem+SG
interceptions interception Nom:Fem+PL
intercesseur intercesseur Nom:Mas+SG
intercesseurs intercesseur Nom:Mas+PL
intercession intercession Nom:Fem+SG
intercessions intercession Nom:Fem+PL
interchangeabilité interchangeabilité Nom:Fem+SG
interclasse interclasse Nom:Mas+SG
interclasses interclasse Nom:Mas+PL
intercommunication intercommunication Nom:Fem+SG
interconnexion interconnexion Nom:Fem+SG
interconnexions interconnexion Nom:Fem+PL
intercourse intercourse Nom:Fem+SG
interdépendance interdépendance Nom:Fem+SG
interdépendances interdépendance Nom:Fem+PL
interdiction interdiction Nom:Fem+SG
interdictions interdiction Nom:Fem+PL
interdisciplinarité interdisciplinarité Nom:Fem+SG
interdisciplinarités interdisciplinarité Nom:Fem+PL
interdite interdit Nom:Fem+SG
interdites interdit Nom:Fem+PL
interdit interdit Nom:Mas+SG
interdits interdit Nom:Mas+PL
intéressée intéressé Nom:Fem+SG
intéressées intéressé Nom:Fem+PL
intéressé intéressé Nom:Mas+SG
intéressement intéressement Nom:Mas+SG
intéressements intéressement Nom:Mas+PL
intéressés intéressé Nom:Mas+PL
intérêt intérêt Nom:Mas+SG
intérêts intérêt Nom:Mas+PL
intérêts intérêts Nom:Mas+PL
interface interface Nom:Fem+SG
interfaces interface Nom:Fem+PL
interférence interférence Nom:Fem+SG
interférences interférence Nom:Fem+PL
interféromètre interféromètre Nom:Mas+SG
interférométrie interférométrie Nom:Fem+SG
interféron interféron Nom:Mas+SG
interférons interféron Nom:Mas+PL
interfluve interfluve Nom:Mas+SG
interfoliage interfoliage Nom:Mas+SG
interfoliages interfoliage Nom:Mas+PL
interglaciaire interglaciaire Nom:Mas+SG
intergroupe intergroupe Nom:Mas+SG
intérieur intérieur Nom:Mas+SG
intérieurs intérieur Nom:Mas+PL
intérimaire intérimaire Nom:InvGen+SG
intérimaires intérimaire Nom:InvGen+PL
intérim intérim Nom:Mas+SG
intérims intérim Nom:Mas+PL
inter inter Nom:Mas+SG
intériorisation intériorisation Nom:Fem+SG
intériorisations intériorisation Nom:Fem+PL
intériorité intériorité Nom:Fem+SG
interjection interjection Nom:Fem+SG
interjections interjection Nom:Fem+PL
interlignage interlignage Nom:Mas+SG
interlignages interlignage Nom:Mas+PL
interligne interligne Nom:Fem+SG
interligne interligne Nom:Mas+SG
interlignes interligne Nom:Fem+PL
interlignes interligne Nom:Mas+PL
interlock interlock Nom:Mas+SG
interlocuteur interlocuteur Nom:Mas+SG
interlocuteurs interlocuteur Nom:Mas+PL
interlocutoire interlocutoire Nom:Mas+SG
interlocutrice interlocuteur Nom:Fem+SG
interlocutrices interlocuteur Nom:Fem+PL
interlude interlude Nom:Mas+SG
interludes interlude Nom:Mas+PL
intermède intermède Nom:Mas+SG
intermèdes intermède Nom:Mas+PL
intermédiaire intermédiaire Nom:InvGen+SG
intermédiaires intermédiaire Nom:InvGen+PL
intermittence intermittence Nom:Fem+SG
intermittences intermittence Nom:Fem+PL
intermittente intermittent Nom:Fem+SG
intermittentes intermittent Nom:Fem+PL
internalisation internalisation Nom:Fem+SG
internat internat Nom:Mas+SG
internationale internationale Nom:Fem+SG
internationale international Nom:Fem+SG
internationales internationale Nom:Fem+PL
internationales international Nom:Fem+PL
international international Nom:Mas+SG
internationalisation internationalisation Nom:Fem+SG
internationalisations internationalisation Nom:Fem+PL
internationalisme internationalisme Nom:Mas+SG
internationaliste internationaliste Nom:InvGen+SG
internationalistes internationaliste Nom:InvGen+PL
internationaux international Nom:Mas+PL
internationaux internationaux Nom:Mas+PL
internats internat Nom:Mas+PL
internée interné Nom:Fem+SG
internées interné Nom:Fem+PL
interne interne Nom:InvGen+SG
interné interné Nom:Mas+SG
internement internement Nom:Mas+SG
internements internement Nom:Mas+PL
internes interne Nom:InvGen+PL
internés interné Nom:Mas+PL
internonce internonce Nom:Mas+SG
intéroceptivité intéroceptivité Nom:Fem+SG
interpellateur interpellateur Nom:Mas+SG
interpellateurs interpellateur Nom:Mas+PL
interpellation interpellation Nom:Fem+SG
interpellations interpellation Nom:Fem+PL
interpellatrice interpellateur Nom:Fem+SG
interpellatrices interpellateur Nom:Fem+PL
interpénétration interpénétration Nom:Fem+SG
interpénétrations interpénétration Nom:Fem+PL
interphase interphase Nom:Fem+SG
interphone interphone Nom:Mas+SG
interpolateur interpolateur Nom:Mas+SG
interpolateurs interpolateur Nom:Mas+PL
interpolation interpolation Nom:Fem+SG
interpolations interpolation Nom:Fem+PL
interpolatrice interpolateur Nom:Fem+SG
interpolatrices interpolateur Nom:Fem+PL
interprétant interprétant Nom:Mas+SG
interprétariat interprétariat Nom:Mas+SG
interprétariats interprétariat Nom:Mas+PL
interprétation interprétation Nom:Fem+SG
interprétations interprétation Nom:Fem+PL
interprète interprète Nom:InvGen+SG
interprètes interprète Nom:InvGen+PL
interpréteur interpréteur Nom:Mas+SG
interpréteurs interpréteur Nom:Mas+PL
interpsychologie interpsychologie Nom:Fem+SG
interrègne interrègne Nom:Mas+SG
interrègnes interrègne Nom:Mas+PL
interrelation interrelation Nom:Fem+SG
interrelations interrelation Nom:Fem+PL
interrogateur interrogateur Nom:Mas+SG
interrogateurs interrogateur Nom:Mas+PL
interrogation interrogation Nom:Fem+SG
interrogations interrogation Nom:Fem+PL
interrogative interrogative Nom:Fem+SG
interrogatives interrogative Nom:Fem+PL
interrogatoire interrogatoire Nom:Mas+SG
interrogatoires interrogatoire Nom:Mas+PL
interrogatrice interrogateur Nom:Fem+SG
interrogatrices interrogateur Nom:Fem+PL
interroi interroi Nom:Mas+SG
interrupteur interrupteur Nom:Mas+SG
interrupteurs interrupteur Nom:Mas+PL
interruption interruption Nom:Fem+SG
interruptions interruption Nom:Fem+PL
interruptrice interrupteur Nom:Fem+SG
interruptrices interrupteur Nom:Fem+PL
intersection intersection Nom:Fem+SG
intersections intersection Nom:Fem+PL
intersession intersession Nom:Fem+SG
intersessions intersession Nom:Fem+PL
intersexualité intersexualité Nom:Fem+SG
intersigne intersigne Nom:Mas+SG
inters inter Nom:Mas+PL
interstice interstice Nom:Mas+SG
interstices interstice Nom:Mas+PL
interurbain interurbain Nom:Mas+SG
interurbains interurbain Nom:Mas+PL
intervalle intervalle Nom:Mas+SG
intervalles intervalle Nom:Mas+PL
intervenante intervenant Nom:Fem+SG
intervenantes intervenant Nom:Fem+PL
intervenant intervenant Nom:Mas+SG
intervention intervention Nom:Fem+SG
interventionnisme interventionnisme Nom:Mas+SG
interventionniste interventionniste Nom:InvGen+SG
interventionnistes interventionniste Nom:InvGen+PL
interventions intervention Nom:Fem+PL
interversion interversion Nom:Fem+SG
interversions interversion Nom:Fem+PL
interviewée interviewé Nom:Fem+SG
interviewées interviewé Nom:Fem+PL
interviewé interviewé Nom:Mas+SG
interviewer interviewer Nom:Mas+SG
interviewers interviewer Nom:Mas+PL
interviewés interviewé Nom:Mas+PL
intervieweur intervieweur Nom:Mas+SG
interview interview Nom:Fem+SG
interviews interview Nom:Fem+PL
intervocalique intervocalique Nom:Fem+SG
intestat intestat Nom:Mas+SG
intestin intestin Nom:Mas+SG
intestins intestin Nom:Mas+PL
inti inti Nom:Mas+SG
intima intima Nom:Fem+SG
intimas intima Nom:Fem+PL
intimations intimation Nom:Fem+PL
intimée intimé Nom:Fem+SG
intimées intimé Nom:Fem+PL
intime intime Nom:InvGen+SG
intimes intime Nom:InvGen+PL
intimés intimé Nom:Mas+PL
intimidation intimidation Nom:Fem+SG
intimidations intimidation Nom:Fem+PL
intimisme intimisme Nom:Mas+SG
intimiste intimiste Nom:InvGen+SG
intimistes intimiste Nom:InvGen+PL
intimité intimité Nom:Fem+SG
intimités intimité Nom:Fem+PL
intitulé intitulé Nom:Mas+SG
intitulés intitulé Nom:Mas+PL
intolérance intolérance Nom:Fem+SG
intolérances intolérance Nom:Fem+PL
intonation intonation Nom:Fem+SG
intonations intonation Nom:Fem+PL
intouchable intouchable Nom:InvGen+SG
intouchables intouchable Nom:InvGen+PL
intoxication intoxication Nom:Fem+SG
intoxications intoxication Nom:Fem+PL
intoxiquée intoxiqué Nom:Fem+SG
intoxiquées intoxiqué Nom:Fem+PL
intoxiqué intoxiqué Nom:Mas+SG
intoxiqués intoxiqué Nom:Mas+PL
intradermo intradermo Nom:Fem+SG
intradermo-réaction intradermo-réaction Nom:Fem+SG
intrados intrados Nom:Mas+InvPL
intransigeance intransigeance Nom:Fem+SG
intransigeante intransigeant Nom:Fem+SG
intransigeantes intransigeant Nom:Fem+PL
intransigeant intransigeant Nom:Mas+SG
intransigeants intransigeant Nom:Mas+PL
intrant intrant Nom:Mas+SG
intraveineuse intraveineuse Nom:Fem+SG
intraveineuses intraveineuse Nom:Fem+PL
intrépidité intrépidité Nom:Fem+SG
intrication intrication Nom:Fem+SG
intrications intrication Nom:Fem+PL
intrigue intrigue Nom:Fem+SG
intrigues intrigue Nom:Fem+PL
introducteur introducteur Nom:Mas+SG
introducteurs introducteur Nom:Mas+PL
introduction introduction Nom:Fem+SG
introductions introduction Nom:Fem+PL
introductrice introducteur Nom:Fem+SG
introductrices introducteur Nom:Fem+PL
introït introït Nom:Mas+InvPL
introjection introjection Nom:Fem+SG
intromission intromission Nom:Fem+SG
intronisation intronisation Nom:Fem+SG
intronisations intronisation Nom:Fem+PL
introspection introspection Nom:Fem+SG
introspections introspection Nom:Fem+PL
introversion introversion Nom:Fem+SG
introvertie introverti Nom:Fem+SG
introverties introverti Nom:Fem+PL
introverti introverti Nom:Mas+SG
introvertis introverti Nom:Mas+PL
intrusion intrusion Nom:Fem+SG
intrusions intrusion Nom:Fem+PL
intubation intubation Nom:Fem+SG
intubations intubation Nom:Fem+PL
intuitif intuitif Nom:Mas+SG
intuitifs intuitif Nom:Mas+PL
intuition intuition Nom:Fem+SG
intuitionnisme intuitionnisme Nom:Mas+SG
intuitionnismes intuitionnisme Nom:Mas+PL
intuitionniste intuitionniste Nom:InvGen+SG
intuitionnistes intuitionniste Nom:InvGen+PL
intuitions intuition Nom:Fem+PL
intuitive intuitif Nom:Fem+SG
intuitives intuitif Nom:Fem+PL
intussusception intussusception Nom:Fem+SG
inule inule Nom:Fem+SG
inuline inuline Nom:Fem+SG
inutilité inutilité Nom:Fem+SG
inutilités inutilité Nom:Fem+PL
invagination invagination Nom:Fem+SG
invaginations invagination Nom:Fem+PL
invalidation invalidation Nom:Fem+SG
invalidations invalidation Nom:Fem+PL
invalide invalide Nom:InvGen+SG
invalides invalide Nom:InvGen+PL
invalidité invalidité Nom:Fem+SG
invariabilité invariabilité Nom:Fem+SG
invariance invariance Nom:Fem+SG
invasion invasion Nom:Fem+SG
invasions invasion Nom:Fem+PL
invective invective Nom:Fem+SG
invectives invective Nom:Fem+PL
invendu invendu Nom:Mas+SG
invendus invendu Nom:Mas+PL
inventaire inventaire Nom:Mas+SG
inventaires inventaire Nom:Mas+PL
inventeur inventeur Nom:Mas+SG
inventeurs inventeur Nom:Mas+PL
invention invention Nom:Fem+SG
inventions invention Nom:Fem+PL
inventive inventif Nom:Fem+SG
inventives inventif Nom:Fem+PL
inventivité inventivité Nom:Fem+SG
inventivités inventivité Nom:Fem+PL
inventoriage inventoriage Nom:Mas+SG
inventoriages inventoriage Nom:Mas+PL
inventrice inventeur Nom:Fem+SG
inventrices inventeur Nom:Fem+PL
inverse inverse Nom:Fem+SG
inverse inverse Nom:Mas+SG
inverses inverse Nom:Fem+PL
inverses inverse Nom:Mas+PL
inverseur inverseur Nom:Mas+SG
inversible inversible Nom:Mas+SG
inversibles inversible Nom:Mas+PL
inversion inversion Nom:Fem+SG
inversions inversion Nom:Fem+PL
invertase invertase Nom:Fem+SG
invertébrée invertébré Nom:Fem+SG
invertébrées invertébré Nom:Fem+PL
invertébré invertébré Nom:Mas+SG
invertébrés invertébré Nom:Mas+PL
invertie inverti Nom:Fem+SG
inverties inverti Nom:Fem+PL
inverti inverti Nom:Mas+SG
invertine invertine Nom:Fem+SG
invertis inverti Nom:Mas+PL
investigateur investigateur Nom:Mas+SG
investigateurs investigateur Nom:Mas+PL
investigation investigation Nom:Fem+SG
investigations investigation Nom:Fem+PL
investissement investissement Nom:Mas+SG
investissements investissement Nom:Mas+PL
investisseur investisseur Nom:Mas+SG
investisseurs investisseur Nom:Mas+PL
investiture investiture Nom:Fem+SG
investitures investiture Nom:Fem+PL
invincibilité invincibilité Nom:Fem+SG
inviolabilité inviolabilité Nom:Fem+SG
invisibilité invisibilité Nom:Fem+SG
invisible invisible Nom:Mas+SG
invisibles invisible Nom:Mas+PL
invitation invitation Nom:Fem+SG
invitations invitation Nom:Fem+PL
invitatoire invitatoire Nom:InvGen+SG
invitée invité Nom:Fem+SG
invitées invité Nom:Fem+PL
invite invite Nom:Fem+SG
invité invité Nom:Mas+SG
invites invite Nom:Fem+PL
invités invité Nom:Mas+PL
invocateur invocateur Nom:Mas+SG
invocation invocation Nom:Fem+SG
invocations invocation Nom:Fem+PL
involution involution Nom:Fem+SG
invraisemblance invraisemblance Nom:Fem+SG
invraisemblances invraisemblance Nom:Fem+PL
invulnérabilité invulnérabilité Nom:Fem+SG
in-dix-huit in-dix-huit Nom:Mas+InvPL
in-douze in-douze Nom:Mas+InvPL
in-folio in-folio Nom:Mas+InvPL
in-folio in-folio Nom:Mas+SG
in-octavo in-octavo Nom:Mas+InvPL
in-octavo in-octavo Nom:Mas+SG
in-plano in-plano Nom:Mas+InvPL
in-quarto in-quarto Nom:Mas+InvPL
in-quarto in-quarto Nom:Mas+SG
in-seize in-seize Nom:Mas+InvPL
iodate iodate Nom:Mas+SG
iode iode Nom:Mas+SG
iodisme iodisme Nom:Mas+SG
iodoforme iodoforme Nom:Mas+SG
iodophilie iodophilie Nom:Fem+SG
iodure iodure Nom:Mas+SG
ionien ionien Nom:Mas+SG
ionienne ionien Nom:Fem+SG
ioniennes ionien Nom:Fem+PL
ion ion Nom:Mas+SG
ionique ionique Nom:Mas+SG
ioniques ionique Nom:Mas+PL
ionisation ionisation Nom:Fem+SG
ionisations ionisation Nom:Fem+PL
ionone ionone Nom:Fem+SG
ionosphère ionosphère Nom:Fem+SG
ionothérapie ionothérapie Nom:Fem+SG
ions ion Nom:Mas+PL
iotacisme iotacisme Nom:Mas+SG
iota iota Nom:Mas+InvPL
iourte iourte Nom:Fem+SG
iourtes iourte Nom:Fem+PL
ipéca ipéca Nom:Mas+SG
ipomée ipomée Nom:Fem+SG
ipséité ipséité Nom:Fem+SG
irakien irakien Nom:Mas+SG
irakienne irakien Nom:Fem+SG
irakiennes irakien Nom:Fem+PL
irakiens irakien Nom:Mas+PL
irascibilité irascibilité Nom:Fem+SG
ire ire Nom:Fem+SG
irénarchie irénarchie Nom:Fem+SG
irénarque irénarque Nom:Mas+SG
irénisme irénisme Nom:Mas+SG
ires ire Nom:Fem+PL
iridacée iridacée Nom:Fem+SG
iridacées iridacée Nom:Fem+PL
iridectomie iridectomie Nom:Fem+SG
iridium iridium Nom:Mas+SG
iridiums iridium Nom:Mas+PL
irisation irisation Nom:Fem+SG
irisations irisation Nom:Fem+PL
irish irish Nom:Mas+InvPL
iris iris Nom:Mas+InvPL
iritis iritis Nom:Fem+InvPL
irlandaise irlandais Nom:Fem+SG
irlandaises irlandais Nom:Fem+PL
irlandais irlandais Nom:Mas+InvPL
irlandais irlandais Nom:Mas+SG
irone irone Nom:Fem+SG
ironie ironie Nom:Fem+SG
ironies ironie Nom:Fem+PL
ironisée ironisée Nom:Fem+SG
ironisées ironisée Nom:Fem+PL
ironiste ironiste Nom:InvGen+SG
ironistes ironiste Nom:InvGen+PL
iroquoise iroquois Nom:Fem+SG
iroquoises iroquois Nom:Fem+PL
iroquois iroquois Nom:Mas+InvPL
iroquois iroquois Nom:Mas+SG
irradiation irradiation Nom:Fem+SG
irradiations irradiation Nom:Fem+PL
irrationalisme irrationalisme Nom:Mas+SG
irrationaliste irrationaliste Nom:InvGen+SG
irrationalité irrationalité Nom:Fem+SG
irrationnel irrationnel Nom:Mas+SG
irrationnelle irrationnelle Nom:Fem+SG
irrationnelles irrationnelle Nom:Fem+PL
irrationnels irrationnel Nom:Mas+PL
irréalisme irréalisme Nom:Mas+SG
irréalismes irréalisme Nom:Mas+PL
irréalistes irréaliste Nom:InvGen+PL
irréalité irréalité Nom:Fem+SG
irrecevabilité irrecevabilité Nom:Fem+SG
irrédentiste irrédentiste Nom:InvGen+SG
irrédentistes irrédentiste Nom:InvGen+PL
irréductibilité irréductibilité Nom:Fem+SG
irréel irréel Nom:Mas+SG
irréflexion irréflexion Nom:Fem+SG
irréfutabilité irréfutabilité Nom:Fem+SG
irrégularité irrégularité Nom:Fem+SG
irrégularités irrégularité Nom:Fem+PL
irrégulière irrégulier Nom:Fem+SG
irrégulières irrégulier Nom:Fem+PL
irréguliers irrégulier Nom:Mas+PL
irréligion irréligion Nom:Fem+SG
irrésolution irrésolution Nom:Fem+SG
irrespect irrespect Nom:Mas+SG
irresponsabilité irresponsabilité Nom:Fem+SG
irresponsable irresponsable Nom:InvGen+SG
irresponsables irresponsable Nom:InvGen+PL
irrétrécissabilité irrétrécissabilité Nom:Fem+SG
irrévérence irrévérence Nom:Fem+SG
irréversibilité irréversibilité Nom:Fem+SG
irrigation irrigation Nom:Fem+SG
irrigations irrigation Nom:Fem+PL
irritabilité irritabilité Nom:Fem+SG
irritant irritant Nom:Mas+SG
irritants irritant Nom:Mas+PL
irritation irritation Nom:Fem+SG
irritations irritation Nom:Fem+PL
irruption irruption Nom:Fem+SG
irruptions irruption Nom:Fem+PL
isallobare isallobare Nom:Fem+SG
isard isard Nom:Mas+SG
isards isard Nom:Mas+PL
isatis isatis Nom:Mas+InvPL
isba isba Nom:Fem+SG
isbas isba Nom:Fem+PL
ischémie ischémie Nom:Fem+SG
ischion ischion Nom:Mas+SG
isiaque isiaque Nom:Mas+SG
islamisation islamisation Nom:Fem+SG
islamisations islamisation Nom:Fem+PL
islam islam Nom:Mas+SG
islamisme islamisme Nom:Mas+SG
islandaise islandais Nom:Fem+SG
islandaises islandais Nom:Fem+PL
islandais islandais Nom:Mas+InvPL
islandais islandais Nom:Mas+SG
ismaïliens ismaïlien Nom:Mas+PL
isobare isobare Nom:Fem+SG
isobare isobare Nom:Mas+SG
isobares isobare Nom:Fem+PL
isobares isobare Nom:Mas+PL
isobathe isobathe Nom:Fem+SG
isocarde isocarde Nom:Mas+SG
isochronisme isochronisme Nom:Mas+SG
isodynamie isodynamie Nom:Fem+SG
isogamie isogamie Nom:Fem+SG
isolant isolant Nom:Mas+SG
isolateur isolateur Nom:Mas+SG
isolation isolation Nom:Fem+SG
isolationnisme isolationnisme Nom:Mas+SG
isolationniste isolationniste Nom:InvGen+SG
isolationnistes isolationniste Nom:InvGen+PL
isolations isolation Nom:Fem+PL
isolat isolat Nom:Mas+SG
isolée isolé Nom:Fem+SG
isolées isolé Nom:Fem+PL
isolé isolé Nom:Mas+SG
isolement isolement Nom:Mas+SG
isolements isolement Nom:Mas+PL
isolés isolé Nom:Mas+PL
isoleucine isoleucine Nom:Fem+SG
isologue isologue Nom:Mas+SG
isoloir isoloir Nom:Mas+SG
isoloirs isoloir Nom:Mas+PL
isomérase isomérase Nom:Fem+SG
isomères isomère Nom:Mas+PL
isomérie isomérie Nom:Fem+SG
isomérisation isomérisation Nom:Fem+SG
isométrie isométrie Nom:Fem+SG
isomorphie isomorphie Nom:Fem+SG
isomorphisme isomorphisme Nom:Mas+SG
isomorphismes isomorphisme Nom:Mas+PL
isoniazide isoniazide Nom:Mas+SG
isonomie isonomie Nom:Fem+SG
isopet isopet Nom:Mas+SG
isoprène isoprène Nom:Mas+SG
isoptère isoptère Nom:Mas+SG
isorel isorel Nom:Mas+SG
isoséiste isoséiste Nom:Fem+SG
isostasie isostasie Nom:Fem+SG
isothermes isotherme Nom:Fem+PL
isothermie isothermie Nom:Fem+SG
isotonie isotonie Nom:Fem+SG
isotopie isotopie Nom:Fem+SG
isotropie isotropie Nom:Fem+SG
israélite israélite Nom:InvGen+SG
israélites israélite Nom:InvGen+PL
issue issue Nom:Fem+SG
issues issue Nom:Fem+PL
issues issues Nom:Fem+PL
issus issus Nom:Mas+InvPL
isthme isthme Nom:Mas+SG
isthmes isthme Nom:Mas+PL
italianisante italianisant Nom:Fem+SG
italianisantes italianisant Nom:Fem+PL
italianisant italianisant Nom:Mas+SG
italianisation italianisation Nom:Fem+SG
italianisations italianisation Nom:Fem+PL
italianisme italianisme Nom:Mas+SG
italien italien Nom:Mas+SG
italienne italien Nom:Fem+SG
italiennes italien Nom:Fem+PL
italiens italien Nom:Mas+PL
italique italique Nom:Fem+SG
italiques italique Nom:Fem+PL
item item Nom:Mas+SG
items item Nom:Mas+PL
itération itération Nom:Fem+SG
itérations itération Nom:Fem+PL
ithyphalle ithyphalle Nom:Mas+SG
ithyphallique ithyphallique Nom:Mas+SG
itinéraires itinéraire Nom:Mas+PL
itinérante itinérant Nom:Fem+SG
itinérantes itinérant Nom:Fem+PL
iule iule Nom:Mas+SG
ive ive Nom:Fem+SG
ives ive Nom:Fem+PL
ivette ivette Nom:Fem+SG
ivettes ivette Nom:Fem+PL
ivoire ivoire Nom:Mas+SG
ivoirerie ivoirerie Nom:Fem+SG
ivoires ivoire Nom:Mas+PL
ivoirier ivoirier Nom:Mas+SG
ivraie ivraie Nom:Fem+SG
ivresse ivresse Nom:Fem+SG
ivrogne ivrogne Nom:InvGen+SG
ivrogne ivrogne Nom:Mas+SG
ivrognerie ivrognerie Nom:Fem+SG
ivrognes ivrogne Nom:InvGen+PL
ivrognes ivrogne Nom:Mas+PL
ivrognesse ivrogne Nom:Fem+SG
iwan iwan Nom:Mas+SG
iwans iwan Nom:Mas+PL
ixia ixia Nom:Fem+SG
ixode ixode Nom:Mas+SG
