jabiru jabiru Nom:Mas+SG
jable jable Nom:Mas+SG
jables jable Nom:Mas+PL
jablière jablière Nom:Fem+SG
jabloire jabloire Nom:Fem+SG
jabloir jabloir Nom:Mas+SG
jaborandi jaborandi Nom:Mas+SG
jaboteur jaboteur Nom:Mas+SG
jaboteuse jaboteur Nom:Fem+SG
jabot jabot Nom:Mas+SG
jabots jabot Nom:Mas+PL
jacaranda jacaranda Nom:Mas+SG
jacasse jacasse Nom:Fem+SG
jacassement jacassement Nom:Mas+SG
jacassements jacassement Nom:Mas+PL
jacasserie jacasserie Nom:Fem+SG
jacasses jacasse Nom:Fem+PL
jacasseur jacasseur Nom:Mas+SG
jacasseuse jacasseur Nom:Fem+SG
jacée jacée Nom:Fem+SG
jachère jachère Nom:Fem+SG
jachères jachère Nom:Fem+PL
jacinthe jacinthe Nom:Fem+SG
jacinthes jacinthe Nom:Fem+PL
jacket jacket Nom:Fem+SG
jack jack Nom:Mas+SG
jacobée jacobée Nom:Fem+SG
jacobine jacobin Nom:Fem+SG
jacobines jacobin Nom:Fem+PL
jacobinisme jacobinisme Nom:Mas+SG
jacobins jacobin Nom:Mas+PL
jacobite jacobite Nom:InvGen+SG
jacobus jacobus Nom:Mas+InvPL
jaco jaco Nom:Mas+SG
jaconas jaconas Nom:Mas+InvPL
jacot jacot Nom:Mas+SG
jacquard jacquard Nom:Mas+SG
jacquards jacquard Nom:Mas+PL
jacqueline jacqueline Nom:Fem+SG
jacquemart jacquemart Nom:Mas+SG
jacquerie jacquerie Nom:Fem+SG
jacqueries jacquerie Nom:Fem+PL
jacques jacques Nom:Mas+InvPL
jacquet jacquet Nom:Mas+SG
jacquets jacquet Nom:Mas+PL
jacquier jacquier Nom:Mas+SG
jacquiers jacquier Nom:Mas+PL
jacquot jacquot Nom:Mas+SG
jactance jactance Nom:Fem+SG
jadéite jadéite Nom:Fem+SG
jades jade Nom:Mas+PL
jaguar jaguar Nom:Mas+SG
jaguars jaguar Nom:Mas+PL
jaillissement jaillissement Nom:Mas+SG
jaillissements jaillissement Nom:Mas+PL
jaïna jaïna Nom:InvGen+SG:InvGen+PL
jaïnisme jaïnisme Nom:Mas+SG
jaïnismes jaïnisme Nom:Mas+PL
jais jais Nom:Mas+InvPL
jalap jalap Nom:Mas+SG
jale jale Nom:Fem+SG
jalon jalon Nom:Mas+SG
jalonnement jalonnement Nom:Mas+SG
jalonnements jalonnement Nom:Mas+PL
jalonneur jalonneur Nom:Mas+SG
jalons jalon Nom:Mas+PL
jalouse jaloux Nom:Fem+SG
jalouses jaloux Nom:Fem+PL
jalousie jalousie Nom:Fem+SG
jalousies jalousie Nom:Fem+PL
jaloux jaloux Nom:Mas+InvPL
jamaïquaine jamaïquain Nom:Fem+SG
jamaïquaines jamaïquain Nom:Fem+PL
jambage jambage Nom:Mas+SG
jambages jambage Nom:Mas+PL
jambart jambart Nom:Mas+SG
jambe jambe Nom:Fem+SG
jambes jambe Nom:Fem+PL
jambette jambette Nom:Fem+SG
jambettes jambette Nom:Fem+PL
jambière jambière Nom:Fem+SG
jambières jambière Nom:Fem+PL
jambier jambier Nom:Mas+SG
jambon jambon Nom:Mas+SG
jambonneau jambonneau Nom:Mas+SG
jambonneaux jambonneau Nom:Mas+PL
jambons jambon Nom:Mas+PL
jamboree jamboree Nom:Mas+SG
jambose jambose Nom:Fem+SG
jambosier jambosier Nom:Mas+SG
jamerosier jamerosier Nom:Mas+SG
jangada jangada Nom:Fem+SG
janissaire janissaire Nom:Mas+SG
janissaires janissaire Nom:Mas+PL
jan jan Nom:Mas+SG
janotisme janotisme Nom:Mas+SG
jansénisme jansénisme Nom:Mas+SG
janséniste janséniste Nom:InvGen+SG
jansénistes janséniste Nom:InvGen+PL
jante jante Nom:Fem+SG
jantes jante Nom:Fem+PL
janvier janvier Nom:Mas+SG
japonaise japonais Nom:Fem+SG
japonaiserie japonaiserie Nom:Fem+SG
japonaises japonais Nom:Fem+PL
japonais japonais Nom:Mas+InvPL
japonais japonais Nom:Mas+SG
japonerie japonerie Nom:Fem+SG
japonisante japonisant Nom:Fem+SG
japonisantes japonisant Nom:Fem+PL
japonisant japonisant Nom:Mas+SG
japonisme japonisme Nom:Mas+SG
japoniste japoniste Nom:InvGen+SG
japon japon Nom:Mas+SG
jappement jappement Nom:Mas+SG
jappements jappement Nom:Mas+PL
jappeuse jappeur Nom:Fem+SG
jaque jaque Nom:InvGen+SG
jaque jaque Nom:Mas+SG
jaquemart jaquemart Nom:Mas+SG
jaquette jaquette Nom:Fem+SG
jaquettes jaquette Nom:Fem+PL
jaquier jaquier Nom:Mas+SG
jarde jarde Nom:Fem+SG
jardes jarde Nom:Fem+PL
jardinage jardinage Nom:Mas+SG
jardinages jardinage Nom:Mas+PL
jardinée jardinée Nom:Fem+SG
jardinées jardinée Nom:Fem+PL
jardinet jardinet Nom:Mas+SG
jardinets jardinet Nom:Mas+PL
jardinière jardinière Nom:Fem+SG
jardinière jardinier Nom:Fem+SG
jardinières jardinière Nom:Fem+PL
jardinières jardinier Nom:Fem+PL
jardinier jardinier Nom:Mas+SG
jardiniers jardinier Nom:Mas+PL
jardiniste jardiniste Nom:InvGen+SG
jardin jardin Nom:Mas+SG
jardins jardin Nom:Mas+PL
jard jard Nom:Mas+SG
jardon jardon Nom:Mas+SG
jargonaphasie jargonaphasie Nom:Fem+SG
jargon jargon Nom:Mas+SG
jargons jargon Nom:Mas+PL
jar jar Nom:Mas+SG
jarosse jarosse Nom:Fem+SG
jarovisation jarovisation Nom:Fem+SG
jarre jarre Nom:Fem+SG
jarre jarre Nom:Mas+SG
jarres jarre Nom:Fem+PL
jarres jarre Nom:Mas+PL
jarretelle jarretelle Nom:Fem+SG
jarretelles jarretelle Nom:Fem+PL
jarretière jarretière Nom:Fem+SG
jarretières jarretière Nom:Fem+PL
jarret jarret Nom:Mas+SG
jarrets jarret Nom:Mas+PL
jars jar Nom:Mas+PL
jars jars Nom:Mas+InvPL
jasée jasée Nom:Fem+SG
jasées jasée Nom:Fem+PL
jaseran jaseran Nom:Mas+SG
jaseron jaseron Nom:Mas+SG
jaserons jaseron Nom:Mas+PL
jaseur jaseur Nom:Mas+SG
jaseuse jaseur Nom:Fem+SG
jas jas Nom:Mas+InvPL
jasmin jasmin Nom:Mas+SG
jasmins jasmin Nom:Mas+PL
jaspe jaspe Nom:Mas+SG
jaspé jaspé Nom:Mas+SG
jaspes jaspe Nom:Mas+PL
jaspure jaspure Nom:Fem+SG
jattée jattée Nom:Fem+SG
jatte jatte Nom:Fem+SG
jattes jatte Nom:Fem+PL
jaugeage jaugeage Nom:Mas+SG
jaugeages jaugeage Nom:Mas+PL
jauge jauge Nom:Fem+SG
jauges jauge Nom:Fem+PL
jaugeur jaugeur Nom:Mas+SG
jaumière jaumière Nom:Fem+SG
jaune jaune Nom:InvGen+SG
jaune jaune Nom:Mas+SG
jaunes jaune Nom:InvGen+PL
jaunes jaune Nom:Mas+PL
jaunet jaunet Nom:Mas+SG
jauni jauni Nom:Mas+SG
jaunissage jaunissage Nom:Mas+SG
jaunissages jaunissage Nom:Mas+PL
jaunisse jaunisse Nom:Fem+SG
jaunissement jaunissement Nom:Mas+SG
jaunisses jaunisse Nom:Fem+PL
java java Nom:Fem+SG
javanaise javanais Nom:Fem+SG
javanais javanais Nom:Mas+InvPL
javanais javanais Nom:Mas+SG
javart javart Nom:Mas+SG
javas java Nom:Fem+PL
javeau javeau Nom:Mas+SG
javeaux javeau Nom:Mas+PL
javelage javelage Nom:Mas+SG
javelages javelage Nom:Mas+PL
javeleur javeleur Nom:Mas+SG
javeleuse javeleur Nom:Fem+SG
javeleuse javeleuse Nom:Fem+SG
javeline javeline Nom:Fem+SG
javel javel Nom:Fem+SG
javelle javelle Nom:Fem+SG
javelles javelle Nom:Fem+PL
javellisation javellisation Nom:Fem+SG
javellisations javellisation Nom:Fem+PL
javelot javelot Nom:Mas+SG
javelots javelot Nom:Mas+PL
jayet jayet Nom:Mas+SG
jazz jazz Nom:Mas+InvPL
jazzman jazzman Nom:Mas+SG
jazzmen jazzman Nom:Mas+PL
jean jean Nom:Mas+SG
jeanne jeanne Nom:Fem+SG
jeannes jeanne Nom:Fem+PL
jeannette jeannette Nom:Fem+SG
jeans jean Nom:Mas+PL
jeans jeans Nom:Mas+InvPL
jean-foutre jean-foutre Nom:Mas+InvPL
jéciste jéciste Nom:InvGen+SG
jeep jeep Nom:Fem+SG
jéjunum jéjunum Nom:Mas+SG
jenny jenny Nom:Fem+SG
jennys jenny Nom:Fem+PL
jérémiade jérémiade Nom:Fem+SG
jérémiades jérémiade Nom:Fem+PL
jerez jerez Nom:Mas+InvPL
jerk jerk Nom:Mas+SG
jéroboam jéroboam Nom:Mas+SG
jerricane jerricane Nom:Fem+SG
jerricanes jerricane Nom:Fem+PL
jerrican jerrican Nom:Mas+SG
jerricans jerrican Nom:Mas+PL
jerrycan jerrycan Nom:Mas+SG
jersey jersey Nom:Mas+SG
jersiais jersiais Nom:Mas+InvPL
jésuite jésuite Nom:Mas+SG
jésuites jésuite Nom:Mas+PL
jésuitisme jésuitisme Nom:Mas+SG
jésus jésus Nom:Mas+InvPL
jetage jetage Nom:Mas+SG
jetages jetage Nom:Mas+PL
jetée jetée Nom:Fem+SG
jetées jetée Nom:Fem+PL
jeté jeté Nom:Mas+SG
jetés jeté Nom:Mas+PL
jeteur jeteur Nom:Mas+SG
jeteurs jeteur Nom:Mas+PL
jeteuse jeteur Nom:Fem+SG
jeteuses jeteur Nom:Fem+PL
jet jet Nom:Mas+SG
jeton jeton Nom:Mas+SG
jetons jeton Nom:Mas+PL
jets jet Nom:Mas+PL
jettatore jettatore Nom:Mas+SG
jettatura jettatura Nom:Fem+SG
jeudi jeudi Nom:Mas+SG
jeudis jeudi Nom:Mas+PL
jeu jeu Nom:Mas+SG
jeune jeune Nom:InvGen+SG
jeûne jeûne Nom:Mas+SG
jeunes jeune Nom:InvGen+PL
jeûnes jeûne Nom:Mas+PL
jeunesse jeunesse Nom:Fem+SG
jeunesses jeunesse Nom:Fem+PL
jeunet jeunet Nom:Mas+SG
jeunette jeunet Nom:Fem+SG
jeunettes jeunet Nom:Fem+PL
jeûneur jeûneur Nom:Mas+SG
jeûneuse jeûneur Nom:Fem+SG
jeux jeu Nom:Mas+PL
je-m'en-fichisme je-m'en-fichisme Nom:Mas+SG
je-m'en-fichiste je-m'en-fichiste Nom:InvGen+SG
je-m'en-foutisme je-m'en-foutisme Nom:Mas+SG
je-m'en-foutiste je-m'en-foutiste Nom:InvGen+SG
je-ne-sais-quoi je-ne-sais-quoi Nom:Mas+InvPL
jigger jigger Nom:Mas+SG
jiu-jitsu jiu-jitsu Nom:Mas+InvPL
jiu-jitsu jiu-jitsu Nom:Mas+SG
j j Nom:Mas+InvPL
joaillerie joaillerie Nom:Fem+SG
joaillière joaillier Nom:Fem+SG
joaillières joaillier Nom:Fem+PL
joaillier joaillier Nom:Mas+SG
joailliers joaillier Nom:Mas+PL
jobarde jobard Nom:Fem+SG
jobarderie jobarderie Nom:Fem+SG
jobardes jobard Nom:Fem+PL
jobardise jobardise Nom:Fem+SG
jobard jobard Nom:Mas+SG
jobards jobard Nom:Mas+PL
jobelin jobelin Nom:Mas+SG
job job Nom:Mas+SG
jobs job Nom:Mas+PL
jocasse jocasse Nom:Fem+SG
jociste jociste Nom:InvGen+SG
jockey jockey Nom:Mas+SG
jockeys jockey Nom:Mas+PL
jocrisse jocrisse Nom:Mas+SG
jodhpurs jodhpurs Nom:Mas+PL
jogging jogging Nom:Mas+SG
johannite johannite Nom:Fem+SG
johannite johannite Nom:InvGen+SG
joie joie Nom:Fem+SG
joies joie Nom:Fem+PL
jointive jointive Nom:Fem+SG
jointives jointive Nom:Fem+PL
joint joint Nom:Mas+SG
jointoiement jointoiement Nom:Mas+SG
jointoyeur jointoyeur Nom:Mas+SG
joints joint Nom:Mas+PL
jointure jointure Nom:Fem+SG
jointures jointure Nom:Fem+PL
jojo jojo Nom:Mas+SG
joker joker Nom:Mas+SG
jokers joker Nom:Mas+PL
joliesse joliesse Nom:Fem+SG
joli joli Nom:Mas+SG
joncacées joncacée Nom:Fem+PL
jonchée jonchée Nom:Fem+SG
jonchées jonchée Nom:Fem+PL
jonchère jonchère Nom:Fem+SG
jonchet jonchet Nom:Mas+SG
jonchets jonchet Nom:Mas+PL
jonc jonc Nom:Mas+SG
joncs jonc Nom:Mas+PL
jonction jonction Nom:Fem+SG
jonctions jonction Nom:Fem+PL
jonglerie jonglerie Nom:Fem+SG
jongleries jonglerie Nom:Fem+PL
jongleur jongleur Nom:Mas+SG
jongleurs jongleur Nom:Mas+PL
jongleuse jongleur Nom:Fem+SG
jongleuses jongleur Nom:Fem+PL
jonkheer jonkheer Nom:Mas+SG
jonque jonque Nom:Fem+SG
jonques jonque Nom:Fem+PL
jonquille jonquille Nom:Fem+SG
jonquille jonquille Nom:Mas+SG
jonquilles jonquille Nom:Fem+PL
jonquilles jonquille Nom:Mas+PL
joran joran Nom:Mas+SG
jordanien jordanien Nom:Mas+SG
jordanienne jordanien Nom:Fem+SG
jordaniennes jordanien Nom:Fem+PL
joséphisme joséphisme Nom:Mas+SG
joseph joseph Nom:Mas+InvPL
jota jota Nom:Fem+SG
jottereau jottereau Nom:Mas+SG
jottereaux jottereau Nom:Mas+PL
joual joual Nom:Mas+SG
joubarbe joubarbe Nom:Fem+SG
jouée jouée Nom:Fem+SG
jouées jouée Nom:Fem+PL
joue joue Nom:Fem+SG
joues joue Nom:Fem+PL
jouet jouet Nom:Mas+SG
jouets jouet Nom:Mas+PL
joueur joueur Nom:Mas+SG
joueurs joueur Nom:Mas+PL
joueuse joueur Nom:Fem+SG
joueuses joueur Nom:Fem+PL
joufflue joufflu Nom:Fem+SG
joufflues joufflu Nom:Fem+PL
joug joug Nom:Mas+SG
jougs joug Nom:Mas+PL
jouissance jouissance Nom:Fem+SG
jouissances jouissance Nom:Fem+PL
joujou joujou Nom:Mas+SG
joujoux joujou Nom:Mas+PL
joule joule Nom:Mas+SG
joules joule Nom:Mas+PL
jour jour Nom:Mas+SG
journade journade Nom:Fem+SG
journalière journalier Nom:Fem+SG
journalières journalier Nom:Fem+PL
journalisme journalisme Nom:Mas+SG
journaliste journaliste Nom:InvGen+SG
journalistes journaliste Nom:InvGen+PL
journal journal Nom:Mas+SG
journaux journal Nom:Mas+PL
journée journée Nom:Fem+SG
journées journée Nom:Fem+PL
jours jour Nom:Mas+PL
jours jours Nom:Mas+PL
joute joute Nom:Fem+SG
joutes joute Nom:Fem+PL
jouteur jouteur Nom:Mas+SG
jouteurs jouteur Nom:Mas+PL
jouteuse jouteur Nom:Fem+SG
jouteuses jouteur Nom:Fem+PL
jouvenceau jouvenceau Nom:Mas+SG
jouvenceaux jouvenceau Nom:Mas+PL
jouvence jouvence Nom:Fem+SG
jouvencelle jouvenceau Nom:Fem+SG
jouvencelles jouvenceau Nom:Fem+PL
jovialité jovialité Nom:Fem+SG
jovien jovien Nom:Mas+SG
jovienne jovien Nom:Fem+SG
joviennes jovien Nom:Fem+PL
joyau joyau Nom:Mas+SG
joyaux joyau Nom:Mas+PL
joyeuse joyeuse Nom:Fem+SG
joyeuses joyeuse Nom:Fem+PL
joyeuses joyeuses Nom:Fem+PL
joyeuseté joyeuseté Nom:Fem+SG
joyeusetés joyeuseté Nom:Fem+PL
joyeux joyeux Nom:Mas+InvPL
jubarte jubarte Nom:Fem+SG
jubé jubé Nom:Mas+SG
jubés jubé Nom:Mas+PL
jubilation jubilation Nom:Fem+SG
jubilations jubilation Nom:Fem+PL
jubilé jubilé Nom:Mas+SG
jubilés jubilé Nom:Mas+PL
juchée juchée Nom:Fem+SG
juchées juchée Nom:Fem+PL
juchoir juchoir Nom:Mas+SG
judaïcité judaïcité Nom:Fem+SG
judaïsant judaïsant Nom:Mas+SG
judaïsme judaïsme Nom:Mas+SG
judaïté judaïté Nom:Fem+SG
judas judas Nom:Mas+InvPL
judéité judéité Nom:Fem+SG
judelle judelle Nom:Fem+SG
judéo-christianisme judéo-christianisme Nom:Mas+SG
judicature judicature Nom:Fem+SG
judo judo Nom:Mas+SG
judoka judoka Nom:InvGen+SG
judokas judoka Nom:InvGen+PL
juge juge Nom:Mas+SG
jugement jugement Nom:Mas+SG
jugements jugement Nom:Mas+PL
jugeote jugeote Nom:Fem+SG
juger juger Nom:Mas+SG
jugers juger Nom:Mas+PL
juges juge Nom:Mas+PL
jugeur jugeur Nom:Mas+SG
jugeuse jugeur Nom:Fem+SG
juglandacées juglandacée Nom:Fem+PL
jugulaire jugulaire Nom:Fem+SG
jugulaires jugulaire Nom:Fem+PL
juifs juif Nom:Mas+PL
juillet juillet Nom:Mas+SG
juin juin Nom:Mas+SG
juive juif Nom:Fem+SG
juiverie juiverie Nom:Fem+SG
juives juif Nom:Fem+PL
jujube jujube Nom:Mas+SG
jujubes jujube Nom:Mas+PL
jujubier jujubier Nom:Mas+SG
juke-boxes juke-box Nom:Mas+PL
juke-box juke-box Nom:Mas+InvPL
juke-box juke-box Nom:Mas+SG
julep julep Nom:Mas+SG
jules jules Nom:Mas+InvPL
julienne julienne Nom:Fem+SG
juliennes julienne Nom:Fem+PL
jumbo jumbo Nom:Mas+SG
jumeaux jumeau Nom:Mas+PL
jumeaux jumeaux Nom:Mas+PL
jumelage jumelage Nom:Mas+SG
jumelages jumelage Nom:Mas+PL
jumelle jumeau Nom:Fem+SG
jumelle jumelle Nom:Fem+SG
jumelles jumeau Nom:Fem+PL
jumelles jumelle Nom:Fem+PL
jumelles jumelles Nom:Fem+PL
jument jument Nom:Fem+SG
juments jument Nom:Fem+PL
jumping jumping Nom:Mas+SG
jumpings jumping Nom:Mas+PL
jungle jungle Nom:Fem+SG
jungles jungle Nom:Fem+PL
junior junior Nom:InvGen+SG
junker junker Nom:Mas+SG
junte junte Nom:Fem+SG
juntes junte Nom:Fem+PL
jupe jupe Nom:Fem+SG
jupes jupe Nom:Fem+PL
jupes jupes Nom:Fem+PL
jupes-culottes jupe-culotte Nom:Fem+PL
jupette jupette Nom:Fem+SG
jupettes jupette Nom:Fem+PL
jupe-culotte jupe-culotte Nom:Fem+SG
jupière jupier Nom:Fem+SG
jupier jupier Nom:Mas+SG
jupon jupon Nom:Mas+SG
jupons jupon Nom:Mas+PL
jurande jurande Nom:Fem+SG
jurandes jurande Nom:Fem+PL
jurassien jurassien Nom:Mas+SG
jurassienne jurassien Nom:Fem+SG
jurassiennes jurassien Nom:Fem+PL
jurassiens jurassien Nom:Mas+PL
jurassique jurassique Nom:Mas+SG
jurat jurat Nom:Mas+SG
jurée jurée Nom:Fem+SG
jurées jurée Nom:Fem+PL
juré juré Nom:Mas+SG
jurement jurement Nom:Mas+SG
jurés juré Nom:Mas+PL
jureur jureur Nom:Mas+SG
juridiction juridiction Nom:Fem+SG
juridictions juridiction Nom:Fem+PL
juridisme juridisme Nom:Mas+SG
jurisconsulte jurisconsulte Nom:InvGen+SG
jurisprudence jurisprudence Nom:Fem+SG
jurisprudences jurisprudence Nom:Fem+PL
juriste juriste Nom:InvGen+SG
juristes juriste Nom:InvGen+PL
juron juron Nom:Mas+SG
jurons juron Nom:Mas+PL
jury jury Nom:Mas+SG
jurys jury Nom:Mas+PL
jusant jusant Nom:Mas+SG
jusée jusée Nom:Fem+SG
jus jus Nom:Mas+InvPL
jusquiame jusquiame Nom:Fem+SG
jusquiames jusquiame Nom:Fem+PL
jusqu'au-boutisme jusqu'au-boutisme Nom:Mas+SG
jusqu'au-boutiste jusqu'au-boutiste Nom:InvGen+SG
jusqu'au-boutistes jusqu'au-boutiste Nom:InvGen+PL
jussiée jussiée Nom:Fem+SG
jussion jussion Nom:Fem+SG
justaucorps justaucorps Nom:Mas+InvPL
juste juste Nom:Mas+SG
justes juste Nom:Mas+PL
justesse justesse Nom:Fem+SG
justice justice Nom:Fem+SG
justices justice Nom:Fem+PL
justiciable justiciable Nom:InvGen+SG
justiciables justiciable Nom:InvGen+PL
justicière justicier Nom:Fem+SG
justicières justicier Nom:Fem+PL
justicier justicier Nom:Mas+SG
justiciers justicier Nom:Mas+PL
justification justification Nom:Fem+SG
justifications justification Nom:Fem+PL
jute jute Nom:Mas+SG
jutes jute Nom:Mas+PL
juteuse juteuse Nom:Fem+SG
juteuses juteuse Nom:Fem+PL
juteux juteux Nom:Mas+InvPL
juvénat juvénat Nom:Mas+SG
juvénile juvénile Nom:Mas+SG
juvéniles juvénile Nom:Mas+PL
juvénilité juvénilité Nom:Fem+SG
juxtaposition juxtaposition Nom:Fem+SG
