kabbale kabbale Nom:Fem+SG
kabbaliste kabbaliste Nom:InvGen+SG
kabuki kabuki Nom:Mas+SG
kabukis kabuki Nom:Mas+PL
kabyle kabyle Nom:InvGen+SG
kabyle kabyle Nom:Mas+SG
kabyles kabyle Nom:InvGen+PL
kacha kacha Nom:Fem+SG
kache kache Nom:Fem+SG
kadi kadi Nom:Mas+SG
kaïnite kaïnite Nom:Fem+SG
kaiser kaiser Nom:Mas+SG
ka ka Nom:Mas+SG
kakatoès kakatoès Nom:Mas+InvPL
kakémono kakémono Nom:Mas+SG
kaki kaki Nom:Mas+SG
kakis kaki Nom:Mas+PL
kaléidoscope kaléidoscope Nom:Mas+SG
kaléidoscopes kaléidoscope Nom:Mas+PL
kalicytie kalicytie Nom:Fem+SG
kaliémie kaliémie Nom:Fem+SG
kali kali Nom:Mas+SG
kalium kalium Nom:Mas+SG
kalmouk kalmouk Nom:Mas+SG
kamala kamala Nom:Mas+SG
kamichi kamichi Nom:Mas+SG
kami kami Nom:Mas+SG
kamikaze kamikaze Nom:InvGen+SG
kamikazes kamikaze Nom:InvGen+PL
kammerspiel kammerspiel Nom:Mas+SG
kana kana Nom:Mas+SG
kandjar kandjar Nom:Mas+SG
kangourou kangourou Nom:Mas+SG
kangourous kangourou Nom:Mas+PL
kan kan Nom:Mas+SG
kannara kannara Nom:Mas+SG
kantienne kantien Nom:Fem+SG
kantiennes kantien Nom:Fem+PL
kantiens kantien Nom:Mas+PL
kantisme kantisme Nom:Mas+SG
kaoliang kaoliang Nom:Mas+SG
kaolinisation kaolinisation Nom:Fem+SG
kaolinite kaolinite Nom:Fem+SG
kaolin kaolin Nom:Mas+SG
kaolins kaolin Nom:Mas+PL
kaon kaon Nom:Mas+SG
kaons kaon Nom:Mas+PL
kapokier kapokier Nom:Mas+SG
kapok kapok Nom:Mas+SG
kappa kappa Nom:Mas+InvPL
karakul karakul Nom:Mas+SG
karatéka karatéka Nom:InvGen+SG
karaté karaté Nom:Mas+SG
karatékas karatéka Nom:InvGen+PL
karbau karbau Nom:Mas+SG
karbaux karbau Nom:Mas+PL
karité karité Nom:Mas+SG
karma karma Nom:Mas+SG
karman karman Nom:Mas+SG
karst karst Nom:Mas+SG
karting karting Nom:Mas+SG
kart kart Nom:Mas+SG
karts kart Nom:Mas+PL
karyokinèse karyokinèse Nom:Fem+SG
katchina katchina Nom:Mas+SG
kava kava Nom:Mas+SG
kawa kawa Nom:Mas+SG
kawi kawi Nom:Mas+SG
kayac kayac Nom:Mas+SG
kayakiste kayakiste Nom:InvGen+SG
kayak kayak Nom:Mas+SG
kayaks kayak Nom:Mas+PL
keepsake keepsake Nom:Mas+SG
keffieh keffieh Nom:Mas+SG
kéfir kéfir Nom:Mas+SG
kelvin kelvin Nom:Mas+SG
kelvins kelvin Nom:Mas+PL
kendo kendo Nom:Mas+SG
kendos kendo Nom:Mas+PL
kénotron kénotron Nom:Mas+SG
kentia kentia Nom:Mas+SG
kentrophylle kentrophylle Nom:Mas+SG
képhir képhir Nom:Mas+SG
képi képi Nom:Mas+SG
képis képi Nom:Mas+PL
kérabau kérabau Nom:Mas+SG
kératine kératine Nom:Fem+SG
kératines kératine Nom:Fem+PL
kératinisation kératinisation Nom:Fem+SG
kératinisations kératinisation Nom:Fem+PL
kératite kératite Nom:Fem+SG
kératocèle kératocèle Nom:Fem+SG
kératocône kératocône Nom:Mas+SG
kératolyse kératolyse Nom:Fem+SG
kératolytique kératolytique Nom:Mas+SG
kératoscopie kératoscopie Nom:Fem+SG
kératose kératose Nom:Fem+SG
kératotome kératotome Nom:Mas+SG
kératotomie kératotomie Nom:Fem+SG
kerdomètre kerdomètre Nom:Mas+SG
kermès kermès Nom:Mas+InvPL
kermesse kermesse Nom:Fem+SG
kermesses kermesse Nom:Fem+PL
kérogène kérogène Nom:Mas+SG
kérosène kérosène Nom:Mas+SG
kerria kerria Nom:Mas+SG
ketch ketch Nom:Mas+SG
ketchup ketchup Nom:Mas+InvPL
ketmie ketmie Nom:Fem+SG
khâgne khâgne Nom:Fem+SG
khâgneuse khâgneux Nom:Fem+SG
khâgneuses khâgneux Nom:Fem+PL
khâgneux khâgneux Nom:Mas+InvPL
khalifat khalifat Nom:Mas+SG
khalife khalife Nom:Mas+SG
khamsin khamsin Nom:Mas+SG
khanat khanat Nom:Mas+SG
khanats khanat Nom:Mas+PL
khan khan Nom:Mas+SG
khans khan Nom:Mas+PL
kharidjisme kharidjisme Nom:Mas+SG
kharidjite kharidjite Nom:InvGen+SG
khat khat Nom:Mas+SG
khédivat khédivat Nom:Mas+SG
khédive khédive Nom:Mas+SG
khédives khédive Nom:Mas+PL
khédiviat khédiviat Nom:Mas+SG
khi khi Nom:Mas+InvPL
khmère khmer Nom:Fem+SG
khmères khmer Nom:Fem+PL
khmer khmer Nom:Mas+SG
khmers khmer Nom:Mas+PL
khoin khoin Nom:Mas+SG
khôl khôl Nom:Mas+SG
khôls khôl Nom:Mas+PL
kibboutzim kibboutz Nom:Mas+PL
kibboutz kibboutz Nom:Mas+PL
kibboutz kibboutz Nom:Mas+SG
kichenotte kichenotte Nom:Fem+SG
kick kick Nom:Mas+SG
kidnappage kidnappage Nom:Mas+SG
kidnappages kidnappage Nom:Mas+PL
kidnappeur kidnappeur Nom:Mas+SG
kidnappeurs kidnappeur Nom:Mas+PL
kidnappeuse kidnappeur Nom:Fem+SG
kidnappeuses kidnappeur Nom:Fem+PL
kidnapping kidnapping Nom:Mas+SG
kidnappings kidnapping Nom:Mas+PL
kief kief Nom:Mas+SG
kieselguhr kieselguhr Nom:Mas+SG
kiesérite kiesérite Nom:Fem+SG
kiff kiff Nom:Mas+SG
kif kif Nom:Mas+SG
kiki kiki Nom:Mas+SG
kil kil Nom:Mas+SG
kiloampère kiloampère Nom:Mas+SG
kilocalorie kilocalorie Nom:Fem+SG
kilocycle kilocycle Nom:Mas+SG
kilogramme kilogramme Nom:Mas+SG
kilogrammes kilogramme Nom:Mas+PL
kilogrammètre kilogrammètre Nom:Mas+SG
kilohertz kilohertz Nom:Mas+InvPL
kilo kilo Nom:Mas+SG
kilométrage kilométrage Nom:Mas+SG
kilométrages kilométrage Nom:Mas+PL
kilomètre kilomètre Nom:Mas+SG
kilomètres kilomètre Nom:Mas+PL
kilos kilo Nom:Mas+PL
kilotonne kilotonne Nom:Fem+SG
kilovolt kilovolt Nom:Mas+SG
kilowattheure kilowattheure Nom:Mas+SG
kilowatt kilowatt Nom:Mas+SG
kilowatts kilowatt Nom:Mas+PL
kilowatt-heure kilowatt-heure Nom:Mas+SG
kilt kilt Nom:Mas+SG
kilts kilt Nom:Mas+PL
kimono kimono Nom:Mas+SG
kimonos kimono Nom:Mas+PL
kinase kinase Nom:Fem+SG
kincajou kincajou Nom:Mas+SG
kinescope kinescope Nom:Mas+SG
kinésithérapeute kinésithérapeute Nom:InvGen+SG
kinésithérapeutes kinésithérapeute Nom:InvGen+PL
kinésithérapie kinésithérapie Nom:Fem+SG
king king Nom:Mas+SG
kinkajou kinkajou Nom:Mas+SG
kiosque kiosque Nom:Mas+SG
kiosques kiosque Nom:Mas+PL
kipper kipper Nom:Mas+SG
kirghize kirghize Nom:Mas+SG
kirghize kirghiz Nom:Fem+SG
kiri kiri Nom:Mas+SG
kir kir Nom:Mas+SG
kirsch kirsch Nom:Mas+InvPL
kitchenette kitchenette Nom:Fem+SG
kitchenettes kitchenette Nom:Fem+PL
kit kit Nom:Mas+SG
kitsch kitsch Nom:Mas+InvPL
kits kit Nom:Mas+PL
kiwi kiwi Nom:Mas+SG
kiwis kiwi Nom:Mas+PL
k k Nom:Mas+InvPL
klaxon klaxon Nom:Mas+SG
kleenex kleenex Nom:Mas+InvPL
klephte klephte Nom:InvGen+SG
kleptomane kleptomane Nom:InvGen+SG
kleptomanes kleptomane Nom:InvGen+PL
kleptomanie kleptomanie Nom:Fem+SG
klippe klippe Nom:Fem+SG
klystron klystron Nom:Mas+SG
knickerbockers knickerbockers Nom:Mas+PL
knicker knicker Nom:Mas+SG
knickers knicker Nom:Mas+PL
knickers knickers Nom:Mas+PL
knock-out knock-out Nom:Mas+SG
knout knout Nom:Mas+SG
koala koala Nom:Mas+SG
koalas koala Nom:Mas+PL
kob kob Nom:Mas+SG
kobold kobold Nom:Mas+SG
koheul koheul Nom:Mas+SG
koheuls koheul Nom:Mas+PL
kohol kohol Nom:Mas+SG
kohols kohol Nom:Mas+PL
koinè koinè Nom:Fem+SG
kola kola Nom:Mas+SG
kolas kola Nom:Mas+PL
kolatier kolatier Nom:Mas+SG
kolinski kolinski Nom:Mas+SG
kolkhoze kolkhoze Nom:Mas+SG
kolkhozes kolkhoze Nom:Mas+PL
kolkhozien kolkhozien Nom:Mas+SG
kolkhozienne kolkhozien Nom:Fem+SG
kolkhoziennes kolkhozien Nom:Fem+PL
kolkhoziens kolkhozien Nom:Mas+PL
kolkhoz kolkhoz Nom:Mas+InvPL
kommandantur kommandantur Nom:Fem+SG
kondo kondo Nom:Mas+SG
konzern konzern Nom:Mas+SG
kopeck kopeck Nom:Mas+SG
korê korê Nom:Fem+SG
korrigane korrigan Nom:Fem+SG
korriganes korrigan Nom:Fem+PL
korrigan korrigan Nom:Mas+SG
korrigans korrigan Nom:Mas+PL
koto koto Nom:Mas+SG
koubba koubba Nom:Fem+SG
kouglof kouglof Nom:Mas+SG
kouglofs kouglof Nom:Mas+PL
koulak koulak Nom:Mas+SG
koulaks koulak Nom:Mas+PL
koulibiac koulibiac Nom:Mas+SG
koumis koumis Nom:Mas+InvPL
koumys koumys Nom:Mas+InvPL
kourgane kourgane Nom:Mas+SG
kourganes kourgane Nom:Mas+PL
kouros kouros Nom:Mas+InvPL
kraal kraal Nom:Mas+SG
kraals kraal Nom:Mas+PL
krach krach Nom:Mas+SG
krachs krach Nom:Mas+PL
kraft kraft Nom:Mas+SG
kraken kraken Nom:Mas+SG
krak krak Nom:Mas+SG
kraks krak Nom:Mas+PL
kremlin kremlin Nom:Mas+SG
kremlinologie kremlinologie Nom:Fem+SG
kreuzer kreuzer Nom:Mas+SG
krill krill Nom:Mas+SG
kriss kriss Nom:Mas+InvPL
kronprinz kronprinz Nom:Mas+InvPL
kroumir kroumir Nom:Mas+SG
krypton krypton Nom:Mas+SG
ksar ksar Nom:Mas+SG
ksi ksi Nom:Mas+InvPL
ksour ksar Nom:Mas+PL
kufique kufique Nom:Mas+SG
kummel kummel Nom:Mas+SG
kumquat kumquat Nom:Mas+SG
kurde kurde Nom:InvGen+SG
kurde kurde Nom:Mas+SG
kvas kvas Nom:Mas+InvPL
kwashiorkor kwashiorkor Nom:Mas+SG
kwas kwas Nom:Mas+InvPL
kyat kyat Nom:Mas+SG
kymographe kymographe Nom:Mas+SG
kymographie kymographie Nom:Fem+SG
kyrie kyrie Nom:Mas+InvPL
kyrielle kyrielle Nom:Fem+SG
kyrielles kyrielle Nom:Fem+PL
kyste kyste Nom:Mas+SG
kystes kyste Nom:Mas+PL
