labadens labadens Nom:Mas+InvPL
labanotation labanotation Nom:Fem+SG
labarum labarum Nom:Mas+SG
labdanum labdanum Nom:Mas+SG
label label Nom:Mas+SG
labelle labelle Nom:Mas+SG
labelles labelle Nom:Mas+PL
labels label Nom:Mas+PL
labeur labeur Nom:Mas+SG
labeurs labeur Nom:Mas+PL
labferment labferment Nom:Mas+SG
labiacées labiacée Nom:Fem+PL
labiale labiale Nom:Fem+SG
labiales labiale Nom:Fem+PL
labialisation labialisation Nom:Fem+SG
labialisations labialisation Nom:Fem+PL
labiée labiée Nom:Fem+SG
labiées labiée Nom:Fem+PL
labilité labilité Nom:Fem+SG
labiodentale labiodentale Nom:Fem+SG
labiodentales labiodentale Nom:Fem+PL
labium labium Nom:Mas+SG
laborantine laborantin Nom:Fem+SG
laborantines laborantin Nom:Fem+PL
laborantin laborantin Nom:Mas+SG
laborantins laborantin Nom:Mas+PL
laboratoire laboratoire Nom:Mas+SG
laboratoires laboratoire Nom:Mas+PL
labourage labourage Nom:Mas+SG
labourages labourage Nom:Mas+PL
laboureur laboureur Nom:Mas+SG
laboureurs laboureur Nom:Mas+PL
labour labour Nom:Mas+SG
labours labour Nom:Mas+PL
labrador labrador Nom:Mas+SG
labradors labrador Nom:Mas+PL
labre labre Nom:Mas+SG
labri labri Nom:Mas+SG
labrit labrit Nom:Mas+SG
labyrinthe labyrinthe Nom:Mas+SG
labyrinthes labyrinthe Nom:Mas+PL
labyrinthite labyrinthite Nom:Fem+SG
labyrinthodon labyrinthodon Nom:Mas+SG
labyrinthodonte labyrinthodonte Nom:Mas+SG
labyrinthodontes labyrinthodonte Nom:Mas+PL
laçage laçage Nom:Mas+SG
laçages laçage Nom:Mas+PL
laccase laccase Nom:Fem+SG
laccolite laccolite Nom:Mas+SG
laccolithe laccolithe Nom:Fem+SG
lacédémonien lacédémonien Nom:Mas+SG
lacédémonienne lacédémonien Nom:Fem+SG
lacédémoniennes lacédémonien Nom:Fem+PL
lacé lacé Nom:Mas+SG
lacement lacement Nom:Mas+SG
lacération lacération Nom:Fem+SG
lacérations lacération Nom:Fem+PL
lacerie lacerie Nom:Fem+SG
lacertiens lacertien Nom:Mas+PL
lacertiliens lacertilien Nom:Mas+PL
lacés lacé Nom:Mas+PL
lacet lacet Nom:Mas+SG
lacets lacet Nom:Mas+PL
laceur laceur Nom:Mas+SG
laceuse laceur Nom:Fem+SG
lâchage lâchage Nom:Mas+SG
lâchages lâchage Nom:Mas+PL
lâche lâche Nom:InvGen+SG
lâché lâché Nom:Mas+SG
lâcher lâcher Nom:Mas+SG
lâchers lâcher Nom:Mas+PL
lâches lâche Nom:InvGen+PL
lâchés lâché Nom:Mas+PL
lâcheté lâcheté Nom:Fem+SG
lâchetés lâcheté Nom:Fem+PL
lâcheur lâcheur Nom:Mas+SG
lâcheurs lâcheur Nom:Mas+PL
lâcheuse lâcheur Nom:Fem+SG
lâcheuses lâcheur Nom:Fem+PL
lacis lacis Nom:Mas+InvPL
lac lac Nom:Mas+SG
laconisme laconisme Nom:Mas+SG
lacrima-christi lacrima-christi Nom:Mas+InvPL
lacryma-christi lacryma-christi Nom:Mas+InvPL
lacs lac Nom:Mas+PL
lacs lacs Nom:Mas+InvPL
lactaire lactaire Nom:Mas+SG
lactalbumine lactalbumine Nom:Fem+SG
lactame lactame Nom:Mas+SG
lactarium lactarium Nom:Mas+SG
lactase lactase Nom:Fem+SG
lactate lactate Nom:Mas+SG
lactation lactation Nom:Fem+SG
lactescence lactescence Nom:Fem+SG
lactobacille lactobacille Nom:Mas+SG
lactodensimètre lactodensimètre Nom:Mas+SG
lactofermentation lactofermentation Nom:Fem+SG
lactoflavine lactoflavine Nom:Fem+SG
lactomètre lactomètre Nom:Mas+SG
lactone lactone Nom:Fem+SG
lactose lactose Nom:Mas+SG
lactosérum lactosérum Nom:Mas+SG
lactosurie lactosurie Nom:Fem+SG
lactucarium lactucarium Nom:Mas+SG
lacune lacune Nom:Fem+SG
lacunes lacune Nom:Fem+PL
ladang ladang Nom:Mas+SG
ladanum ladanum Nom:Mas+SG
ladies lady Nom:Fem+PL
ladin ladin Nom:Mas+SG
lad lad Nom:Mas+SG
ladre ladre Nom:InvGen+SG
ladre ladre Nom:Mas+SG
ladrerie ladrerie Nom:Fem+SG
ladres ladre Nom:InvGen+PL
lads lad Nom:Mas+PL
lady lady Nom:Fem+SG
lagan lagan Nom:Mas+SG
lagon lagon Nom:Mas+SG
lagons lagon Nom:Mas+PL
lagopède lagopède Nom:Mas+SG
lagopèdes lagopède Nom:Mas+PL
lagothrix lagothrix Nom:Mas+InvPL
lagotriche lagotriche Nom:Mas+SG
laguiole laguiole Nom:Mas+SG
laguis laguis Nom:Mas+InvPL
lagune lagune Nom:Fem+SG
lagunes lagune Nom:Fem+PL
laïcat laïcat Nom:Mas+SG
laîche laîche Nom:Fem+SG
laïcisation laïcisation Nom:Fem+SG
laïcisations laïcisation Nom:Fem+PL
laïcisme laïcisme Nom:Mas+SG
laïciste laïciste Nom:InvGen+SG
laïcité laïcité Nom:Fem+SG
laïcs laïc Nom:Mas+PL
laideur laideur Nom:Fem+SG
laideurs laideur Nom:Fem+PL
laie laie Nom:Fem+SG
laies laie Nom:Fem+PL
lai lai Nom:Mas+SG
laimargue laimargue Nom:Fem+SG
lainage lainage Nom:Mas+SG
lainages lainage Nom:Mas+PL
laine laine Nom:Fem+SG
lainerie lainerie Nom:Fem+SG
laines laine Nom:Fem+PL
laineur laineur Nom:Mas+SG
laineuse laineur Nom:Fem+SG
laineuse laineuse Nom:Fem+SG
laineuses laineur Nom:Fem+PL
laineuses laineuse Nom:Fem+PL
lainière lainier Nom:Fem+SG
lainières lainier Nom:Fem+PL
lainier lainier Nom:Mas+SG
lainiers lainier Nom:Mas+PL
laïque laïc Nom:Fem+SG
laïque laïque Nom:InvGen+SG
laïques laïc Nom:Fem+PL
laïques laïque Nom:InvGen+PL
laird laird Nom:Mas+SG
lais lai Nom:Mas+PL
lais lais Nom:Mas+PL
laissée laissé Nom:Fem+SG
laissées laissées Nom:Fem+PL
laissées laissé Nom:Fem+PL
laisse laisse Nom:Fem+SG
laissé laissé Nom:Mas+SG
laisser-aller laisser-aller Nom:Mas+InvPL
laisses laisse Nom:Fem+PL
laissés laissé Nom:Mas+PL
laissés-pour-compte laissé-pour-compte Nom:Fem+PL
laissés-pour-compte laissé-pour-compte Nom:Mas+PL
laissez-passer laissez-passer Nom:Mas+InvPL
laissé-pour-compte laissé-pour-compte Nom:Fem+SG
laissé-pour-compte laissé-pour-compte Nom:Mas+SG
laitage laitage Nom:Mas+SG
laitages laitage Nom:Mas+PL
laitance laitance Nom:Fem+SG
laiterie laiterie Nom:Fem+SG
laiteries laiterie Nom:Fem+PL
laiteron laiteron Nom:Mas+SG
laitière laitière Nom:Fem+SG
laitière laitier Nom:Fem+SG
laitières laitière Nom:Fem+PL
laitières laitier Nom:Fem+PL
lait lait Nom:Mas+SG
laiton laiton Nom:Mas+SG
laitonnage laitonnage Nom:Mas+SG
laits lait Nom:Mas+PL
laitue laitue Nom:Fem+SG
laitues laitue Nom:Fem+PL
laïus laïus Nom:Mas+InvPL
laize laize Nom:Fem+SG
lakiste lakiste Nom:InvGen+SG
la la Nom:Mas+InvPL
lallation lallation Nom:Fem+SG
lamage lamage Nom:Mas+SG
lamaïsme lamaïsme Nom:Mas+SG
lamaïste lamaïste Nom:InvGen+SG
lama lama Nom:Mas+SG
lamanage lamanage Nom:Mas+SG
lamaneur lamaneur Nom:Mas+SG
lamantin lamantin Nom:Mas+SG
lamantins lamantin Nom:Mas+PL
lamarckisme lamarckisme Nom:Mas+SG
lamaserie lamaserie Nom:Fem+SG
lamaseries lamaserie Nom:Fem+PL
lamas lama Nom:Mas+PL
lambdacisme lambdacisme Nom:Mas+SG
lambda lambda Nom:Mas+InvPL
lambeau lambeau Nom:Mas+SG
lambeaux lambeau Nom:Mas+PL
lambel lambel Nom:Mas+SG
lambic lambic Nom:Mas+SG
lambine lambin Nom:Fem+SG
lambines lambin Nom:Fem+PL
lambin lambin Nom:Mas+SG
lambins lambin Nom:Mas+PL
lambliase lambliase Nom:Fem+SG
lambourde lambourde Nom:Fem+SG
lambourdes lambourde Nom:Fem+PL
lambrequin lambrequin Nom:Mas+SG
lambris lambris Nom:Mas+InvPL
lambrissage lambrissage Nom:Mas+SG
lambrissages lambrissage Nom:Mas+PL
lambruche lambruche Nom:Fem+SG
lambrusque lambrusque Nom:Fem+SG
lambswool lambswool Nom:Mas+SG
lame lame Nom:Fem+SG
lamé lamé Nom:Mas+SG
lamellation lamellation Nom:Fem+SG
lamelle lamelle Nom:Fem+SG
lamelles lamelle Nom:Fem+PL
lamellibranche lamellibranche Nom:Mas+SG
lamellibranches lamellibranche Nom:Mas+PL
lamellicornes lamellicorne Nom:Mas+PL
lamellirostre lamellirostre Nom:Mas+SG
lamentation lamentation Nom:Fem+SG
lamentations lamentation Nom:Fem+PL
lamento lamento Nom:Mas+SG
lamentos lamento Nom:Mas+PL
lames lame Nom:Fem+PL
lamés lamé Nom:Mas+PL
lamie lamie Nom:Fem+SG
lamier lamier Nom:Mas+SG
lamiers lamier Nom:Mas+PL
lamies lamie Nom:Fem+PL
lamifié lamifié Nom:Mas+SG
lamifiés lamifié Nom:Mas+PL
laminage laminage Nom:Mas+SG
laminages laminage Nom:Mas+PL
laminaire laminaire Nom:Fem+SG
laminectomie laminectomie Nom:Fem+SG
laminé laminé Nom:Mas+SG
lamineur lamineur Nom:Mas+SG
lamineurs lamineur Nom:Mas+PL
lamineuse lamineur Nom:Fem+SG
lamineuse lamineuse Nom:Fem+SG
lamineuses lamineur Nom:Fem+PL
lamineuses lamineuse Nom:Fem+PL
laminoir laminoir Nom:Mas+SG
laminoirs laminoir Nom:Mas+PL
lampadaire lampadaire Nom:Mas+SG
lampadaires lampadaire Nom:Mas+PL
lampadédromies lampadédromies Nom:Fem+PL
lampadophore lampadophore Nom:Mas+SG
lamparo lamparo Nom:Mas+SG
lamparos lamparo Nom:Mas+PL
lampas lampas Nom:Mas+InvPL
lampée lampée Nom:Fem+SG
lampées lampée Nom:Fem+PL
lampe lampe Nom:Fem+SG
lampes lampe Nom:Fem+PL
lampion lampion Nom:Mas+SG
lampions lampion Nom:Mas+PL
lampiste lampiste Nom:InvGen+SG
lampisterie lampisterie Nom:Fem+SG
lampistes lampiste Nom:InvGen+PL
lampourde lampourde Nom:Fem+SG
lamprillon lamprillon Nom:Mas+SG
lamproie lamproie Nom:Fem+SG
lamproies lamproie Nom:Fem+PL
lamprophyre lamprophyre Nom:Mas+SG
lampyre lampyre Nom:Mas+SG
lampyres lampyre Nom:Mas+PL
lancée lancée Nom:Fem+SG
lancées lancée Nom:Fem+PL
lance lance Nom:Fem+SG
lancement lancement Nom:Mas+SG
lancements lancement Nom:Mas+PL
lancer lancer Nom:Mas+SG
lancers lancer Nom:Mas+PL
lances lance Nom:Fem+PL
lancés lancé Nom:Mas+PL
lancette lancette Nom:Fem+SG
lancettes lancette Nom:Fem+PL
lanceur lanceur Nom:Mas+SG
lanceurs lanceur Nom:Mas+PL
lanceuse lanceur Nom:Fem+SG
lanceuses lanceur Nom:Fem+PL
lance-bombes lance-bombes Nom:Mas+InvPL
lance-flammes lance-flammes Nom:Mas+InvPL
lance-fusées lance-fusées Nom:Mas+InvPL
lance-grenades lance-grenade Nom:Mas+PL
lance-grenades lance-grenades Nom:Mas+InvPL
lance-missiles lance-missiles Nom:Mas+InvPL
lance-pierre lance-pierre Nom:Mas+InvPL
lance-pierres lance-pierres Nom:Mas+InvPL
lance-roquettes lance-roquettes Nom:Mas+InvPL
lance-torpilles lance-torpilles Nom:Mas+InvPL
lancier lancier Nom:Mas+SG
lanciers lancier Nom:Mas+PL
lancination lancination Nom:Fem+SG
lancinations lancination Nom:Fem+PL
lancinement lancinement Nom:Mas+SG
lancis lancis Nom:Mas+InvPL
lançons lançon Nom:Mas+PL
landaise landais Nom:Fem+SG
landais landais Nom:Mas+InvPL
landau landau Nom:Mas+SG
landaulet landaulet Nom:Mas+SG
landaus landau Nom:Mas+PL
lande lande Nom:Fem+SG
landerneau landerneau Nom:Mas+SG
landes lande Nom:Fem+PL
landgrave landgrave Nom:InvGen+SG
landgraviat landgraviat Nom:Mas+SG
landier landier Nom:Mas+SG
land land Nom:Mas+SG
lands land Nom:Mas+PL
lands lands Nom:Mas+PL
landsturm landsturm Nom:Mas+SG
langage langage Nom:Mas+SG
langages langage Nom:Mas+PL
lange lange Nom:Mas+SG
langes lange Nom:Mas+PL
langouste langouste Nom:Fem+SG
langoustes langouste Nom:Fem+PL
langoustier langoustier Nom:Mas+SG
langoustiers langoustier Nom:Mas+PL
langoustine langoustine Nom:Fem+SG
langoustines langoustine Nom:Fem+PL
languedocien languedocien Nom:Mas+SG
langue langue Nom:Fem+SG
langues langue Nom:Fem+PL
languette languette Nom:Fem+SG
languettes languette Nom:Fem+PL
langueur langueur Nom:Fem+SG
langueyage langueyage Nom:Mas+SG
langueyages langueyage Nom:Mas+PL
languier languier Nom:Mas+SG
languiers languier Nom:Mas+PL
lanière lanière Nom:Fem+SG
lanières lanière Nom:Fem+PL
lanier lanier Nom:Mas+SG
lanoline lanoline Nom:Fem+SG
lansquenet lansquenet Nom:Mas+SG
lantanier lantanier Nom:Mas+SG
lanterneau lanterneau Nom:Mas+SG
lanterneaux lanterneau Nom:Mas+PL
lanterne lanterne Nom:Fem+SG
lanternes lanterne Nom:Fem+PL
lanternes lanternes Nom:Fem+PL
lanternon lanternon Nom:Mas+SG
lanternons lanternon Nom:Mas+PL
lanthane lanthane Nom:Mas+SG
lanthanide lanthanide Nom:Mas+SG
lao lao Nom:Mas+SG
laos lao Nom:Mas+PL
laotien laotien Nom:Mas+SG
laotienne laotien Nom:Fem+SG
laotiennes laotien Nom:Fem+PL
laotiens laotien Nom:Mas+PL
lapalissade lapalissade Nom:Fem+SG
lapalissades lapalissade Nom:Fem+PL
lapement lapement Nom:Mas+SG
lapements lapement Nom:Mas+PL
lapereau lapereau Nom:Mas+SG
lapereaux lapereau Nom:Mas+PL
lapiaz lapiaz Nom:Mas+InvPL
lapicide lapicide Nom:InvGen+SG
lapidaire lapidaire Nom:InvGen+SG
lapidaire lapidaire Nom:Mas+SG
lapidaires lapidaire Nom:InvGen+PL
lapidaires lapidaire Nom:Mas+PL
lapidation lapidation Nom:Fem+SG
lapidations lapidation Nom:Fem+PL
lapidification lapidification Nom:Fem+SG
lapié lapié Nom:Mas+SG
lapilli lapilli Nom:Mas+PL
lapine lapin Nom:Fem+SG
lapines lapin Nom:Fem+PL
lapinière lapinière Nom:Fem+SG
lapinisme lapinisme Nom:Mas+SG
lapin lapin Nom:Mas+SG
lapins lapin Nom:Mas+PL
lapis lapis Nom:Mas+InvPL
lapis-lazuli lapis-lazuli Nom:Mas+InvPL
lapone lapon Nom:Fem+SG
lapones lapon Nom:Fem+PL
lapon lapon Nom:Mas+SG
lapons lapon Nom:Mas+PL
lapping lapping Nom:Mas+SG
lapsi lapsi Nom:Mas+PL
laps laps Nom:Mas+InvPL
lapsus lapsus Nom:Mas+InvPL
laptot laptot Nom:Mas+SG
laquage laquage Nom:Mas+SG
laquages laquage Nom:Mas+PL
laquais laquais Nom:Mas+InvPL
laque laque Nom:Fem+SG
laque laque Nom:Mas+SG
laqué laqué Nom:Mas+SG
laques laque Nom:Fem+PL
laques laque Nom:Mas+PL
laqués laqué Nom:Mas+PL
laqueur laqueur Nom:Mas+SG
laqueuse laqueur Nom:Fem+SG
laqueuses laqueur Nom:Fem+PL
laraire laraire Nom:Mas+SG
larbin larbin Nom:Mas+SG
larcin larcin Nom:Mas+SG
larcins larcin Nom:Mas+PL
lard lard Nom:Mas+SG
lardoire lardoire Nom:Fem+SG
lardon lardon Nom:Mas+SG
lardons lardon Nom:Mas+PL
lare lare Nom:Mas+SG
lares lare Nom:Mas+PL
largage largage Nom:Mas+SG
largages largage Nom:Mas+PL
large large Nom:Mas+SG
largesse largesse Nom:Fem+SG
largesses largesse Nom:Fem+PL
larget larget Nom:Mas+SG
largeur largeur Nom:Fem+SG
largeurs largeur Nom:Fem+PL
larghetto larghetto Nom:Mas+SG
largue largue Nom:Mas+SG
largueur largueur Nom:Mas+SG
lariforme lariforme Nom:Mas+SG
larigot larigot Nom:Mas+SG
larme larme Nom:Fem+SG
larmes larme Nom:Fem+PL
larmier larmier Nom:Mas+SG
larmoiement larmoiement Nom:Mas+SG
larron larron Nom:Mas+SG
larronnesse larron Nom:Fem+SG
larrons larron Nom:Mas+PL
larve larve Nom:Fem+SG
larves larve Nom:Fem+PL
larvicide larvicide Nom:Mas+SG
laryngectomie laryngectomie Nom:Fem+SG
laryngisme laryngisme Nom:Mas+SG
laryngite laryngite Nom:Fem+SG
laryngites laryngite Nom:Fem+PL
laryngologie laryngologie Nom:Fem+SG
laryngologiste laryngologiste Nom:InvGen+SG
laryngologistes laryngologiste Nom:InvGen+PL
laryngologue laryngologue Nom:InvGen+SG
laryngologues laryngologue Nom:InvGen+PL
laryngophone laryngophone Nom:Mas+SG
laryngoscope laryngoscope Nom:Mas+SG
laryngoscopie laryngoscopie Nom:Fem+SG
laryngospasme laryngospasme Nom:Mas+SG
larynx larynx Nom:Mas+InvPL
lasagne lasagne Nom:Fem+SG
lascar lascar Nom:Mas+SG
lascars lascar Nom:Mas+PL
lasciveté lasciveté Nom:Fem+SG
lascivité lascivité Nom:Fem+SG
laser laser Nom:Mas+SG
lasers laser Nom:Mas+PL
lassis lassis Nom:Mas+InvPL
lassitude lassitude Nom:Fem+SG
lassitudes lassitude Nom:Fem+PL
lasso lasso Nom:Mas+SG
lassos lasso Nom:Mas+PL
lastex lastex Nom:Mas+InvPL
lasting lasting Nom:Mas+SG
latanier latanier Nom:Mas+SG
lataniers latanier Nom:Mas+PL
latence latence Nom:Fem+SG
latences latence Nom:Fem+PL
latérale latérale Nom:Fem+SG
latérales latérale Nom:Fem+PL
latéralisation latéralisation Nom:Fem+SG
latéralité latéralité Nom:Fem+SG
latérite latérite Nom:Fem+SG
latéritisation latéritisation Nom:Fem+SG
latéroposition latéroposition Nom:Fem+SG
latéropulsion latéropulsion Nom:Fem+SG
latéroversion latéroversion Nom:Fem+SG
latex latex Nom:Mas+InvPL
lathyrisme lathyrisme Nom:Mas+SG
laticifère laticifère Nom:Mas+SG
laticlave laticlave Nom:Mas+SG
latifundia latifundium Nom:Mas+PL
latifundiste latifundiste Nom:InvGen+SG
latifundium latifundium Nom:Mas+SG
latine latin Nom:Fem+SG
latines latin Nom:Fem+PL
latinisant latinisant Nom:Mas+SG
latinisation latinisation Nom:Fem+SG
latinisations latinisation Nom:Fem+PL
latiniseur latiniseur Nom:Mas+SG
latinisme latinisme Nom:Mas+SG
latiniste latiniste Nom:InvGen+SG
latinistes latiniste Nom:InvGen+PL
latinité latinité Nom:Fem+SG
latin latin Nom:Mas+SG
latins latin Nom:Mas+PL
latitude latitude Nom:Fem+SG
latitudes latitude Nom:Fem+PL
latitudes latitudes Nom:Fem+PL
latitudinarisme latitudinarisme Nom:Mas+SG
latomies latomies Nom:Fem+PL
latrie latrie Nom:Fem+SG
latrines latrines Nom:Fem+PL
lattage lattage Nom:Mas+SG
lattages lattage Nom:Mas+PL
latte latte Nom:Fem+SG
latté latté Nom:Mas+SG
lattes latte Nom:Fem+PL
lattis lattis Nom:Mas+InvPL
laudanum laudanum Nom:Mas+SG
laudateur laudateur Nom:Mas+SG
laudes laudes Nom:Fem+PL
lauracée lauracée Nom:Fem+SG
lauracées lauracée Nom:Fem+PL
lauréate lauréat Nom:Fem+SG
lauréates lauréat Nom:Fem+PL
lauréat lauréat Nom:Mas+SG
lauréats lauréat Nom:Mas+PL
laure laure Nom:Fem+SG
laurier laurier Nom:Mas+SG
lauriers laurier Nom:Mas+PL
lauriers lauriers Nom:Mas+PL
lause lause Nom:Fem+SG
lauze lauze Nom:Fem+SG
lavabilité lavabilité Nom:Fem+SG
lavabo lavabo Nom:Mas+SG
lavabos lavabos Nom:Mas+PL
lavage lavage Nom:Mas+SG
lavages lavage Nom:Mas+PL
lava lava Nom:Fem+SG
lavallière lavallière Nom:Fem+SG
lavallières lavallière Nom:Fem+PL
lavande lavande Nom:Fem+SG
lavandes lavande Nom:Fem+PL
lavandière lavandière Nom:Fem+SG
lavandières lavandière Nom:Fem+PL
lavandin lavandin Nom:Mas+SG
lavaret lavaret Nom:Mas+SG
lavas lava Nom:Fem+PL
lavasse lavasse Nom:Fem+SG
lavasses lavasse Nom:Fem+PL
lavatory lavatory Nom:Mas+SG
lavée lavée Nom:Fem+SG
lavées lavée Nom:Fem+PL
lave lave Nom:Fem+SG
lavement lavement Nom:Mas+SG
lavements lavement Nom:Mas+PL
laverie laverie Nom:Fem+SG
laveries laverie Nom:Fem+PL
laves lave Nom:Fem+PL
lavette lavette Nom:Fem+SG
lavettes lavette Nom:Fem+PL
laveur laveur Nom:Mas+SG
laveurs laveur Nom:Mas+PL
laveuse laveur Nom:Fem+SG
laveuse laveuse Nom:Fem+SG
laveuses laveur Nom:Fem+PL
laveuses laveuse Nom:Fem+PL
lave-glace lave-glace Nom:Mas+SG
lave-glaces lave-glace Nom:Mas+PL
lave-linge lave-linge Nom:Mas+InvPL
lave-mains lave-mains Nom:Mas+InvPL
lave-vaisselle lave-vaisselle Nom:Mas+InvPL
lave-vaisselle lave-vaisselle Nom:Mas+SG
lavis lavis Nom:Mas+InvPL
lavoir lavoir Nom:Mas+SG
lavoirs lavoir Nom:Mas+PL
lavra lavra Nom:Fem+SG
lavure lavure Nom:Fem+SG
lawn-tennis lawn-tennis Nom:Mas+InvPL
lawrencium lawrencium Nom:Mas+SG
laxisme laxisme Nom:Mas+SG
laxiste laxiste Nom:InvGen+SG
laxistes laxiste Nom:InvGen+PL
laxité laxité Nom:Fem+SG
laye laye Nom:Fem+SG
layes laye Nom:Fem+PL
layette layette Nom:Fem+SG
layettes layette Nom:Fem+PL
layon layon Nom:Mas+SG
layons layon Nom:Mas+PL
lazaret lazaret Nom:Mas+SG
lazulite lazulite Nom:Fem+SG
lazurite lazurite Nom:Fem+SG
lazzarone lazzarone Nom:Mas+SG
lazzi lazzi Nom:Mas+SG
lazzis lazzi Nom:Mas+PL
leader leader Nom:InvGen+SG
leader leader Nom:Mas+SG
leadership leadership Nom:Mas+SG
leaders leader Nom:InvGen+PL
leaders leader Nom:Mas+PL
leasing leasing Nom:Mas+SG
leasings leasing Nom:Mas+PL
lebel lebel Nom:Mas+SG
léchage léchage Nom:Mas+SG
léchages léchage Nom:Mas+PL
lèchefrite lèchefrite Nom:Fem+SG
lèchefrites lèchefrite Nom:Fem+PL
lèche lèche Nom:Fem+SG
lèchement lèchement Nom:Mas+SG
lèches lèche Nom:Fem+PL
léchette léchette Nom:Fem+SG
lécheur lécheur Nom:Mas+SG
lécheuse lécheur Nom:Fem+SG
lèche-bottes lèche-bottes Nom:Mas+InvPL
lèche-cul lèche-cul Nom:Mas+InvPL
lèche-vitrines lèche-vitrines Nom:Mas+InvPL
lécithine lécithine Nom:Fem+SG
leçon leçon Nom:Fem+SG
leçons leçon Nom:Fem+PL
lecteur lecteur Nom:Mas+SG
lecteurs lecteur Nom:Mas+PL
lectionnaire lectionnaire Nom:Mas+SG
lectorat lectorat Nom:Mas+SG
lectorats lectorat Nom:Mas+PL
lectrice lecteur Nom:Fem+SG
lectrices lecteur Nom:Fem+PL
lecture lecture Nom:Fem+SG
lectures lecture Nom:Fem+PL
lécythe lécythe Nom:Mas+SG
légalisation légalisation Nom:Fem+SG
légalisations légalisation Nom:Fem+PL
légalisme légalisme Nom:Mas+SG
légaliste légaliste Nom:InvGen+SG
légalistes légaliste Nom:InvGen+PL
légalité légalité Nom:Fem+SG
légalités légalité Nom:Fem+PL
légataire légataire Nom:InvGen+SG
légataires légataire Nom:InvGen+PL
légation légation Nom:Fem+SG
légations légation Nom:Fem+PL
légat légat Nom:Mas+SG
legato legato Nom:Mas+SG
légats légat Nom:Mas+PL
légende légende Nom:Fem+SG
légendes légende Nom:Fem+PL
légèreté légèreté Nom:Fem+SG
leggings leggings Nom:Fem+PL
leggins leggins Nom:Fem+PL
leghorn leghorn Nom:Fem+SG
légion légion Nom:Fem+SG
légionnaire légionnaire Nom:InvGen+SG
légionnaire légionnaire Nom:Mas+SG
légionnaires légionnaire Nom:InvGen+PL
légionnaires légionnaire Nom:Mas+PL
légions légion Nom:Fem+PL
législateur législateur Nom:Mas+SG
législateurs législateur Nom:Mas+PL
législation législation Nom:Fem+SG
législations législation Nom:Fem+PL
législative législative Nom:Fem+SG
législatives législative Nom:Fem+PL
législatives législatives Nom:Fem+PL
législatrice législateur Nom:Fem+SG
législatrices législateur Nom:Fem+PL
législature législature Nom:Fem+SG
législatures législature Nom:Fem+PL
légiste légiste Nom:InvGen+SG
légistes légiste Nom:InvGen+PL
légitimation légitimation Nom:Fem+SG
légitimations légitimation Nom:Fem+PL
légitimée légitimé Nom:Fem+SG
légitimées légitimé Nom:Fem+PL
légitime légitime Nom:Fem+SG
légitimé légitimé Nom:Mas+SG
légitimes légitime Nom:Fem+PL
légitimés légitimé Nom:Mas+PL
légitimiste légitimiste Nom:InvGen+SG
légitimité légitimité Nom:Fem+SG
legs legs Nom:Mas+InvPL
légume légume Nom:Fem+SG
légume légume Nom:Mas+SG
légumes légume Nom:Fem+PL
légumes légume Nom:Mas+PL
légumière légumier Nom:Fem+SG
légumier légumier Nom:Mas+SG
légumine légumine Nom:Fem+SG
légumineuse légumineuse Nom:Fem+SG
légumineuses légumineuse Nom:Fem+PL
lei leu Nom:Mas+PL
léiomyome léiomyome Nom:Mas+SG
leishmania leishmania Nom:Fem+SG
leishmanie leishmanie Nom:Fem+SG
leishmaniose leishmaniose Nom:Fem+SG
leitmotifs leitmotifs Nom:Mas+PL
leitmotive leitmotiv Nom:Mas+PL
leitmotiv leitmotiv Nom:Mas+SG
leitmotivs leitmotiv Nom:Mas+PL
lek lek Nom:Mas+SG
lé lé Nom:Mas+SG
lemme lemme Nom:Mas+SG
lemmes lemme Nom:Mas+PL
lemming lemming Nom:Mas+SG
lemmings lemming Nom:Mas+PL
lemniscate lemniscate Nom:Fem+SG
lempira lempira Nom:Mas+SG
lémure lémure Nom:Mas+SG
lémures lémure Nom:Mas+PL
lémurien lémurien Nom:Mas+SG
lémuriens lémurien Nom:Mas+PL
lémuries lémuries Nom:Fem+PL
lendemain lendemain Nom:Mas+SG
lendemains lendemain Nom:Mas+PL
lendemains lendemains Nom:Mas+PL
lendit lendit Nom:Mas+SG
léninisme léninisme Nom:Mas+SG
léninistes léniniste Nom:InvGen+PL
lente lente Nom:Fem+SG
lentes lente Nom:Fem+PL
lenteur lenteur Nom:Fem+SG
lenteurs lenteur Nom:Fem+PL
lenteurs lenteurs Nom:Fem+PL
lenticelle lenticelle Nom:Fem+SG
lentigine lentigine Nom:Fem+SG
lentigineux lentigineux Nom:Mas+InvPL
lentigo lentigo Nom:Mas+SG
lentille lentille Nom:Fem+SG
lentilles lentille Nom:Fem+PL
lentillon lentillon Nom:Mas+SG
lentisque lentisque Nom:Mas+SG
léonure léonure Nom:Mas+SG
léopard léopard Nom:Mas+SG
léopards léopard Nom:Mas+PL
lépidodendron lépidodendron Nom:Mas+SG
lépidolite lépidolite Nom:Mas+SG
lépidoptère lépidoptère Nom:Mas+SG
lépidoptères lépidoptère Nom:Mas+PL
lépidosirène lépidosirène Nom:Mas+SG
lépidostée lépidostée Nom:Mas+SG
lépiote lépiote Nom:Fem+SG
lépisme lépisme Nom:Mas+SG
lépisostée lépisostée Nom:Mas+SG
léporidés léporidé Nom:Mas+PL
lèpre lèpre Nom:Fem+SG
lèpres lèpre Nom:Fem+PL
lépreuse lépreux Nom:Fem+SG
lépreuses lépreux Nom:Fem+PL
lépreux lépreux Nom:Mas+InvPL
léprologie léprologie Nom:Fem+SG
léprologiste léprologiste Nom:InvGen+SG
léprologue léprologue Nom:InvGen+SG
léproserie léproserie Nom:Fem+SG
léproseries léproserie Nom:Fem+PL
leptocéphale leptocéphale Nom:Mas+SG
leptolithique leptolithique Nom:Mas+SG
leptoméningite leptoméningite Nom:Fem+SG
lepton lepton Nom:Mas+SG
leptoprosope leptoprosope Nom:InvGen+SG
leptoprosopie leptoprosopie Nom:Fem+SG
leptorhinie leptorhinie Nom:Fem+SG
leptorhinien leptorhinien Nom:Mas+SG
leptospire leptospire Nom:Mas+SG
leptospirose leptospirose Nom:Fem+SG
lepture lepture Nom:Mas+SG
lérot lérot Nom:Mas+SG
lesbianisme lesbianisme Nom:Mas+SG
lesbienne lesbienne Nom:Fem+SG
lesbienne lesbien Nom:Fem+SG
lesbiennes lesbienne Nom:Fem+PL
lesbiennes lesbien Nom:Fem+PL
lesbisme lesbisme Nom:Mas+SG
lèse-majesté lèse-majesté Nom:Fem+SG
lésine lésine Nom:Fem+SG
lésinerie lésinerie Nom:Fem+SG
lésines lésine Nom:Fem+PL
lésineur lésineur Nom:Mas+SG
lésineuse lésineur Nom:Fem+SG
lésion lésion Nom:Fem+SG
lésions lésion Nom:Fem+PL
lessivage lessivage Nom:Mas+SG
lessivages lessivage Nom:Mas+PL
lessive lessive Nom:Fem+SG
lessives lessive Nom:Fem+PL
lessiveuse lessiveuse Nom:Fem+SG
lessiveuses lessiveuse Nom:Fem+PL
lestage lestage Nom:Mas+SG
lestages lestage Nom:Mas+PL
lestes lestes Nom:Mas+InvPL
lest lest Nom:Mas+SG
lests lest Nom:Mas+PL
létalité létalité Nom:Fem+SG
letchi letchi Nom:Mas+SG
léthargie léthargie Nom:Fem+SG
lette lette Nom:Fem+SG
lette lette Nom:Mas+SG
lettes lette Nom:Fem+PL
lettrage lettrage Nom:Mas+SG
lettrée lettré Nom:Fem+SG
lettrées lettré Nom:Fem+PL
lettre lettre Nom:Fem+SG
lettré lettré Nom:Mas+SG
lettres lettre Nom:Fem+PL
lettrés lettré Nom:Mas+PL
lettres lettres Nom:Fem+PL
lettrine lettrine Nom:Fem+SG
lettrines lettrine Nom:Fem+PL
lettrisme lettrisme Nom:Mas+SG
leucanie leucanie Nom:Fem+SG
leucémie leucémie Nom:Fem+SG
leucémique leucémique Nom:InvGen+SG
leucémiques leucémique Nom:InvGen+PL
leucine leucine Nom:Fem+SG
leucite leucite Nom:Fem+SG
leucite leucite Nom:Mas+SG
leucoblaste leucoblaste Nom:Mas+SG
leucocyte leucocyte Nom:Mas+SG
leucocytes leucocyte Nom:Mas+PL
leucocytolyse leucocytolyse Nom:Fem+SG
leucocytose leucocytose Nom:Fem+SG
leucodermie leucodermie Nom:Fem+SG
leucomélanodermie leucomélanodermie Nom:Fem+SG
leucome leucome Nom:Mas+SG
leucomyélite leucomyélite Nom:Fem+SG
leuconychie leuconychie Nom:Fem+SG
leucopédèse leucopédèse Nom:Fem+SG
leucopénie leucopénie Nom:Fem+SG
leucoplasie leucoplasie Nom:Fem+SG
leucopoïèse leucopoïèse Nom:Fem+SG
leucorrhée leucorrhée Nom:Fem+SG
leucose leucose Nom:Fem+SG
leucotomie leucotomie Nom:Fem+SG
leude leude Nom:Mas+SG
leu leu Nom:Mas+SG
leurre leurre Nom:Mas+SG
leurres leurre Nom:Mas+PL
leurs leurs Nom:Mas+PL
levage levage Nom:Mas+SG
levages levage Nom:Mas+PL
levain levain Nom:Mas+SG
levains levain Nom:Mas+PL
leva lev Nom:Mas+PL
levantine levantin Nom:Fem+SG
levantines levantin Nom:Fem+PL
levantin levantin Nom:Mas+SG
levantins levantin Nom:Mas+PL
levant levant Nom:Mas+SG
levée levée Nom:Fem+SG
levées levée Nom:Fem+PL
lève lève Nom:Fem+SG
lever lever Nom:Mas+SG
levers lever Nom:Mas+PL
lèves lève Nom:Fem+PL
lève-glaces lève-glaces Nom:Mas+InvPL
levier levier Nom:Mas+SG
leviers levier Nom:Mas+PL
lévigation lévigation Nom:Fem+SG
lévigations lévigation Nom:Fem+PL
lévirat lévirat Nom:Mas+SG
lévitation lévitation Nom:Fem+SG
lévitations lévitation Nom:Fem+PL
lévite lévite Nom:Fem+SG
lévite lévite Nom:InvGen+SG
lévites lévite Nom:Fem+PL
lévites lévite Nom:InvGen+PL
lev lev Nom:Mas+SG
levraut levraut Nom:Mas+SG
levrauts levraut Nom:Mas+PL
lèvre lèvre Nom:Fem+SG
lèvres lèvre Nom:Fem+PL
lèvres lèvres Nom:Fem+PL
levrette levrette Nom:Fem+SG
levrettes levrette Nom:Fem+PL
lévrier lévrier Nom:Mas+SG
lévriers lévrier Nom:Mas+PL
levron levron Nom:Mas+SG
levronne levronne Nom:Fem+SG
levronne levron Nom:Fem+SG
levronnes levronne Nom:Fem+PL
levronnes levron Nom:Fem+PL
lévulose lévulose Nom:Mas+SG
levure levure Nom:Fem+SG
levures levure Nom:Fem+PL
lexème lexème Nom:Mas+SG
lexicalisation lexicalisation Nom:Fem+SG
lexicalisations lexicalisation Nom:Fem+PL
lexicographe lexicographe Nom:InvGen+SG
lexicographes lexicographe Nom:InvGen+PL
lexicographie lexicographie Nom:Fem+SG
lexicologie lexicologie Nom:Fem+SG
lexicologue lexicologue Nom:InvGen+SG
lexicologues lexicologue Nom:InvGen+PL
lexicométrie lexicométrie Nom:Fem+SG
lexie lexie Nom:Fem+SG
lexique lexique Nom:Mas+SG
lexiques lexique Nom:Mas+PL
lexis lexis Nom:Fem+InvPL
lézarde lézarde Nom:Fem+SG
lézardes lézarde Nom:Fem+PL
lézard lézard Nom:Mas+SG
lézards lézard Nom:Mas+PL
liage liage Nom:Mas+SG
liages liage Nom:Mas+PL
liais liais Nom:Mas+InvPL
liaison liaison Nom:Fem+SG
liaisons liaison Nom:Fem+PL
liane liane Nom:Fem+SG
lianes liane Nom:Fem+PL
liant liant Nom:Mas+SG
liants liant Nom:Mas+PL
liard liard Nom:Mas+SG
liards liard Nom:Mas+PL
lias lias Nom:Mas+InvPL
liasse liasse Nom:Fem+SG
liasses liasse Nom:Fem+PL
libage libage Nom:Mas+SG
libanais libanais Nom:Mas+InvPL
libation libation Nom:Fem+SG
libations libation Nom:Fem+PL
libeccio libeccio Nom:Mas+SG
libelle libelle Nom:Mas+SG
libellé libellé Nom:Mas+SG
libelles libelle Nom:Mas+PL
libellés libellé Nom:Mas+PL
libelliste libelliste Nom:InvGen+SG
libellule libellule Nom:Fem+SG
libellules libellule Nom:Fem+PL
libérable libérable Nom:InvGen+SG
libérables libérable Nom:InvGen+PL
libérale libéral Nom:Fem+SG
libérales libéral Nom:Fem+PL
libéralisation libéralisation Nom:Fem+SG
libéralisations libéralisation Nom:Fem+PL
libéralisme libéralisme Nom:Mas+SG
libéralité libéralité Nom:Fem+SG
libéralités libéralité Nom:Fem+PL
libéralités libéralités Nom:Fem+PL
libéral libéral Nom:Mas+SG
libérateur libérateur Nom:Mas+SG
libérateurs libérateur Nom:Mas+PL
libération libération Nom:Fem+SG
libérations libération Nom:Fem+PL
libératrice libérateur Nom:Fem+SG
libératrices libérateur Nom:Fem+PL
libéraux libéral Nom:Mas+PL
libérée libéré Nom:Fem+SG
libérées libéré Nom:Fem+PL
libéré libéré Nom:Mas+SG
libérés libéré Nom:Mas+PL
liber liber Nom:Mas+SG
libero libero Nom:InvGen+SG
libers liber Nom:Mas+PL
libertaire libertaire Nom:InvGen+SG
libertaires libertaire Nom:InvGen+PL
liberté liberté Nom:Fem+SG
libertés liberté Nom:Fem+PL
libertés libertés Nom:Fem+PL
liberticide liberticide Nom:Mas+SG
libertinage libertinage Nom:Mas+SG
libertine libertin Nom:Fem+SG
libertines libertin Nom:Fem+PL
libertin libertin Nom:Mas+SG
libertins libertin Nom:Mas+PL
liberty liberty Nom:Mas+InvPL
libidineuse libidineux Nom:Fem+SG
libidineuses libidineux Nom:Fem+PL
libidineux libidineux Nom:Mas+InvPL
libido libido Nom:Fem+InvPL
libraire libraire Nom:InvGen+SG
libraires libraire Nom:InvGen+PL
librairie librairie Nom:Fem+SG
librairies librairie Nom:Fem+PL
libration libration Nom:Fem+SG
libres libres Nom:Mas+PL
libres-services libre-service Nom:Mas+PL
librettiste librettiste Nom:InvGen+SG
librettistes librettiste Nom:InvGen+PL
libretto libretto Nom:Mas+SG
libre-échange libre-échange Nom:Mas+SG
libre-échangisme libre-échangisme Nom:Mas+SG
libre-échangiste libre-échangiste Nom:InvGen+SG
libre-échangistes libre-échangiste Nom:InvGen+PL
libre-service libre-service Nom:Mas+SG
librisme librisme Nom:Mas+SG
libriste libriste Nom:InvGen+SG
lice lice Nom:Fem+SG
licence licence Nom:Fem+SG
licences licence Nom:Fem+PL
licenciée licencié Nom:Fem+SG
licenciées licencié Nom:Fem+PL
licencié licencié Nom:Mas+SG
licenciement licenciement Nom:Mas+SG
licenciements licenciement Nom:Mas+PL
licenciés licencié Nom:Mas+PL
lices lice Nom:Fem+PL
liche liche Nom:Fem+SG
lichénification lichénification Nom:Fem+SG
lichen lichen Nom:Mas+SG
lichens lichen Nom:Mas+PL
liches liche Nom:Fem+PL
lichette lichette Nom:Fem+SG
licheur licheur Nom:Mas+SG
licheuse licheur Nom:Fem+SG
licier licier Nom:Mas+SG
licitation licitation Nom:Fem+SG
licitations licitation Nom:Fem+PL
licol licol Nom:Mas+SG
licols licol Nom:Mas+PL
licorne licorne Nom:Fem+SG
licornes licorne Nom:Fem+PL
licou licou Nom:Mas+SG
licous licou Nom:Mas+PL
licteur licteur Nom:Mas+SG
lido lido Nom:Mas+SG
lieder lied Nom:Mas+PL
lied lied Nom:Mas+SG
lieds lied Nom:Mas+PL
liège liège Nom:Mas+SG
liégeoise liégeois Nom:Fem+SG
liégeoises liégeois Nom:Fem+PL
liégeois liégeois Nom:Mas+InvPL
lièges liège Nom:Mas+PL
lie lie Nom:Fem+SG
lié lié Nom:Mas+SG
lien lien Nom:Mas+SG
liens lien Nom:Mas+PL
lierne lierne Nom:Fem+SG
liernes lierne Nom:Fem+PL
lierre lierre Nom:Mas+SG
lierres lierre Nom:Mas+PL
lies lie Nom:Fem+PL
liés lié Nom:Mas+PL
liesse liesse Nom:Fem+SG
liesses liesse Nom:Fem+PL
lieudit lieudit Nom:Mas+SG
lieue lieue Nom:Fem+SG
lieues lieue Nom:Fem+PL
lieu lieu Nom:Mas+SG
lieur lieur Nom:Mas+SG
lieurs lieur Nom:Mas+PL
lieuse lieur Nom:Fem+SG
lieuse lieuse Nom:Fem+SG
lieuses lieur Nom:Fem+PL
lieuses lieuse Nom:Fem+PL
lieus lieu Nom:Mas+PL
lieutenance lieutenance Nom:Fem+SG
lieutenante lieutenant Nom:Fem+SG
lieutenantes lieutenant Nom:Fem+PL
lieutenant lieutenant Nom:Mas+SG
lieutenants lieutenant Nom:Mas+PL
lieutenants-colonels lieutenant-colonel Nom:Mas+PL
lieutenant-colonel lieutenant-colonel Nom:Mas+SG
lieux lieu Nom:Mas+PL
lieux lieux Nom:Mas+PL
lieux-dits lieu-dit Nom:Mas+PL
lieu-dit lieu-dit Nom:Mas+SG
lièvre lièvre Nom:Mas+SG
lièvres lièvre Nom:Mas+PL
liftier liftier Nom:Mas+SG
liftiers liftier Nom:Mas+PL
lifting lifting Nom:Mas+SG
lift lift Nom:Mas+SG
lifts lift Nom:Mas+PL
ligament ligament Nom:Mas+SG
ligaments ligament Nom:Mas+PL
ligand ligand Nom:Mas+SG
ligase ligase Nom:Fem+SG
ligature ligature Nom:Fem+SG
ligatures ligature Nom:Fem+PL
ligérien ligérien Nom:Mas+SG
ligie ligie Nom:Fem+SG
lignage lignage Nom:Mas+SG
lignages lignage Nom:Mas+PL
lignard lignard Nom:Mas+SG
lignée lignée Nom:Fem+SG
lignées lignée Nom:Fem+PL
ligne ligne Nom:Fem+SG
lignerolle lignerolle Nom:Fem+SG
lignes ligne Nom:Fem+PL
ligneul ligneul Nom:Mas+SG
ligneuse ligneur Nom:Fem+SG
ligneuses ligneur Nom:Fem+PL
lignification lignification Nom:Fem+SG
lignine lignine Nom:Fem+SG
lignite lignite Nom:Mas+SG
lignomètre lignomètre Nom:Mas+SG
ligotage ligotage Nom:Mas+SG
ligotages ligotage Nom:Mas+PL
ligot ligot Nom:Mas+SG
ligue ligue Nom:Fem+SG
ligues ligue Nom:Fem+PL
ligueur ligueur Nom:Mas+SG
ligueurs ligueur Nom:Mas+PL
ligueuse ligueur Nom:Fem+SG
ligule ligule Nom:Fem+SG
liguliflore liguliflore Nom:Fem+SG
liguliflores liguliflore Nom:Fem+PL
ligure ligure Nom:InvGen+SG
ligure ligure Nom:Mas+SG
ligures ligure Nom:InvGen+PL
ligurienne ligurien Nom:Fem+SG
liguriennes ligurien Nom:Fem+PL
lilas lilas Nom:Mas+InvPL
liliacée liliacée Nom:Fem+SG
liliacées liliacée Nom:Fem+PL
liliale liliale Nom:Fem+SG
liliales liliale Nom:Fem+PL
liliiflore liliiflore Nom:Fem+SG
li li Nom:Mas+SG
lillois lillois Nom:Mas+InvPL
limace limace Nom:Fem+SG
limaces limace Nom:Fem+PL
limaçon limaçon Nom:Mas+SG
limaçons limaçon Nom:Mas+PL
limage limage Nom:Mas+SG
limages limage Nom:Mas+PL
limaille limaille Nom:Fem+SG
limande limande Nom:Fem+SG
limandes limande Nom:Fem+PL
liman liman Nom:Mas+SG
limbe limbe Nom:Mas+SG
limbes limbe Nom:Mas+PL
limbes limbes Nom:Mas+PL
lime lime Nom:Fem+SG
limerick limerick Nom:Mas+SG
limes lime Nom:Fem+PL
limes limes Nom:Mas+InvPL
limés limés Nom:Mas+PL
limette limette Nom:Fem+SG
limettier limettier Nom:Mas+SG
limeur limeur Nom:Mas+SG
limeuse limeur Nom:Fem+SG
limeuse limeuse Nom:Fem+SG
limicole limicole Nom:Mas+SG
limier limier Nom:Mas+SG
limiers limier Nom:Mas+PL
limitation limitation Nom:Fem+SG
limitations limitation Nom:Fem+PL
limite limite Nom:Fem+SG
limites limite Nom:Fem+PL
limiteur limiteur Nom:Mas+SG
limnée limnée Nom:Fem+SG
limniculture limniculture Nom:Fem+SG
limnigraphe limnigraphe Nom:Mas+SG
limnimètre limnimètre Nom:Mas+SG
limnimétrie limnimétrie Nom:Fem+SG
limnologie limnologie Nom:Fem+SG
limogeage limogeage Nom:Mas+SG
limogeages limogeage Nom:Mas+PL
limonade limonade Nom:Fem+SG
limonadière limonadier Nom:Fem+SG
limonadier limonadier Nom:Mas+SG
limonadiers limonadier Nom:Mas+PL
limonage limonage Nom:Mas+SG
limonaire limonaire Nom:Mas+SG
limonène limonène Nom:Mas+SG
limonière limonière Nom:Fem+SG
limonier limonier Nom:Mas+SG
limonite limonite Nom:Fem+SG
limon limon Nom:Mas+SG
limons limon Nom:Mas+PL
limoselle limoselle Nom:Fem+SG
limousinage limousinage Nom:Mas+SG
limousinages limousinage Nom:Mas+PL
limousinant limousinant Nom:Mas+SG
limousine limousine Nom:Fem+SG
limousine limousin Nom:Fem+SG
limousines limousine Nom:Fem+PL
limousines limousin Nom:Fem+PL
limpidité limpidité Nom:Fem+SG
limpidités limpidité Nom:Fem+PL
limule limule Nom:Fem+SG
linacée linacée Nom:Fem+SG
linacées linacée Nom:Fem+PL
linaigrette linaigrette Nom:Fem+SG
linaire linaire Nom:Fem+SG
linceul linceul Nom:Mas+SG
linceuls linceul Nom:Mas+PL
linéaire linéaire Nom:Mas+SG
linéaires linéaire Nom:Mas+PL
linéale linéale Nom:Fem+SG
linéales linéale Nom:Fem+PL
linéament linéament Nom:Mas+SG
linéaments linéament Nom:Mas+PL
linéaments linéaments Nom:Mas+PL
linéarité linéarité Nom:Fem+SG
line line Nom:Fem+SG
liner liner Nom:Mas+SG
liners liner Nom:Mas+PL
lines line Nom:Fem+PL
linette linette Nom:Fem+SG
linga linga Nom:Mas+SG
lingam lingam Nom:Mas+SG
linge linge Nom:Mas+SG
lingère lingère Nom:Fem+SG
lingère linger Nom:Fem+SG
lingères lingère Nom:Fem+PL
lingères linger Nom:Fem+PL
lingerie lingerie Nom:Fem+SG
lingeries lingerie Nom:Fem+PL
linges linge Nom:Mas+PL
lingotière lingotière Nom:Fem+SG
lingot lingot Nom:Mas+SG
lingots lingot Nom:Mas+PL
linguale linguale Nom:Fem+SG
linguales linguale Nom:Fem+PL
linguatule linguatule Nom:Fem+SG
lingue lingue Nom:Fem+SG
linguette linguette Nom:Fem+SG
linguettes linguette Nom:Fem+PL
linguiste linguiste Nom:InvGen+SG
linguistes linguiste Nom:InvGen+PL
linguistique linguistique Nom:Fem+SG
linguistiques linguistique Nom:Fem+PL
linière linière Nom:Fem+SG
linier linier Nom:Mas+SG
liniment liniment Nom:Mas+SG
linkage linkage Nom:Mas+SG
links links Nom:Mas+PL
lin lin Nom:Mas+SG
linoléum linoléum Nom:Mas+SG
linoléums linoléum Nom:Mas+PL
lino lino Nom:Mas+SG
linon linon Nom:Mas+SG
linos lino Nom:Mas+PL
linotte linotte Nom:Fem+SG
linottes linotte Nom:Fem+PL
linotype linotype Nom:Fem+SG
linotypie linotypie Nom:Fem+SG
linotypiste linotypiste Nom:InvGen+SG
linsang linsang Nom:Mas+SG
linsoir linsoir Nom:Mas+SG
linteau linteau Nom:Mas+SG
linteaux linteau Nom:Mas+PL
linter linter Nom:Mas+SG
lionceau lionceau Nom:Mas+SG
lionceaux lionceau Nom:Mas+PL
lion lion Nom:Mas+SG
lionne lion Nom:Fem+SG
lionnes lion Nom:Fem+PL
lions lion Nom:Mas+PL
liparis liparis Nom:Mas+InvPL
lipase lipase Nom:Fem+SG
lipémie lipémie Nom:Fem+SG
lipide lipide Nom:Mas+SG
lipides lipide Nom:Mas+PL
lipochrome lipochrome Nom:Mas+SG
lipogramme lipogramme Nom:Mas+SG
lipoïde lipoïde Nom:Mas+SG
lipolyse lipolyse Nom:Fem+SG
lipome lipome Nom:Mas+SG
lipoprotéine lipoprotéine Nom:Fem+SG
liposarcome liposarcome Nom:Mas+SG
lipothymie lipothymie Nom:Fem+SG
lipovaccin lipovaccin Nom:Mas+SG
lippée lippée Nom:Fem+SG
lippe lippe Nom:Fem+SG
lippes lippe Nom:Fem+PL
liquation liquation Nom:Fem+SG
liquéfacteur liquéfacteur Nom:Mas+SG
liquéfaction liquéfaction Nom:Fem+SG
liquette liquette Nom:Fem+SG
liqueur liqueur Nom:Fem+SG
liqueurs liqueur Nom:Fem+PL
liquidambar liquidambar Nom:Mas+SG
liquidateur liquidateur Nom:Mas+SG
liquidateurs liquidateur Nom:Mas+PL
liquidation liquidation Nom:Fem+SG
liquidations liquidation Nom:Fem+PL
liquidatrices liquidateur Nom:Fem+PL
liquide liquide Nom:Fem+SG
liquide liquide Nom:Mas+SG
liquides liquide Nom:Fem+PL
liquides liquide Nom:Mas+PL
liquidité liquidité Nom:Fem+SG
liquidités liquidité Nom:Fem+PL
liquidités liquidités Nom:Fem+PL
liquoriste liquoriste Nom:InvGen+SG
lire lire Nom:Fem+SG
lires lire Nom:Fem+PL
liron liron Nom:Mas+SG
lirons liron Nom:Mas+PL
lisage lisage Nom:Mas+SG
lisages lisage Nom:Mas+PL
lise lise Nom:Fem+SG
lisérage lisérage Nom:Mas+SG
lisérages lisérage Nom:Mas+PL
liseré liseré Nom:Mas+SG
liséré liséré Nom:Mas+SG
liserés liseré Nom:Mas+PL
lisérés liséré Nom:Mas+PL
liseron liseron Nom:Mas+SG
liserons liseron Nom:Mas+PL
lises lise Nom:Fem+PL
lisette lisette Nom:Fem+SG
liseur liseur Nom:Mas+SG
liseuse liseur Nom:Fem+SG
liseuse liseuse Nom:Fem+SG
lisibilité lisibilité Nom:Fem+SG
lisière lisière Nom:Fem+SG
lisières lisière Nom:Fem+PL
lisier lisier Nom:Mas+SG
lisiers lisier Nom:Mas+PL
lis li Nom:Mas+PL
lis lis Nom:Mas+InvPL
lissage lissage Nom:Mas+SG
lissages lissage Nom:Mas+PL
lisse lisse Nom:Fem+SG
lissé lissé Nom:Mas+SG
lisses lisse Nom:Fem+PL
lissés lissé Nom:Mas+PL
lisseur lisseur Nom:Mas+SG
lisseuse lisseur Nom:Fem+SG
lisseuse lisseuse Nom:Fem+SG
lissiers lissier Nom:Mas+PL
lissoir lissoir Nom:Mas+SG
listage listage Nom:Mas+SG
listages listage Nom:Mas+PL
listeaux listeaux Nom:Mas+PL
liste liste Nom:Fem+SG
listel listel Nom:Mas+SG
listériose listériose Nom:Fem+SG
listes liste Nom:Fem+PL
listing listing Nom:Mas+SG
listings listing Nom:Mas+PL
list list Nom:Fem+SG
liston liston Nom:Mas+SG
listons liston Nom:Mas+PL
lists list Nom:Fem+PL
litanie litanie Nom:Fem+SG
litanies litanie Nom:Fem+PL
litanies litanies Nom:Fem+PL
litchi litchi Nom:Mas+SG
litchis litchi Nom:Mas+PL
liteau liteau Nom:Mas+SG
liteaux liteau Nom:Mas+PL
litée litée Nom:Fem+SG
litées litée Nom:Fem+PL
literie literie Nom:Fem+SG
literies literie Nom:Fem+PL
litham litham Nom:Mas+SG
litharge litharge Nom:Fem+SG
lithiase lithiase Nom:Fem+SG
lithiasique lithiasique Nom:InvGen+SG
lithiné lithiné Nom:Mas+SG
lithium lithium Nom:Mas+SG
lithodome lithodome Nom:Mas+SG
lithogenèse lithogenèse Nom:Fem+SG
lithographie lithographie Nom:Fem+SG
lithographies lithographie Nom:Fem+PL
litho litho Nom:Fem+SG
lithologie lithologie Nom:Fem+SG
lithophage lithophage Nom:Mas+SG
lithophanie lithophanie Nom:Fem+SG
lithosphère lithosphère Nom:Fem+SG
lithothamnium lithothamnium Nom:Mas+SG
lithotriteur lithotriteur Nom:Mas+SG
lithotypographie lithotypographie Nom:Fem+SG
litière litière Nom:Fem+SG
litières litière Nom:Fem+PL
litige litige Nom:Mas+SG
litiges litige Nom:Mas+PL
litispendance litispendance Nom:Fem+SG
lit lit Nom:Mas+SG
litorne litorne Nom:Fem+SG
litote litote Nom:Fem+SG
litotes litote Nom:Fem+PL
litre litre Nom:Fem+SG
litre litre Nom:Mas+SG
litres litre Nom:Fem+PL
litres litre Nom:Mas+PL
litron litron Nom:Mas+SG
litsam litsam Nom:Mas+SG
lits lit Nom:Mas+PL
littéraire littéraire Nom:InvGen+SG
littéraires littéraire Nom:InvGen+PL
littéralité littéralité Nom:Fem+SG
littéral littéral Nom:Mas+SG
littérarité littérarité Nom:Fem+SG
littérateur littérateur Nom:Mas+SG
littérateurs littérateur Nom:Mas+PL
littérature littérature Nom:Fem+SG
littératures littérature Nom:Fem+PL
littéraux littéral Nom:Mas+PL
littorine littorine Nom:Fem+SG
lituanienne lituanien Nom:Fem+SG
lituaniennes lituanien Nom:Fem+PL
liturgie liturgie Nom:Fem+SG
liturgies liturgie Nom:Fem+PL
liturgiques liturgique Nom:Mas+PL
lit-cage lit-cage Nom:Mas+SG
liure liure Nom:Fem+SG
liures liure Nom:Fem+PL
livarot livarot Nom:Mas+SG
livèche livèche Nom:Fem+SG
livedo livedo Nom:Fem+SG
livet livet Nom:Mas+SG
lividité lividité Nom:Fem+SG
living living Nom:Mas+SG
livraison livraison Nom:Fem+SG
livraisons livraison Nom:Fem+PL
livrée livrée Nom:Fem+SG
livrées livrée Nom:Fem+PL
livre livre Nom:Fem+SG
livre livre Nom:Mas+SG
livres livre Nom:Fem+PL
livres livre Nom:Mas+PL
livret livret Nom:Mas+SG
livrets livret Nom:Mas+PL
livreur livreur Nom:Mas+SG
livreurs livreur Nom:Mas+PL
livreuse livreur Nom:Fem+SG
livreuse livreuse Nom:Fem+SG
livreuses livreur Nom:Fem+PL
livreuses livreuse Nom:Fem+PL
lixiviation lixiviation Nom:Fem+SG
lixiviations lixiviation Nom:Fem+PL
llanos llanos Nom:Mas+PL
l l Nom:Mas+InvPL
loader loader Nom:Mas+SG
loaders loader Nom:Mas+PL
lobbies lobby Nom:Mas+PL
lobby lobby Nom:Mas+SG
lobectomie lobectomie Nom:Fem+SG
lobélie lobélie Nom:Fem+SG
lobe lobe Nom:Mas+SG
lobes lobe Nom:Mas+PL
lob lob Nom:Mas+SG
lobotomie lobotomie Nom:Fem+SG
lobs lob Nom:Mas+PL
locale locale Nom:Fem+SG
locales locale Nom:Fem+PL
localisation localisation Nom:Fem+SG
localisations localisation Nom:Fem+PL
localité localité Nom:Fem+SG
localités localité Nom:Fem+PL
local local Nom:Mas+SG
locataire locataire Nom:InvGen+SG
locataire locataire Nom:Mas+SG
locataires locataire Nom:InvGen+PL
locataires locataire Nom:Mas+PL
locatifs locatif Nom:Mas+PL
location location Nom:Fem+SG
locations location Nom:Fem+PL
locaux local Nom:Mas+PL
locaux locaux Nom:Mas+PL
loche loche Nom:Fem+SG
loches loche Nom:Fem+PL
lochies lochies Nom:Fem+PL
loch loch Nom:Mas+SG
lock-out lock-out Nom:Mas+InvPL
locomobile locomobile Nom:Fem+SG
locomobiles locomobile Nom:Fem+PL
locomotion locomotion Nom:Fem+SG
locomotive locomotive Nom:Fem+SG
locomotives locomotive Nom:Fem+PL
locomotrice locomotrice Nom:Fem+SG
locomotrices locomotrice Nom:Fem+PL
locotracteur locotracteur Nom:Mas+SG
locus locus Nom:Mas+InvPL
locuste locuste Nom:Fem+SG
locuteur locuteur Nom:Mas+SG
locuteurs locuteur Nom:Mas+PL
locution locution Nom:Fem+SG
locutions locution Nom:Fem+PL
locutrice locuteur Nom:Fem+SG
locutrices locuteur Nom:Fem+PL
loden loden Nom:Mas+SG
lodens loden Nom:Mas+PL
lods lods Nom:Mas+PL
loess loess Nom:Mas+InvPL
lof lof Nom:Mas+SG
loft loft Nom:Mas+SG
logarithme logarithme Nom:Mas+SG
logarithmes logarithme Nom:Mas+PL
loge loge Nom:Fem+SG
logement logement Nom:Mas+SG
logements logement Nom:Mas+PL
loges loge Nom:Fem+PL
loges loges Nom:Fem+PL
logette logette Nom:Fem+SG
logeur logeur Nom:Mas+SG
logeurs logeur Nom:Mas+PL
logeuse logeur Nom:Fem+SG
logeuses logeur Nom:Fem+PL
loggia loggia Nom:Fem+SG
loggias loggia Nom:Fem+PL
logiciel logiciel Nom:Mas+SG
logiciels logiciel Nom:Mas+PL
logicien logicien Nom:Mas+SG
logicienne logicien Nom:Fem+SG
logiciennes logicien Nom:Fem+PL
logiciens logicien Nom:Mas+PL
logicisme logicisme Nom:Mas+SG
logique logique Nom:Fem+SG
logiques logique Nom:Fem+PL
logis logis Nom:Mas+InvPL
logiste logiste Nom:InvGen+SG
logisticien logisticien Nom:Mas+SG
logographe logographe Nom:Mas+SG
logogriphe logogriphe Nom:Mas+SG
logo logo Nom:Mas+SG
logomachie logomachie Nom:Fem+SG
logopédie logopédie Nom:Fem+SG
logorrhée logorrhée Nom:Fem+SG
logorrhéique logorrhéique Nom:InvGen+SG
logos logo Nom:Mas+PL
logos logos Nom:Mas+InvPL
logotype logotype Nom:Mas+SG
loi loi Nom:Fem+SG
lointain lointain Nom:Mas+SG
loir loir Nom:Mas+SG
loirs loir Nom:Mas+PL
loisir loisir Nom:Mas+SG
loisirs loisir Nom:Mas+PL
loisirs loisirs Nom:Mas+PL
lois loi Nom:Fem+PL
lois-cadres loi-cadre Nom:Fem+PL
lois-programmes loi-programme Nom:Fem+PL
loi-cadre loi-cadre Nom:Fem+SG
loi-programme loi-programme Nom:Fem+SG
lokoum lokoum Nom:Mas+SG
lokoums lokoum Nom:Mas+PL
lollards lollard Nom:Mas+PL
lolo lolo Nom:Mas+SG
lombago lombago Nom:Mas+SG
lombalgie lombalgie Nom:Fem+SG
lombarde lombard Nom:Fem+SG
lombardes lombard Nom:Fem+PL
lombarthrose lombarthrose Nom:Fem+SG
lombes lombes Nom:Fem+PL
lombostat lombostat Nom:Mas+SG
lombric lombric Nom:Mas+SG
lombrics lombric Nom:Mas+PL
londonienne londonien Nom:Fem+SG
londoniennes londonien Nom:Fem+PL
londrès londrès Nom:Mas+InvPL
longane longane Nom:Mas+SG
longanimité longanimité Nom:Fem+SG
longe longe Nom:Fem+SG
longeron longeron Nom:Mas+SG
longerons longeron Nom:Mas+PL
longes longe Nom:Fem+PL
longévité longévité Nom:Fem+SG
longicorne longicorne Nom:Mas+SG
longiligne longiligne Nom:InvGen+SG
longilignes longiligne Nom:InvGen+PL
longitude longitude Nom:Fem+SG
longitudes longitude Nom:Fem+PL
long long Nom:Mas+SG
longotte longotte Nom:Fem+SG
longrine longrine Nom:Fem+SG
longue longue Nom:Fem+SG
longues longue Nom:Fem+PL
longues-vues longue-vue Nom:Fem+PL
longuet longuet Nom:Mas+SG
longuette longuette Nom:Fem+SG
longuettes longuette Nom:Fem+PL
longueur longueur Nom:Fem+SG
longueurs longueur Nom:Fem+PL
longue-vue longue-vue Nom:Fem+SG
long-courrier long-courrier Nom:Mas+SG
long-courriers long-courrier Nom:Mas+PL
looch looch Nom:Mas+SG
loofa loofa Nom:Mas+SG
look look Nom:Mas+SG
looping looping Nom:Mas+SG
loopings looping Nom:Mas+PL
lopette lopette Nom:Fem+SG
lophobranches lophobranche Nom:Mas+PL
lophophore lophophore Nom:Mas+SG
lopin lopin Nom:Mas+SG
lopins lopin Nom:Mas+PL
loquacité loquacité Nom:Fem+SG
loque loque Nom:Fem+SG
loques loque Nom:Fem+PL
loques loques Nom:Fem+PL
loqueteau loqueteau Nom:Mas+SG
loqueteaux loqueteau Nom:Mas+PL
loquet loquet Nom:Mas+SG
loquets loquet Nom:Mas+PL
loran loran Nom:Mas+SG
lord lord Nom:Mas+SG
lordose lordose Nom:Fem+SG
lordoses lordose Nom:Fem+PL
lords lord Nom:Mas+PL
lords-maires lord-maire Nom:Mas+PL
lord-maire lord-maire Nom:Mas+SG
lorette lorette Nom:Fem+SG
lorgnette lorgnette Nom:Fem+SG
lorgnettes lorgnette Nom:Fem+PL
lorgnon lorgnon Nom:Mas+SG
lorgnons lorgnon Nom:Mas+PL
loricaire loricaire Nom:Mas+SG
lori lori Nom:Mas+SG
loriot loriot Nom:Mas+SG
loriots loriot Nom:Mas+PL
loriquet loriquet Nom:Mas+SG
loris lori Nom:Mas+PL
loris loris Nom:Mas+InvPL
lorraine lorrain Nom:Fem+SG
lorraines lorrain Nom:Fem+PL
lorrain lorrain Nom:Mas+SG
lorrains lorrain Nom:Mas+PL
lorries lorry Nom:Mas+PL
lorry lorry Nom:Mas+SG
losange losange Nom:Mas+SG
losanges losange Nom:Mas+PL
lote lote Nom:Fem+SG
loterie loterie Nom:Fem+SG
loteries loterie Nom:Fem+PL
lotes lote Nom:Fem+PL
lotier lotier Nom:Mas+SG
lotiers lotier Nom:Mas+PL
lotion lotion Nom:Fem+SG
lotions lotion Nom:Fem+PL
lotissement lotissement Nom:Mas+SG
lotissements lotissement Nom:Mas+PL
lotisseur lotisseur Nom:Mas+SG
lotisseurs lotisseur Nom:Mas+PL
lot lot Nom:Mas+SG
loto loto Nom:Mas+SG
lotos loto Nom:Mas+PL
lots lot Nom:Mas+PL
lotte lotte Nom:Fem+SG
lottes lotte Nom:Fem+PL
lotus lotus Nom:Mas+InvPL
louage louage Nom:Mas+SG
louages louage Nom:Mas+PL
louange louange Nom:Fem+SG
louanges louange Nom:Fem+PL
louanges louanges Nom:Fem+PL
louangeur louangeur Nom:Mas+SG
louangeuse louangeur Nom:Fem+SG
loubard loubard Nom:Mas+SG
loubar loubar Nom:Mas+SG
louchée louchée Nom:Fem+SG
louchées louchée Nom:Fem+PL
louche louche Nom:Fem+SG
louche louche Nom:Mas+SG
louchement louchement Nom:Mas+SG
loucherie loucherie Nom:Fem+SG
louches louche Nom:Fem+PL
louchet louchet Nom:Mas+SG
loucheur loucheur Nom:Mas+SG
loucheurs loucheur Nom:Mas+PL
loucheuse loucheur Nom:Fem+SG
louchon louchon Nom:Mas+SG
louchons louchon Nom:Mas+PL
louée louée Nom:Fem+SG
louées louée Nom:Fem+PL
loueur loueur Nom:Mas+SG
loueurs loueur Nom:Mas+PL
loueuse loueur Nom:Fem+SG
loueuses loueur Nom:Fem+PL
loufiat loufiat Nom:Mas+SG
loufoque loufoque Nom:InvGen+SG
loufoquerie loufoquerie Nom:Fem+SG
loufoqueries loufoquerie Nom:Fem+PL
lougre lougre Nom:Mas+SG
lougres lougre Nom:Mas+PL
louise louise Nom:Fem+SG
louises louise Nom:Fem+PL
louis louis Nom:Mas+InvPL
loukoum loukoum Nom:Mas+SG
loukoums loukoum Nom:Mas+PL
loulou loulou Nom:Mas+SG
loupage loupage Nom:Mas+SG
loupages loupage Nom:Mas+PL
loupe loupe Nom:Fem+SG
loupé loupé Nom:Mas+SG
loupes loupe Nom:Fem+PL
loupés loupé Nom:Mas+PL
loupiote loupiote Nom:Fem+SG
loupiot loupiot Nom:Mas+SG
loupiotte loupiot Nom:Fem+SG
loupiottes loupiot Nom:Fem+PL
loup loup Nom:Mas+SG
loups loup Nom:Mas+PL
loups-cerviers loup-cervier Nom:Mas+PL
loups-garous loup-garou Nom:Mas+PL
loup-cervier loup-cervier Nom:Mas+SG
loup-garou loup-garou Nom:Mas+SG
lourdaude lourdaud Nom:Fem+SG
lourdaudes lourdaud Nom:Fem+PL
lourdaud lourdaud Nom:Mas+SG
lourde lourde Nom:Fem+SG
lourdes lourde Nom:Fem+PL
lourdeur lourdeur Nom:Fem+SG
lourdeurs lourdeur Nom:Fem+PL
lourd lourd Nom:Mas+SG
lourds lourd Nom:Mas+PL
loure loure Nom:Fem+SG
loures loure Nom:Fem+PL
loustic loustic Nom:Mas+SG
loutre loutre Nom:Fem+SG
loutres loutre Nom:Fem+PL
louve louve Nom:Fem+SG
louves louve Nom:Fem+PL
louveteau louveteau Nom:Mas+SG
louveteaux louveteau Nom:Mas+PL
louveterie louveterie Nom:Fem+SG
louvetier louvetier Nom:Mas+SG
louvette louvette Nom:Fem+SG
louvettes louvette Nom:Fem+PL
louvoiement louvoiement Nom:Mas+SG
louvoiements louvoiement Nom:Mas+PL
louvoyée louvoyée Nom:Fem+SG
louvoyées louvoyée Nom:Fem+PL
lovelace lovelace Nom:Mas+SG
loxodromie loxodromie Nom:Fem+SG
loyalisme loyalisme Nom:Mas+SG
loyaliste loyaliste Nom:InvGen+SG
loyalistes loyaliste Nom:InvGen+PL
loyauté loyauté Nom:Fem+SG
loyautés loyauté Nom:Fem+PL
loyer loyer Nom:Mas+SG
loyers loyer Nom:Mas+PL
lubie lubie Nom:Fem+SG
lubies lubie Nom:Fem+PL
lubricité lubricité Nom:Fem+SG
lubrifiant lubrifiant Nom:Mas+SG
lubrifiants lubrifiant Nom:Mas+PL
lubrification lubrification Nom:Fem+SG
lucane lucane Nom:Mas+SG
lucarne lucarne Nom:Fem+SG
lucarnes lucarne Nom:Fem+PL
lucernaire lucernaire Nom:Fem+SG
lucernaire lucernaire Nom:Mas+SG
lucidité lucidité Nom:Fem+SG
lucidités lucidité Nom:Fem+PL
luciférase luciférase Nom:Fem+SG
luciférien luciférien Nom:Mas+SG
luciférienne luciférien Nom:Fem+SG
lucifériennes luciférien Nom:Fem+PL
luciférine luciférine Nom:Fem+SG
luciférines luciférine Nom:Fem+PL
lucifuge lucifuge Nom:Mas+SG
lucilie lucilie Nom:Fem+SG
lucimètre lucimètre Nom:Mas+SG
luciole luciole Nom:Fem+SG
lucioles luciole Nom:Fem+PL
lucite lucite Nom:Fem+SG
lucre lucre Nom:Mas+SG
luddisme luddisme Nom:Mas+SG
ludiciel ludiciel Nom:Mas+SG
ludion ludion Nom:Mas+SG
ludisme ludisme Nom:Mas+SG
ludothèque ludothèque Nom:Fem+SG
luétine luétine Nom:Fem+SG
luette luette Nom:Fem+SG
lueur lueur Nom:Fem+SG
lueurs lueur Nom:Fem+PL
luffa luffa Nom:Mas+SG
luge luge Nom:Fem+SG
luger luger Nom:Mas+SG
luges luge Nom:Fem+PL
lugeur lugeur Nom:Mas+SG
lugeuse lugeur Nom:Fem+SG
luisance luisance Nom:Fem+SG
luisant luisant Nom:Mas+SG
luisants luisant Nom:Mas+PL
lulu lulu Nom:Mas+SG
lumachelle lumachelle Nom:Fem+SG
lumbago lumbago Nom:Mas+SG
lumen lumen Nom:Mas+SG
lumière lumière Nom:Fem+SG
lumières lumière Nom:Fem+PL
lumières lumières Nom:Fem+PL
lumignon lumignon Nom:Mas+SG
lumignons lumignon Nom:Mas+PL
luminaire luminaire Nom:Mas+SG
luminaires luminaire Nom:Mas+PL
luminance luminance Nom:Fem+SG
luminances luminance Nom:Fem+PL
luminescence luminescence Nom:Fem+SG
luminisme luminisme Nom:Mas+SG
luministe luministe Nom:InvGen+SG
luminophore luminophore Nom:Mas+SG
luminosité luminosité Nom:Fem+SG
lumitype lumitype Nom:Fem+SG
lump lump Nom:Mas+SG
lumps lump Nom:Mas+PL
lunaire lunaire Nom:Fem+SG
lunaires lunaire Nom:Fem+PL
lunaison lunaison Nom:Fem+SG
lunatique lunatique Nom:InvGen+SG
lunatiques lunatique Nom:InvGen+PL
lunches lunch Nom:Mas+PL
lunch lunch Nom:Mas+SG
lunchs lunch Nom:Mas+PL
lundi lundi Nom:Mas+SG
lundis lundi Nom:Mas+PL
lune lune Nom:Fem+SG
lunes lune Nom:Fem+PL
lunetière lunetière Nom:Fem+SG
lunetière lunetier Nom:Fem+SG
lunetières lunetière Nom:Fem+PL
lunetières lunetier Nom:Fem+PL
lunetier lunetier Nom:Mas+SG
lunetiers lunetier Nom:Mas+PL
lunette lunette Nom:Fem+SG
lunetterie lunetterie Nom:Fem+SG
lunetteries lunetterie Nom:Fem+PL
lunettes lunette Nom:Fem+PL
lunettes lunettes Nom:Fem+PL
lunule lunule Nom:Fem+SG
lunules lunule Nom:Fem+PL
lunure lunure Nom:Fem+SG
lupanar lupanar Nom:Mas+SG
lupercales lupercales Nom:Fem+PL
lupin lupin Nom:Mas+SG
lupins lupin Nom:Mas+PL
lupuline lupuline Nom:Fem+SG
lupulines lupuline Nom:Fem+PL
lupulin lupulin Nom:Mas+SG
lupus lupus Nom:Mas+InvPL
lurette lurette Nom:Fem+SG
luron luron Nom:Mas+SG
luronne luron Nom:Fem+SG
luronnes luron Nom:Fem+PL
lurons luron Nom:Mas+PL
lusin lusin Nom:Mas+SG
lusitanienne lusitanien Nom:Fem+SG
lusitaniennes lusitanien Nom:Fem+PL
lustrage lustrage Nom:Mas+SG
lustrages lustrage Nom:Mas+PL
lustration lustration Nom:Fem+SG
lustrations lustration Nom:Fem+PL
lustre lustre Nom:Mas+SG
lustrerie lustrerie Nom:Fem+SG
lustres lustre Nom:Mas+PL
lustrine lustrine Nom:Fem+SG
lustrines lustrine Nom:Fem+PL
lustroir lustroir Nom:Mas+SG
lutécien lutécien Nom:Mas+SG
lutécium lutécium Nom:Mas+SG
lutéine lutéine Nom:Fem+SG
lutéinisation lutéinisation Nom:Fem+SG
luthéranisme luthéranisme Nom:Mas+SG
lutherie lutherie Nom:Fem+SG
luthérien luthérien Nom:Mas+SG
luthérienne luthérien Nom:Fem+SG
luthériennes luthérien Nom:Fem+PL
luthériens luthérien Nom:Mas+PL
lutheries lutherie Nom:Fem+PL
luthier luthier Nom:Mas+SG
luthiers luthier Nom:Mas+PL
luthiste luthiste Nom:InvGen+SG
luth luth Nom:Mas+SG
luths luth Nom:Mas+PL
lutine lutin Nom:Fem+SG
lutines lutin Nom:Fem+PL
lut lut Nom:Mas+SG
lutrin lutrin Nom:Mas+SG
lutrins lutrin Nom:Mas+PL
lutte lutte Nom:Fem+SG
luttes lutte Nom:Fem+PL
luttes luttes Nom:Fem+PL
lutteur lutteur Nom:Mas+SG
lutteurs lutteur Nom:Mas+PL
lutteuse lutteur Nom:Fem+SG
lutteuses lutteur Nom:Fem+PL
luxation luxation Nom:Fem+SG
luxations luxation Nom:Fem+PL
luxe luxe Nom:Mas+SG
luxes luxe Nom:Mas+PL
lux lux Nom:Mas+InvPL
luxmètre luxmètre Nom:Mas+SG
luxure luxure Nom:Fem+SG
luxuriance luxuriance Nom:Fem+SG
luzerne luzerne Nom:Fem+SG
luzernière luzernière Nom:Fem+SG
luzule luzule Nom:Fem+SG
lycanthrope lycanthrope Nom:InvGen+SG
lycanthropes lycanthrope Nom:InvGen+PL
lycanthropie lycanthropie Nom:Fem+SG
lycanthropies lycanthropie Nom:Fem+PL
lycaon lycaon Nom:Mas+SG
lycée lycée Nom:Mas+SG
lycéen lycéen Nom:Mas+SG
lycéenne lycéen Nom:Fem+SG
lycéennes lycéen Nom:Fem+PL
lycéens lycéen Nom:Mas+PL
lycées lycée Nom:Mas+PL
lycène lycène Nom:Fem+SG
lychnis lychnis Nom:Mas+InvPL
lycope lycope Nom:Mas+SG
lycoperdon lycoperdon Nom:Mas+SG
lycopode lycopode Nom:Mas+SG
lycose lycose Nom:Fem+SG
lycra lycra Nom:Mas+SG
lyddite lyddite Nom:Fem+SG
lydienne lydienne Nom:Fem+SG
lydienne lydien Nom:Fem+SG
lydiennes lydienne Nom:Fem+PL
lydiennes lydien Nom:Fem+PL
lymphangite lymphangite Nom:Fem+SG
lymphatisme lymphatisme Nom:Mas+SG
lymphe lymphe Nom:Fem+SG
lymphes lymphe Nom:Fem+PL
lymphocyte lymphocyte Nom:Mas+SG
lymphocytose lymphocytose Nom:Fem+SG
lymphogranulomatose lymphogranulomatose Nom:Fem+SG
lymphographie lymphographie Nom:Fem+SG
lymphopénie lymphopénie Nom:Fem+SG
lymphopoïèse lymphopoïèse Nom:Fem+SG
lynchage lynchage Nom:Mas+SG
lynchages lynchage Nom:Mas+PL
lyncheur lyncheur Nom:Mas+SG
lyncheurs lyncheur Nom:Mas+PL
lynx lynx Nom:Mas+InvPL
lyonnaise lyonnais Nom:Fem+SG
lyonnaises lyonnais Nom:Fem+PL
lyonnais lyonnais Nom:Mas+InvPL
lyophilisation lyophilisation Nom:Fem+SG
lyophilisations lyophilisation Nom:Fem+PL
lyre lyre Nom:Fem+SG
lyres lyre Nom:Fem+PL
lyric lyric Nom:Mas+SG
lyrics lyric Nom:Mas+PL
lyrics lyrics Nom:Mas+PL
lyrique lyrique Nom:Mas+SG
lyriques lyrique Nom:Mas+PL
lyrisme lyrisme Nom:Mas+SG
lysat lysat Nom:Mas+SG
lyse lyse Nom:Fem+SG
lysergamide lysergamide Nom:Mas+SG
lysergide lysergide Nom:Mas+SG
lysergides lysergide Nom:Mas+PL
lyses lyse Nom:Fem+PL
lysimaque lysimaque Nom:Fem+SG
lysine lysine Nom:Fem+SG
lys lys Nom:Mas+InvPL
lysosome lysosome Nom:Mas+SG
lysozyme lysozyme Nom:Mas+SG
l'on l'on Nom+InvGen+SG+P3+PC
