oaristys oaristys Nom:Fem+InvPL
oasienne oasien Nom:Fem+SG
oasiennes oasien Nom:Fem+PL
oasien oasien Nom:Mas+SG
oasis oasis Nom:Fem+InvPL
obédience obédience Nom:Fem+SG
obédiencier obédiencier Nom:Mas+SG
obéissance obéissance Nom:Fem+SG
obèle obèle Nom:Mas+SG
obélisque obélisque Nom:Mas+SG
obélisques obélisque Nom:Mas+PL
obel obel Nom:Mas+SG
obérée obérée Nom:Fem+SG
obérées obérée Nom:Fem+PL
obèse obèse Nom:InvGen+SG
obèses obèse Nom:InvGen+PL
obésité obésité Nom:Fem+SG
obier obier Nom:Mas+SG
obiers obier Nom:Mas+PL
obi obi Nom:Fem+SG
obis obi Nom:Fem+PL
obit obit Nom:Mas+SG
obituaire obituaire Nom:Mas+SG
objecteur objecteur Nom:Mas+SG
objecteurs objecteur Nom:Mas+PL
objectif objectif Nom:Mas+SG
objectifs objectif Nom:Mas+PL
objection objection Nom:Fem+SG
objections objection Nom:Fem+PL
objectivation objectivation Nom:Fem+SG
objectivations objectivation Nom:Fem+PL
objectivisme objectivisme Nom:Mas+SG
objectiviste objectiviste Nom:InvGen+SG
objectivité objectivité Nom:Fem+SG
objet objet Nom:Mas+SG
objets objet Nom:Mas+PL
objurgation objurgation Nom:Fem+SG
objurgations objurgation Nom:Fem+PL
oblate oblat Nom:Fem+SG
oblates oblat Nom:Fem+PL
oblation oblation Nom:Fem+SG
oblat oblat Nom:Mas+SG
oblature oblature Nom:Fem+SG
obligataires obligataire Nom:InvGen+PL
obligation obligation Nom:Fem+SG
obligations obligation Nom:Fem+PL
obligations obligations Nom:Fem+PL
obligeance obligeance Nom:Fem+SG
obligée obligé Nom:Fem+SG
obligées obligé Nom:Fem+PL
obligé obligé Nom:Mas+SG
obligés obligé Nom:Mas+PL
oblique oblique Nom:Fem+SG
oblique oblique Nom:Mas+SG
obliques oblique Nom:Fem+PL
obliques oblique Nom:Mas+PL
obliquité obliquité Nom:Fem+SG
oblitérateur oblitérateur Nom:Mas+SG
oblitération oblitération Nom:Fem+SG
oblitérations oblitération Nom:Fem+PL
obnubilation obnubilation Nom:Fem+SG
obnubilations obnubilation Nom:Fem+PL
obole obole Nom:Fem+SG
oboles obole Nom:Fem+PL
obscénité obscénité Nom:Fem+SG
obscénités obscénité Nom:Fem+PL
obscurantisme obscurantisme Nom:Mas+SG
obscurantiste obscurantiste Nom:InvGen+SG
obscurantistes obscurantiste Nom:InvGen+PL
obscurcissement obscurcissement Nom:Mas+SG
obscurité obscurité Nom:Fem+SG
obscurités obscurité Nom:Fem+PL
obsécration obsécration Nom:Fem+SG
obsédée obsédé Nom:Fem+SG
obsédées obsédé Nom:Fem+PL
obsédé obsédé Nom:Mas+SG
obsédés obsédé Nom:Mas+PL
obsèques obsèques Nom:Fem+PL
obséquiosité obséquiosité Nom:Fem+SG
obséquiosités obséquiosité Nom:Fem+PL
observance observance Nom:Fem+SG
observant observant Nom:Mas+SG
observateur observateur Nom:Mas+SG
observateurs observateur Nom:Mas+PL
observation observation Nom:Fem+SG
observations observation Nom:Fem+PL
observatoire observatoire Nom:Mas+SG
observatoires observatoire Nom:Mas+PL
observatrice observateur Nom:Fem+SG
observatrices observateur Nom:Fem+PL
obsession obsession Nom:Fem+SG
obsessions obsession Nom:Fem+PL
obsidienne obsidienne Nom:Fem+SG
obsolescence obsolescence Nom:Fem+SG
obsolescences obsolescence Nom:Fem+PL
obstacle obstacle Nom:Mas+SG
obstacles obstacle Nom:Mas+PL
obstétricienne obstétricien Nom:Fem+SG
obstétriciennes obstétricien Nom:Fem+PL
obstétricien obstétricien Nom:Mas+SG
obstétriciens obstétricien Nom:Mas+PL
obstétrique obstétrique Nom:Fem+SG
obstétriques obstétrique Nom:Fem+PL
obstination obstination Nom:Fem+SG
obstinations obstination Nom:Fem+PL
obstinée obstiné Nom:Fem+SG
obstinées obstiné Nom:Fem+PL
obstiné obstiné Nom:Mas+SG
obstinés obstiné Nom:Mas+PL
obstructionnisme obstructionnisme Nom:Mas+SG
obstructionniste obstructionniste Nom:InvGen+SG
obstructionnistes obstructionniste Nom:InvGen+PL
obstruction obstruction Nom:Fem+SG
obstructions obstruction Nom:Fem+PL
obtention obtention Nom:Fem+SG
obturateur obturateur Nom:Mas+SG
obturateurs obturateur Nom:Mas+PL
obturation obturation Nom:Fem+SG
obturations obturation Nom:Fem+PL
obtusion obtusion Nom:Fem+SG
obusier obusier Nom:Mas+SG
obusiers obusier Nom:Mas+PL
obus obus Nom:Mas+InvPL
obvers obvers Nom:Mas+InvPL
ocarina ocarina Nom:Mas+SG
ocarinas ocarina Nom:Mas+PL
occase occase Nom:Fem+SG
occasionnalisme occasionnalisme Nom:Mas+SG
occasion occasion Nom:Fem+SG
occasions occasion Nom:Fem+PL
occidentale occidental Nom:Fem+SG
occidentales occidental Nom:Fem+PL
occidentalisation occidentalisation Nom:Fem+SG
occidentalisations occidentalisation Nom:Fem+PL
occidentaliste occidentaliste Nom:InvGen+SG
occidental occidental Nom:Mas+SG
occidentaux occidental Nom:Mas+PL
occident occident Nom:Mas+SG
occiput occiput Nom:Mas+SG
occiputs occiput Nom:Mas+PL
occlusion occlusion Nom:Fem+SG
occlusions occlusion Nom:Fem+PL
occlusive occlusive Nom:Fem+SG
occlusives occlusive Nom:Fem+PL
occultation occultation Nom:Fem+SG
occultations occultation Nom:Fem+PL
occultisme occultisme Nom:Mas+SG
occultiste occultiste Nom:InvGen+SG
occultistes occultiste Nom:InvGen+PL
occupante occupant Nom:Fem+SG
occupantes occupant Nom:Fem+PL
occupant occupant Nom:Mas+SG
occupants occupant Nom:Mas+PL
occupation occupation Nom:Fem+SG
occupations occupation Nom:Fem+PL
occurrence occurrence Nom:Fem+SG
occurrences occurrence Nom:Fem+PL
océanaute océanaute Nom:InvGen+SG
océanide océanide Nom:Fem+SG
océanienne océanien Nom:Fem+SG
océaniennes océanien Nom:Fem+PL
océanien océanien Nom:Mas+SG
océan océan Nom:Mas+SG
océanographe océanographe Nom:InvGen+SG
océanographes océanographe Nom:InvGen+PL
océanographie océanographie Nom:Fem+SG
océanologie océanologie Nom:Fem+SG
océanologue océanologue Nom:InvGen+SG
océanologues océanologue Nom:InvGen+PL
océans océan Nom:Mas+PL
ocelle ocelle Nom:Mas+SG
ocelot ocelot Nom:Mas+SG
ocelots ocelot Nom:Mas+PL
oc oc Nom:Fem+SG
ocre ocre Nom:Fem+SG
ocre ocre Nom:Mas+SG
ocres ocre Nom:Fem+PL
ocres ocre Nom:Mas+PL
octaèdre octaèdre Nom:Mas+SG
octal octal Nom:Mas+SG
octane octane Nom:Mas+SG
octant octant Nom:Mas+SG
octaux octal Nom:Mas+PL
octave octave Nom:Fem+SG
octaves octave Nom:Fem+PL
octavin octavin Nom:Mas+SG
octet octet Nom:Mas+SG
octets octet Nom:Mas+PL
octidi octidi Nom:Mas+SG
octobre octobre Nom:Mas+SG
octobres octobre Nom:Mas+PL
octocoralliaire octocoralliaire Nom:Mas+SG
octocoralliaires octocoralliaire Nom:Mas+PL
octogénaire octogénaire Nom:InvGen+SG
octogénaires octogénaire Nom:InvGen+PL
octogone octogone Nom:Mas+SG
octogones octogone Nom:Mas+PL
octroi octroi Nom:Mas+SG
octrois octroi Nom:Mas+PL
octuor octuor Nom:Mas+SG
octuple octuple Nom:Mas+SG
octuples octuple Nom:Mas+PL
oculaire oculaire Nom:Mas+SG
oculaires oculaire Nom:Mas+PL
oculariste oculariste Nom:InvGen+SG
oculi oculus Nom:Mas+PL
oculiste oculiste Nom:InvGen+SG
oculistes oculiste Nom:InvGen+PL
oculus oculus Nom:Mas+SG
ocytocine ocytocine Nom:Fem+SG
odalisque odalisque Nom:Fem+SG
odalisques odalisque Nom:Fem+PL
odelette odelette Nom:Fem+SG
ode ode Nom:Fem+SG
odéon odéon Nom:Mas+SG
odes ode Nom:Fem+PL
odeur odeur Nom:Fem+SG
odeurs odeur Nom:Fem+PL
odomètre odomètre Nom:Mas+SG
odonate odonate Nom:Mas+SG
odonates odonate Nom:Mas+PL
odontalgie odontalgie Nom:Fem+SG
odontoïde odontoïde Nom:Fem+SG
odontoïde odontoïde Nom:Mas+SG
odontologie odontologie Nom:Fem+SG
odontologiste odontologiste Nom:InvGen+SG
odontomètre odontomètre Nom:Mas+SG
odontostomatologie odontostomatologie Nom:Fem+SG
odorat odorat Nom:Mas+SG
odorats odorat Nom:Mas+PL
odyssée odyssée Nom:Fem+SG
odyssées odyssée Nom:Fem+PL
oecuménicité oecuménicité Nom:Fem+SG
oecuménisme oecuménisme Nom:Mas+SG
oecuméniste oecuméniste Nom:InvGen+SG
oedème oedème Nom:Mas+SG
oedèmes oedème Nom:Mas+PL
oedicnème oedicnème Nom:Mas+SG
oedipe oedipe Nom:Mas+SG
oeillade oeillade Nom:Fem+SG
oeillades oeillade Nom:Fem+PL
oeillard oeillard Nom:Mas+SG
oeillère oeillère Nom:Fem+SG
oeillères oeillère Nom:Fem+PL
oeillères oeillères Nom:Fem+PL
oeillet oeillet Nom:Mas+SG
oeilletonnage oeilletonnage Nom:Mas+SG
oeilletonnages oeilletonnage Nom:Mas+PL
oeilleton oeilleton Nom:Mas+SG
oeillets oeillet Nom:Mas+PL
oeillette oeillette Nom:Fem+SG
oeillettes oeillette Nom:Fem+PL
oeil oeil Nom:Mas+SG
oeils oeil Nom:Mas+PL
oeils-de-boeuf oeil-de-boeuf Nom:Mas+PL
oeils-de-chat oeil-de-chat Nom:Mas+PL
oeils-de-perdrix oeil-de-perdrix Nom:Mas+PL
oeil-de-boeuf oeil-de-boeuf Nom:Mas+SG
oeil-de-chat oeil-de-chat Nom:Mas+SG
oeil-de-perdrix oeil-de-perdrix Nom:Mas+SG
oeil-de-pie oeil-de-pie Nom:Mas+SG
oekoumène oekoumène Nom:Mas+SG
oenanthe oenanthe Nom:Fem+SG
oenilisme oenilisme Nom:Mas+SG
oenolisme oenolisme Nom:Mas+SG
oenologie oenologie Nom:Fem+SG
oenologue oenologue Nom:InvGen+SG
oenologues oenologue Nom:InvGen+PL
oenométrie oenométrie Nom:Fem+SG
oenothèque oenothèque Nom:Fem+SG
oenothéracée oenothéracée Nom:Fem+SG
oenothéracées oenothéracée Nom:Fem+PL
oenothera oenothera Nom:Mas+SG
oenothère oenothère Nom:Mas+SG
oersted oersted Nom:Mas+SG
oerstite oerstite Nom:Fem+SG
oesophage oesophage Nom:Mas+SG
oesophages oesophage Nom:Mas+PL
oesophagite oesophagite Nom:Fem+SG
oesophagoscope oesophagoscope Nom:Mas+SG
oestradiol oestradiol Nom:Mas+SG
oestre oestre Nom:Mas+SG
oestrogène oestrogène Nom:Mas+SG
oestrogènes oestrogène Nom:Mas+PL
oestrone oestrone Nom:Fem+SG
oestrus oestrus Nom:Mas+InvPL
oeuf oeuf Nom:Mas+SG
oeufrier oeufrier Nom:Mas+SG
oeufs oeuf Nom:Mas+PL
oeuvrée oeuvrée Nom:Fem+SG
oeuvrées oeuvrée Nom:Fem+PL
oeuvre oeuvre Nom:Fem+SG
oeuvre oeuvre Nom:Mas+SG
oeuvres oeuvre Nom:Fem+PL
oeuvres oeuvre Nom:Mas+PL
oeuvres oeuvres Nom:Fem+PL
offensée offensé Nom:Fem+SG
offensées offensé Nom:Fem+PL
offense offense Nom:Fem+SG
offensé offensé Nom:Mas+SG
offenses offense Nom:Fem+PL
offensés offensé Nom:Mas+PL
offenseur offenseur Nom:Mas+SG
offenseurs offenseur Nom:Mas+PL
offensive offensive Nom:Fem+SG
offensives offensive Nom:Fem+PL
offertoire offertoire Nom:Mas+SG
office office Nom:Fem+SG
office office Nom:Mas+SG
offices office Nom:Fem+PL
offices office Nom:Mas+PL
offices offices Nom:Mas+PL
officialisation officialisation Nom:Fem+SG
officialisations officialisation Nom:Fem+PL
officialité officialité Nom:Fem+SG
official official Nom:Mas+SG
officiant officiant Nom:Mas+SG
officiants officiant Nom:Mas+PL
officiaux official Nom:Mas+PL
officielle officiel Nom:Fem+SG
officielles officiel Nom:Fem+PL
officiel officiel Nom:Mas+SG
officière officier Nom:Fem+SG
officier officier Nom:Mas+SG
officiers officier Nom:Mas+PL
officine officine Nom:Fem+SG
officines officine Nom:Fem+PL
off off Nom:InvGen+SG
offrande offrande Nom:Fem+SG
offrandes offrande Nom:Fem+PL
offrant offrant Nom:Mas+SG
offre offre Nom:Fem+SG
offres offre Nom:Fem+PL
offres offres Nom:Fem+PL
offset offset Nom:Fem+InvPL
offset offset Nom:Mas+InvPL
offsettiste offsettiste Nom:InvGen+SG
offshore offshore Nom:Mas+InvPL
oflag oflag Nom:Mas+SG
ogham ogham Nom:Mas+SG
ogive ogive Nom:Fem+SG
ogives ogive Nom:Fem+PL
ogre ogre Nom:Mas+SG
ogres ogre Nom:Mas+PL
ogresse ogre Nom:Fem+SG
ogresses ogre Nom:Fem+PL
ohmmètre ohmmètre Nom:Mas+SG
ohm ohm Nom:Mas+SG
ohms ohm Nom:Mas+PL
oïdie oïdie Nom:Fem+SG
oïdium oïdium Nom:Mas+SG
oie oie Nom:Fem+SG
oies oie Nom:Fem+PL
oignonade oignonade Nom:Fem+SG
oignonière oignonière Nom:Fem+SG
oignon oignon Nom:Mas+SG
oignons oignon Nom:Mas+PL
oille oille Nom:Fem+SG
oilles oille Nom:Fem+PL
oïl oïl Nom:Fem+SG
oing oing Nom:Mas+SG
oint oint Nom:Mas+SG
oiseau oiseau Nom:Fem+SG
oiseau oiseau Nom:Mas+SG
oiseaux oiseau Nom:Mas+PL
oiseaux-lyres oiseau-lyre Nom:Mas+PL
oiseaux-mouches oiseau-mouche Nom:Mas+PL
oiseau-lyre oiseau-lyre Nom:Mas+SG
oiseau-mouche oiseau-mouche Nom:Mas+SG
oiselet oiselet Nom:Mas+SG
oiselets oiselet Nom:Mas+PL
oiseleur oiseleur Nom:Mas+SG
oiseleurs oiseleur Nom:Mas+PL
oiselière oiselier Nom:Fem+SG
oiselières oiselier Nom:Fem+PL
oiselier oiselier Nom:Mas+SG
oiseliers oiselier Nom:Mas+PL
oiselle oiselle Nom:Fem+SG
oisellerie oisellerie Nom:Fem+SG
oiselleries oisellerie Nom:Fem+PL
oiselles oiselle Nom:Fem+PL
oisif oisif Nom:Mas+SG
oisifs oisif Nom:Mas+PL
oisillon oisillon Nom:Mas+SG
oisillons oisillon Nom:Mas+PL
oisive oisif Nom:Fem+SG
oisives oisif Nom:Fem+PL
oisiveté oisiveté Nom:Fem+SG
oison oison Nom:Mas+SG
oisons oison Nom:Mas+PL
okapi okapi Nom:Mas+SG
okapis okapi Nom:Mas+PL
okoumé okoumé Nom:Mas+SG
okoumés okoumé Nom:Mas+PL
oléacée oléacée Nom:Fem+SG
oléacées oléacée Nom:Fem+PL
oléagineux oléagineux Nom:Mas+InvPL
oléandomycine oléandomycine Nom:Fem+SG
oléastre oléastre Nom:Mas+SG
oléate oléate Nom:Mas+SG
oléfine oléfine Nom:Fem+SG
oléfines oléfine Nom:Fem+PL
oléiculteur oléiculteur Nom:Mas+SG
oléiculteurs oléiculteur Nom:Mas+PL
oléicultrice oléiculteur Nom:Fem+SG
oléicultrices oléiculteur Nom:Fem+PL
oléiculture oléiculture Nom:Fem+SG
oléine oléine Nom:Fem+SG
oléoduc oléoduc Nom:Mas+SG
oléoducs oléoduc Nom:Mas+PL
oléolat oléolat Nom:Mas+SG
oléomètre oléomètre Nom:Mas+SG
oléorésine oléorésine Nom:Fem+SG
oléum oléum Nom:Mas+SG
olfaction olfaction Nom:Fem+SG
oliban oliban Nom:Mas+SG
olibrius olibrius Nom:Mas+InvPL
olifant olifant Nom:Mas+SG
olifants olifant Nom:Mas+PL
oligarchie oligarchie Nom:Fem+SG
oligarchies oligarchie Nom:Fem+PL
oligarque oligarque Nom:InvGen+SG
oligiste oligiste Nom:Mas+SG
oligochètes oligochète Nom:Mas+PL
oligoclase oligoclase Nom:Fem+SG
oligodendroglie oligodendroglie Nom:Fem+SG
oligophrène oligophrène Nom:InvGen+SG
oligophrénie oligophrénie Nom:Fem+SG
oligopole oligopole Nom:Mas+SG
oligopsone oligopsone Nom:Mas+SG
oligo-élément oligo-élément Nom:Mas+SG
oligurie oligurie Nom:Fem+SG
olim olim Nom:Mas+InvPL
oliphant oliphant Nom:Mas+SG
olivaie olivaie Nom:Fem+SG
olivaies olivaie Nom:Fem+PL
olivaison olivaison Nom:Fem+SG
olive olive Nom:Fem+SG
oliveraie oliveraie Nom:Fem+SG
oliveraies oliveraie Nom:Fem+PL
olives olive Nom:Fem+PL
olives olives Nom:Fem+PL
olivétain olivétain Nom:Mas+SG
olivet olivet Nom:Mas+SG
olivette olivette Nom:Fem+SG
olivettes olivette Nom:Fem+PL
olivier olivier Nom:Mas+SG
oliviers olivier Nom:Mas+PL
olivine olivine Nom:Fem+SG
olivines olivine Nom:Fem+PL
olympe olympe Nom:Mas+SG
olympes olympe Nom:Mas+PL
olympiade olympiade Nom:Fem+SG
olympiades olympiade Nom:Fem+PL
olympisme olympisme Nom:Mas+SG
ombellale ombellale Nom:Fem+SG
ombelle ombelle Nom:Fem+SG
ombelliféracées ombelliféracée Nom:Fem+PL
ombellifère ombellifère Nom:Fem+SG
ombellifères ombellifère Nom:Fem+PL
ombellule ombellule Nom:Fem+SG
ombilicale ombilicale Nom:Fem+SG
ombilicales ombilicale Nom:Fem+PL
ombilic ombilic Nom:Mas+SG
ombilics ombilic Nom:Mas+PL
omble omble Nom:Mas+SG
ombrage ombrage Nom:Mas+SG
ombrages ombrage Nom:Mas+PL
ombrée ombrée Nom:Fem+SG
ombrées ombrée Nom:Fem+PL
ombrelle ombrelle Nom:Fem+SG
ombrelles ombrelle Nom:Fem+PL
ombre ombre Nom:Fem+SG
ombre ombre Nom:Mas+SG
ombres ombre Nom:Fem+PL
ombres ombre Nom:Mas+PL
ombrette ombrette Nom:Fem+SG
ombrienne ombrien Nom:Fem+SG
ombriennes ombrien Nom:Fem+PL
ombrien ombrien Nom:Mas+SG
ombriens ombrien Nom:Mas+PL
ombrine ombrine Nom:Fem+SG
ombudsman ombudsman Nom:Mas+SG
oméga oméga Nom:Mas+InvPL
omelette omelette Nom:Fem+SG
omelettes omelette Nom:Fem+PL
omicron omicron Nom:Mas+InvPL
omis omis Nom:Mas+InvPL
omission omission Nom:Fem+SG
omissions omission Nom:Fem+PL
ommatidie ommatidie Nom:Fem+SG
omnibus omnibus Nom:Mas+InvPL
omnipotence omnipotence Nom:Fem+SG
omnipraticienne omnipraticien Nom:Fem+SG
omnipraticiennes omnipraticien Nom:Fem+PL
omnipraticien omnipraticien Nom:Mas+SG
omnipraticiens omnipraticien Nom:Mas+PL
omniprésence omniprésence Nom:Fem+SG
omniscience omniscience Nom:Fem+SG
omnium omnium Nom:Mas+SG
omniums omnium Nom:Mas+PL
omoplate omoplate Nom:Fem+SG
omoplates omoplate Nom:Fem+PL
onagracée onagracée Nom:Fem+SG
onagracées onagracée Nom:Fem+PL
onagrariacées onagrariacée Nom:Fem+PL
onagrariées onagrariée Nom:Fem+PL
onagre onagre Nom:Fem+SG
onagre onagre Nom:Mas+SG
onagres onagre Nom:Fem+PL
onagres onagre Nom:Mas+PL
onanisme onanisme Nom:Mas+SG
onaniste onaniste Nom:Mas+SG
once once Nom:Fem+SG
onces once Nom:Fem+PL
onchocercose onchocercose Nom:Fem+SG
onciale onciale Nom:Fem+SG
onciales onciale Nom:Fem+PL
oncle oncle Nom:Mas+SG
oncles oncle Nom:Mas+PL
oncologie oncologie Nom:Fem+SG
onction onction Nom:Fem+SG
onctions onction Nom:Fem+PL
onctuosité onctuosité Nom:Fem+SG
ondatra ondatra Nom:Mas+SG
ondée ondée Nom:Fem+SG
ondées ondée Nom:Fem+PL
ondemètre ondemètre Nom:Mas+SG
onde onde Nom:Fem+SG
ondes onde Nom:Fem+PL
ondes ondes Nom:Fem+PL
ondine ondin Nom:Fem+SG
ondines ondin Nom:Fem+PL
ondin ondin Nom:Mas+SG
ondins ondin Nom:Mas+PL
ondoiement ondoiement Nom:Mas+SG
ondulation ondulation Nom:Fem+SG
ondulations ondulation Nom:Fem+PL
onduleur onduleur Nom:Mas+SG
onduleuse onduleuse Nom:Fem+SG
onduleuses onduleuse Nom:Fem+PL
one-man-show one-man-show Nom:Mas+SG
one-step one-step Nom:Mas+InvPL
one-step one-step Nom:Mas+SG
onglée onglée Nom:Fem+SG
onglées onglée Nom:Fem+PL
ongle ongle Nom:Mas+SG
ongles ongle Nom:Mas+PL
onglet onglet Nom:Mas+SG
onglets onglet Nom:Mas+PL
onglette onglette Nom:Fem+SG
onglettes onglette Nom:Fem+PL
onglier onglier Nom:Mas+SG
ongliers onglier Nom:Mas+PL
onglon onglon Nom:Mas+SG
onguent onguent Nom:Mas+SG
onguents onguent Nom:Mas+PL
onguiculé onguiculé Nom:Mas+SG
onirisme onirisme Nom:Mas+SG
onirologie onirologie Nom:Fem+SG
onirologue onirologue Nom:InvGen+SG
oniromancienne oniromancien Nom:Fem+SG
oniromanciennes oniromancien Nom:Fem+PL
oniromancien oniromancien Nom:Mas+SG
oniromancie oniromancie Nom:Fem+SG
onirothérapie onirothérapie Nom:Fem+SG
onomasiologie onomasiologie Nom:Fem+SG
onomastique onomastique Nom:Fem+SG
onomatopée onomatopée Nom:Fem+SG
onomatopées onomatopée Nom:Fem+PL
ontogenèse ontogenèse Nom:Fem+SG
ontogénie ontogénie Nom:Fem+SG
ontologie ontologie Nom:Fem+SG
ontologisme ontologisme Nom:Mas+SG
onychomycose onychomycose Nom:Fem+SG
onychophagie onychophagie Nom:Fem+SG
onychophore onychophore Nom:Mas+SG
onyxis onyxis Nom:Mas+InvPL
onyx onyx Nom:Mas+InvPL
onzain onzain Nom:Mas+SG
onze onze Nom:Mas+InvPL
onzième onzième Nom:Fem+SG
onzième onzième Nom:InvGen+SG
onzième onzième Nom:Mas+SG
onzièmes onzième Nom:Fem+PL
onzièmes onzième Nom:InvGen+PL
onzièmes onzième Nom:Mas+PL
on-dit on-dit Nom:Mas+InvPL
oocyte oocyte Nom:Mas+SG
oogone oogone Nom:Fem+SG
oolite oolite Nom:InvGen+SG
oolithe oolithe Nom:InvGen+SG
o o Nom:Mas+InvPL
oosphère oosphère Nom:Fem+SG
oospore oospore Nom:Fem+SG
oothèque oothèque Nom:Fem+SG
opacifiant opacifiant Nom:Mas+SG
opacification opacification Nom:Fem+SG
opacimétrie opacimétrie Nom:Fem+SG
opacité opacité Nom:Fem+SG
opale opale Nom:Fem+SG
opalescence opalescence Nom:Fem+SG
opales opale Nom:Fem+PL
opaline opaline Nom:Fem+SG
opalines opaline Nom:Fem+PL
opalisation opalisation Nom:Fem+SG
opalisations opalisation Nom:Fem+PL
openfield openfield Nom:Mas+SG
openfields openfield Nom:Mas+PL
open open Nom:Mas+SG
ope ope Nom:InvGen+SG
opérande opérande Nom:Mas+SG
opérandes opérande Nom:Mas+PL
opéra opéra Nom:Mas+SG
opéras opéra Nom:Mas+PL
opéras-comiques opéra-comique Nom:Mas+PL
opérateur opérateur Nom:Mas+SG
opérateurs opérateur Nom:Mas+PL
opérationnisme opérationnisme Nom:Mas+SG
opérationnismes opérationnisme Nom:Mas+PL
opération opération Nom:Fem+SG
opérations opération Nom:Fem+PL
opératrice opérateur Nom:Fem+SG
opératrices opérateur Nom:Fem+PL
opéra-comique opéra-comique Nom:Mas+SG
operculaire operculaire Nom:Fem+SG
operculaire operculaire Nom:Mas+SG
operculaires operculaire Nom:Fem+PL
operculaires operculaire Nom:Mas+PL
opercule opercule Nom:Mas+SG
opercules opercule Nom:Mas+PL
opérée opéré Nom:Fem+SG
opérées opéré Nom:Fem+PL
opéré opéré Nom:Mas+SG
opérés opéré Nom:Mas+PL
opérette opérette Nom:Fem+SG
opérettes opérette Nom:Fem+PL
opéron opéron Nom:Mas+SG
opérons opéron Nom:Mas+PL
opes ope Nom:InvGen+PL
ophicléide ophicléide Nom:Mas+SG
ophidiens ophidien Nom:Mas+PL
ophioglosse ophioglosse Nom:Mas+SG
ophioglosses ophioglosse Nom:Mas+PL
ophiographie ophiographie Nom:Fem+SG
ophiographies ophiographie Nom:Fem+PL
ophiolâtrie ophiolâtrie Nom:Fem+SG
ophiolâtries ophiolâtrie Nom:Fem+PL
ophiolite ophiolite Nom:Fem+SG
ophiologie ophiologie Nom:Fem+SG
ophiologies ophiologie Nom:Fem+PL
ophite ophite Nom:Fem+SG
ophite ophite Nom:InvGen+SG
ophites ophite Nom:Fem+PL
ophites ophite Nom:InvGen+PL
ophiure ophiure Nom:Fem+SG
ophiures ophiure Nom:Fem+PL
ophrys ophrys Nom:Mas+InvPL
ophtalmie ophtalmie Nom:Fem+SG
ophtalmologie ophtalmologie Nom:Fem+SG
ophtalmologiste ophtalmologiste Nom:InvGen+SG
ophtalmologistes ophtalmologiste Nom:InvGen+PL
ophtalmologue ophtalmologue Nom:InvGen+SG
ophtalmologues ophtalmologue Nom:InvGen+PL
ophtalmomètre ophtalmomètre Nom:Mas+SG
ophtalmomètres ophtalmomètre Nom:Mas+PL
ophtalmoscope ophtalmoscope Nom:Mas+SG
ophtalmoscopie ophtalmoscopie Nom:Fem+SG
ophtalmoscopies ophtalmoscopie Nom:Fem+PL
opiacé opiacé Nom:Mas+SG
opiat opiat Nom:Mas+SG
opilions opilion Nom:Mas+PL
opiniâtreté opiniâtreté Nom:Fem+SG
opinion opinion Nom:Fem+SG
opinions opinion Nom:Fem+PL
opinions opinions Nom:Fem+PL
opiomane opiomane Nom:InvGen+SG
opiomanes opiomane Nom:InvGen+PL
opiomanie opiomanie Nom:Fem+SG
opisthobranches opisthobranche Nom:Mas+PL
opisthodome opisthodome Nom:Mas+SG
opisthodomes opisthodome Nom:Mas+PL
opium opium Nom:Mas+SG
opiums opium Nom:Mas+PL
opopanax opopanax Nom:Mas+InvPL
opossum opossum Nom:Mas+SG
opossums opossum Nom:Mas+PL
opothérapie opothérapie Nom:Fem+SG
oppidum oppidum Nom:Mas+SG
oppidums oppidum Nom:Mas+PL
opportunisme opportunisme Nom:Mas+SG
opportunité opportunité Nom:Fem+SG
opportunités opportunité Nom:Fem+PL
opposabilité opposabilité Nom:Fem+SG
opposabilités opposabilité Nom:Fem+PL
opposante opposant Nom:Fem+SG
opposantes opposant Nom:Fem+PL
opposant opposant Nom:Mas+SG
opposants opposant Nom:Mas+PL
opposé opposé Nom:Mas+SG
opposés opposé Nom:Mas+PL
opposite opposite Nom:Mas+SG
oppositionnelle oppositionnel Nom:Fem+SG
oppositionnelles oppositionnel Nom:Fem+PL
oppositionnel oppositionnel Nom:Mas+SG
opposition opposition Nom:Fem+SG
oppositions opposition Nom:Fem+PL
oppresseur oppresseur Nom:Mas+SG
oppresseurs oppresseur Nom:Mas+PL
oppression oppression Nom:Fem+SG
oppressions oppression Nom:Fem+PL
opprimée opprimé Nom:Fem+SG
opprimées opprimé Nom:Fem+PL
opprimé opprimé Nom:Mas+SG
opprimés opprimé Nom:Mas+PL
opprobre opprobre Nom:Mas+SG
opprobres opprobre Nom:Mas+PL
optant optant Nom:Mas+SG
opticienne opticien Nom:Fem+SG
opticiennes opticien Nom:Fem+PL
opticien opticien Nom:Mas+SG
opticiens opticien Nom:Mas+PL
optima optimum Nom:Mas+PL
optimisation optimisation Nom:Fem+SG
optimisations optimisation Nom:Fem+PL
optimisme optimisme Nom:Mas+SG
optimismes optimisme Nom:Mas+PL
optimiste optimiste Nom:InvGen+SG
optimistes optimiste Nom:InvGen+PL
optimum optimum Nom:Mas+SG
optimums optimum Nom:Mas+PL
option option Nom:Fem+SG
options option Nom:Fem+PL
optique optique Nom:Fem+SG
optiques optique Nom:Fem+PL
optométrie optométrie Nom:Fem+SG
optométries optométrie Nom:Fem+PL
opulence opulence Nom:Fem+SG
opuntia opuntia Nom:Mas+SG
opuntias opuntia Nom:Mas+PL
opuscule opuscule Nom:Mas+SG
opuscules opuscule Nom:Mas+PL
opus opus Nom:Mas+InvPL
oracle oracle Nom:Mas+SG
oracles oracle Nom:Mas+PL
orage orage Nom:Mas+SG
orages orage Nom:Mas+PL
oraison oraison Nom:Fem+SG
oraisons oraison Nom:Fem+PL
orale orale Nom:Fem+SG
orales orale Nom:Fem+PL
oral oral Nom:Mas+SG
oranais oranais Nom:Mas+InvPL
orangeade orangeade Nom:Fem+SG
orangeades orangeade Nom:Fem+PL
orange orange Nom:Fem+SG
orange orange Nom:Mas+SG
orangé orangé Nom:Mas+SG
orangeraie orangeraie Nom:Fem+SG
orangeraies orangeraie Nom:Fem+PL
orangerie orangerie Nom:Fem+SG
orangeries orangerie Nom:Fem+PL
oranger oranger Nom:Mas+SG
orangers oranger Nom:Mas+PL
oranges orange Nom:Fem+PL
oranges orange Nom:Mas+PL
orangés orangé Nom:Mas+PL
orangiste orangiste Nom:InvGen+SG
orangistes orangiste Nom:InvGen+PL
orang orang Nom:Mas+SG
orangs orang Nom:Mas+PL
orangs-outangs orang-outang Nom:Mas+PL
orangs-outans orang-outan Nom:Mas+PL
orang-outang orang-outang Nom:Mas+SG
orang-outan orang-outan Nom:Mas+SG
orante orant Nom:Fem+SG
orantes orant Nom:Fem+PL
orants orant Nom:Mas+PL
orateur orateur Nom:Mas+SG
orateurs orateur Nom:Mas+PL
oratoire oratoire Nom:Mas+SG
oratoires oratoire Nom:Mas+PL
oratorio oratorio Nom:Mas+SG
oratorios oratorio Nom:Mas+PL
oratrice orateur Nom:Fem+SG
oratrices orateur Nom:Fem+PL
oraux oral Nom:Mas+PL
orbes orbe Nom:Mas+PL
orbitale orbitale Nom:Fem+SG
orbitales orbitale Nom:Fem+PL
orbite orbite Nom:Fem+SG
orbites orbite Nom:Fem+PL
orcanette orcanette Nom:Fem+SG
orcanettes orcanette Nom:Fem+PL
orchestique orchestique Nom:Fem+SG
orchestrateur orchestrateur Nom:Mas+SG
orchestration orchestration Nom:Fem+SG
orchestrations orchestration Nom:Fem+PL
orchestre orchestre Nom:Mas+SG
orchestres orchestre Nom:Mas+PL
orchidacées orchidacée Nom:Fem+PL
orchidée orchidée Nom:Fem+SG
orchidées orchidée Nom:Fem+PL
orchis orchis Nom:Mas+InvPL
orchite orchite Nom:Fem+SG
ordalie ordalie Nom:Fem+SG
ordalies ordalie Nom:Fem+PL
ordinaire ordinaire Nom:Mas+SG
ordinaires ordinaire Nom:Mas+PL
ordinand ordinand Nom:Mas+SG
ordinands ordinand Nom:Mas+PL
ordinant ordinant Nom:Mas+SG
ordinateur ordinateur Nom:Mas+SG
ordinateurs ordinateur Nom:Mas+PL
ordination ordination Nom:Fem+SG
ordinations ordination Nom:Fem+PL
ordonnancement ordonnancement Nom:Mas+SG
ordonnancements ordonnancement Nom:Mas+PL
ordonnance ordonnance Nom:Fem+SG
ordonnance ordonnance Nom:InvGen+SG
ordonnances ordonnance Nom:Fem+PL
ordonnances ordonnance Nom:InvGen+PL
ordonnances ordonnances Nom:Fem+PL
ordonnateur ordonnateur Nom:Mas+SG
ordonnateurs ordonnateur Nom:Mas+PL
ordonnatrice ordonnateur Nom:Fem+SG
ordonnatrices ordonnateur Nom:Fem+PL
ordonnée ordonnée Nom:Fem+SG
ordonnées ordonnée Nom:Fem+PL
ordo ordo Nom:Mas+InvPL
ordovicien ordovicien Nom:Mas+SG
ordoviciens ordovicien Nom:Mas+PL
ordre ordre Nom:Mas+SG
ordres ordre Nom:Mas+PL
ordure ordure Nom:Fem+SG
ordures ordure Nom:Fem+PL
ordures ordures Nom:Fem+PL
oréade oréade Nom:Fem+SG
orée orée Nom:Fem+SG
orées orée Nom:Fem+PL
oreille oreille Nom:Fem+SG
oreiller oreiller Nom:Mas+SG
oreillers oreiller Nom:Mas+PL
oreilles oreille Nom:Fem+PL
oreilles-de-mer oreille-de-mer Nom:Fem+PL
oreilles-de-souris oreille-de-souris Nom:Fem+PL
oreillette oreillette Nom:Fem+SG
oreillettes oreillette Nom:Fem+PL
oreille-de-mer oreille-de-mer Nom:Fem+SG
oreille-de-souris oreille-de-souris Nom:Fem+SG
oreillon oreillon Nom:Mas+SG
oreillons oreillon Nom:Mas+PL
oreillons oreillons Nom:Mas+PL
oréopithèque oréopithèque Nom:Mas+SG
orfèvre orfèvre Nom:InvGen+SG
orfèvrerie orfèvrerie Nom:Fem+SG
orfèvreries orfèvrerie Nom:Fem+PL
orfèvres orfèvre Nom:InvGen+PL
orfraie orfraie Nom:Fem+SG
orfraies orfraie Nom:Fem+PL
orfroi orfroi Nom:Mas+SG
organdi organdi Nom:Mas+SG
organdis organdi Nom:Mas+PL
organeau organeau Nom:Mas+SG
organeaux organeau Nom:Mas+PL
organe organe Nom:Mas+SG
organes organes Nom:Mas+PL
organicisme organicisme Nom:Mas+SG
organiciste organiciste Nom:InvGen+SG
organigramme organigramme Nom:Mas+SG
organigrammes organigramme Nom:Mas+PL
organisation organisation Nom:Fem+SG
organisations organisation Nom:Fem+PL
organisatrice organisateur Nom:Fem+SG
organisatrices organisateur Nom:Fem+PL
organisme organisme Nom:Mas+SG
organismes organisme Nom:Mas+PL
organiste organiste Nom:InvGen+SG
organistes organiste Nom:InvGen+PL
organite organite Nom:Mas+SG
organites organite Nom:Mas+PL
organologie organologie Nom:Fem+SG
organothérapie organothérapie Nom:Fem+SG
organsinage organsinage Nom:Mas+SG
organsinages organsinage Nom:Mas+PL
organsin organsin Nom:Mas+SG
organsins organsin Nom:Mas+PL
orgasme orgasme Nom:Mas+SG
orgasmes orgasme Nom:Mas+PL
orgeat orgeat Nom:Mas+SG
orgeats orgeat Nom:Mas+PL
orgelet orgelet Nom:Mas+SG
orgelets orgelet Nom:Mas+PL
orge orge Nom:Fem+SG
orge orge Nom:Mas+SG
orges orge Nom:Fem+PL
orges orge Nom:Mas+PL
orgie orgie Nom:Fem+SG
orgies orgie Nom:Fem+PL
orgies orgies Nom:Fem+PL
orgueilleuse orgueilleux Nom:Fem+SG
orgueilleuses orgueilleux Nom:Fem+PL
orgueilleux orgueilleux Nom:Mas+InvPL
orgueil orgueil Nom:Mas+SG
orgueils orgueil Nom:Mas+PL
orgue orgue Nom:Mas+SG
orgues orgue Nom:InvGen+PL
orgues orgues Nom:Fem+PL
oribus oribus Nom:Mas+InvPL
orichalque orichalque Nom:Mas+SG
oriel oriel Nom:Mas+SG
orientalisme orientalisme Nom:Mas+SG
orientaliste orientaliste Nom:InvGen+SG
orientalistes orientaliste Nom:InvGen+PL
oriental oriental Nom:Mas+SG
orientation orientation Nom:Fem+SG
orientations orientation Nom:Fem+PL
orientaux oriental Nom:Mas+PL
orientement orientement Nom:Mas+SG
orienteur orienteur Nom:Mas+SG
orienteurs orienteur Nom:Mas+PL
orient orient Nom:Mas+SG
orients orient Nom:Mas+PL
orifice orifice Nom:Mas+SG
orifices orifice Nom:Mas+PL
oriflamme oriflamme Nom:Fem+SG
oriflammes oriflamme Nom:Fem+PL
origan origan Nom:Mas+SG
originale original Nom:Fem+SG
originales original Nom:Fem+PL
originalité originalité Nom:Fem+SG
originalités originalité Nom:Fem+PL
originaux original Nom:Mas+PL
origine origine Nom:Fem+SG
origines origine Nom:Fem+PL
origines origines Nom:Fem+PL
orignal orignal Nom:Mas+SG
orignaux orignal Nom:Mas+PL
orillon orillon Nom:Mas+SG
orillons orillon Nom:Mas+PL
orin orin Nom:Mas+SG
orins orin Nom:Mas+PL
oripeau oripeau Nom:Mas+SG
oripeaux oripeau Nom:Mas+PL
oripeaux oripeaux Nom:Mas+PL
orléanais orléanais Nom:Mas+InvPL
orléaniste orléaniste Nom:InvGen+SG
orle orle Nom:Mas+SG
orlon orlon Nom:Mas+SG
orlons orlon Nom:Mas+PL
ormaie ormaie Nom:Fem+SG
ormaies ormaie Nom:Fem+PL
ormeau ormeau Nom:Mas+SG
ormeaux ormeau Nom:Mas+PL
orme orme Nom:Mas+SG
ormes orme Nom:Mas+PL
ormille ormille Nom:Fem+SG
ormilles ormille Nom:Fem+PL
ormoie ormoie Nom:Fem+SG
ormoies ormoie Nom:Fem+PL
ornementale ornementale Nom:Fem+SG
ornementales ornementale Nom:Fem+PL
ornementation ornementation Nom:Fem+SG
ornementations ornementation Nom:Fem+PL
ornement ornement Nom:Mas+SG
ornements ornement Nom:Mas+PL
orne orne Nom:Mas+SG
ornes orne Nom:Mas+PL
ornière ornière Nom:Fem+SG
ornières ornière Nom:Fem+PL
ornières ornières Nom:Fem+PL
ornithogale ornithogale Nom:Mas+SG
ornithogales ornithogale Nom:Mas+PL
ornithologie ornithologie Nom:Fem+SG
ornithologiste ornithologiste Nom:InvGen+SG
ornithologistes ornithologiste Nom:InvGen+PL
ornithologue ornithologue Nom:InvGen+SG
ornithologues ornithologue Nom:InvGen+PL
ornithomancie ornithomancie Nom:Fem+SG
ornithomancies ornithomancie Nom:Fem+PL
ornithorynque ornithorynque Nom:Mas+SG
ornithorynques ornithorynque Nom:Mas+PL
orobanche orobanche Nom:Fem+SG
orobanches orobanche Nom:Fem+PL
orobe orobe Nom:Mas+SG
orobes orobe Nom:Mas+PL
orogenèse orogenèse Nom:Fem+SG
orogenèses orogenèse Nom:Fem+PL
orogénie orogénie Nom:Fem+SG
orogénies orogénie Nom:Fem+PL
orographie orographie Nom:Fem+SG
orographies orographie Nom:Fem+PL
oronge oronge Nom:Fem+SG
oronges oronge Nom:Fem+PL
oropharynx oropharynx Nom:Mas+InvPL
or or Nom:Mas+SG
orpaillage orpaillage Nom:Mas+SG
orpaillages orpaillage Nom:Mas+PL
orpailleur orpailleur Nom:Mas+SG
orphelinage orphelinage Nom:Mas+SG
orphelinat orphelinat Nom:Mas+SG
orphelinats orphelinat Nom:Mas+PL
orpheline orphelin Nom:Fem+SG
orphelines orphelines Nom:Fem+PL
orphelines orphelin Nom:Fem+PL
orphelin orphelin Nom:Mas+SG
orphelins orphelin Nom:Mas+PL
orphéoniste orphéoniste Nom:InvGen+SG
orphéonistes orphéoniste Nom:InvGen+PL
orphéon orphéon Nom:Mas+SG
orphéons orphéon Nom:Mas+PL
orphie orphie Nom:Fem+SG
orphies orphie Nom:Fem+PL
orphisme orphisme Nom:Mas+SG
orpiment orpiment Nom:Mas+SG
orpin orpin Nom:Mas+SG
orque orque Nom:Fem+SG
orques orque Nom:Fem+PL
orseille orseille Nom:Fem+SG
orseilles orseille Nom:Fem+PL
ors or Nom:Mas+PL
orteil orteil Nom:Mas+SG
orteils orteil Nom:Mas+PL
orthocentre orthocentre Nom:Mas+SG
orthocentres orthocentre Nom:Mas+PL
orthodontie orthodontie Nom:Fem+SG
orthodonties orthodontie Nom:Fem+PL
orthodontiste orthodontiste Nom:InvGen+SG
orthodoxe orthodoxe Nom:InvGen+SG
orthodoxes orthodoxe Nom:InvGen+PL
orthodoxie orthodoxie Nom:Fem+SG
orthodoxies orthodoxie Nom:Fem+PL
orthogenèse orthogenèse Nom:Fem+SG
orthogenèses orthogenèse Nom:Fem+PL
orthogénie orthogénie Nom:Fem+SG
orthogonalité orthogonalité Nom:Fem+SG
orthogonalités orthogonalité Nom:Fem+PL
orthographe orthographe Nom:Fem+SG
orthographes orthographe Nom:Fem+PL
orthographie orthographie Nom:Fem+SG
orthographies orthographie Nom:Fem+PL
orthopédie orthopédie Nom:Fem+SG
orthopédiste orthopédiste Nom:InvGen+SG
orthopédistes orthopédiste Nom:InvGen+PL
orthophonie orthophonie Nom:Fem+SG
orthophoniste orthophoniste Nom:InvGen+SG
orthophonistes orthophoniste Nom:InvGen+PL
orthoptères orthoptère Nom:Mas+PL
orthoptiste orthoptiste Nom:InvGen+SG
orthoscopie orthoscopie Nom:Fem+SG
orthose orthose Nom:Fem+SG
orthostate orthostate Nom:Mas+SG
orthostatisme orthostatisme Nom:Mas+SG
ortie ortie Nom:Fem+SG
orties ortie Nom:Fem+PL
ortolan ortolan Nom:Mas+SG
ortolans ortolan Nom:Mas+PL
orvale orvale Nom:Fem+SG
orvet orvet Nom:Mas+SG
orvets orvet Nom:Mas+PL
orviétan orviétan Nom:Mas+SG
oryctérope oryctérope Nom:Mas+SG
oryx oryx Nom:Mas+InvPL
oscabrion oscabrion Nom:Mas+SG
oscar oscar Nom:Mas+SG
oscars oscar Nom:Mas+PL
oscillaire oscillaire Nom:Fem+SG
oscillateur oscillateur Nom:Mas+SG
oscillateurs oscillateur Nom:Mas+PL
oscillation oscillation Nom:Fem+SG
oscillations oscillation Nom:Fem+PL
oscillogramme oscillogramme Nom:Mas+SG
oscillographe oscillographe Nom:Mas+SG
oscillomètre oscillomètre Nom:Mas+SG
oscillométrie oscillométrie Nom:Fem+SG
oscilloscope oscilloscope Nom:Mas+SG
osculation osculation Nom:Fem+SG
oscule oscule Nom:Mas+SG
oseille oseille Nom:Fem+SG
oseilles oseille Nom:Fem+PL
ose ose Nom:Mas+SG
oseraie oseraie Nom:Fem+SG
oses ose Nom:Mas+PL
oside oside Nom:Mas+SG
osiériculture osiériculture Nom:Fem+SG
osier osier Nom:Mas+SG
osiers osier Nom:Mas+PL
osmiridium osmiridium Nom:Mas+SG
osmium osmium Nom:Mas+SG
osmiure osmiure Nom:Mas+SG
osmomètre osmomètre Nom:Mas+SG
osmométrie osmométrie Nom:Fem+SG
osmonde osmonde Nom:Fem+SG
osmose osmose Nom:Fem+SG
osmoses osmose Nom:Fem+PL
os os Nom:Mas+InvPL
osque osque Nom:InvGen+SG
osque osque Nom:Mas+SG
osques osque Nom:InvGen+PL
osques osque Nom:Mas+PL
ossature ossature Nom:Fem+SG
ossatures ossature Nom:Fem+PL
osséine osséine Nom:Fem+SG
osselet osselet Nom:Mas+SG
osselets osselet Nom:Mas+PL
ossements ossement Nom:Mas+PL
ossète ossète Nom:Mas+SG
ossètes ossète Nom:Mas+PL
ossianisme ossianisme Nom:Mas+SG
ossification ossification Nom:Fem+SG
osso-bucco osso-bucco Nom:Mas+InvPL
ossuaire ossuaire Nom:Mas+SG
ossuaires ossuaire Nom:Mas+PL
ostéalgie ostéalgie Nom:Fem+SG
ostéite ostéite Nom:Fem+SG
ostensoir ostensoir Nom:Mas+SG
ostensoirs ostensoir Nom:Mas+PL
ostentation ostentation Nom:Fem+SG
ostéoblaste ostéoblaste Nom:Mas+SG
ostéochondrite ostéochondrite Nom:Fem+SG
ostéochondromatose ostéochondromatose Nom:Fem+SG
ostéochondrose ostéochondrose Nom:Fem+SG
ostéoclasie ostéoclasie Nom:Fem+SG
ostéoclaste ostéoclaste Nom:Mas+SG
ostéodynie ostéodynie Nom:Fem+SG
ostéogenèse ostéogenèse Nom:Fem+SG
ostéolithe ostéolithe Nom:Mas+SG
ostéologie ostéologie Nom:Fem+SG
ostéolyse ostéolyse Nom:Fem+SG
ostéomalacie ostéomalacie Nom:Fem+SG
ostéome ostéome Nom:Mas+SG
ostéomyélite ostéomyélite Nom:Fem+SG
ostéonécrose ostéonécrose Nom:Fem+SG
ostéopathe ostéopathe Nom:InvGen+SG
ostéopathie ostéopathie Nom:Fem+SG
ostéophone ostéophone Nom:Mas+SG
ostéophyte ostéophyte Nom:Mas+SG
ostéoplaste ostéoplaste Nom:Mas+SG
ostéoplastie ostéoplastie Nom:Fem+SG
ostéoporose ostéoporose Nom:Fem+SG
ostéosarcome ostéosarcome Nom:Mas+SG
ostéose ostéose Nom:Fem+SG
ostéosynthèse ostéosynthèse Nom:Fem+SG
ostéotomie ostéotomie Nom:Fem+SG
ostiak ostiak Nom:Mas+SG
ostinato ostinato Nom:Mas+SG
ostiole ostiole Nom:Mas+SG
osto osto Nom:Mas+SG
ost ost Nom:Mas+InvPL
ostracisme ostracisme Nom:Mas+SG
ostracismes ostracisme Nom:Mas+PL
ostracode ostracode Nom:Mas+SG
ostracon ostracon Nom:Mas+SG
ostréiculteur ostréiculteur Nom:Mas+SG
ostréiculteurs ostréiculteur Nom:Mas+PL
ostréicultrice ostréiculteur Nom:Fem+SG
ostréicultrices ostréiculteur Nom:Fem+PL
ostréiculture ostréiculture Nom:Fem+SG
ostréidés ostréidé Nom:Mas+PL
ostrogote ostrogot Nom:Fem+SG
ostrogothe ostrogoth Nom:Fem+SG
ostrogothes ostrogoth Nom:Fem+PL
ostrogoth ostrogoth Nom:Mas+SG
ostrogoths ostrogoth Nom:Mas+PL
ostrogot ostrogot Nom:Mas+SG
otage otage Nom:Mas+SG
otages otage Nom:Mas+PL
otalgie otalgie Nom:Fem+SG
otarie otarie Nom:Fem+SG
otaries otarie Nom:Fem+PL
otite otite Nom:Fem+SG
otites otite Nom:Fem+PL
otoconie otoconie Nom:Fem+SG
otocyon otocyon Nom:Mas+SG
otocyste otocyste Nom:Mas+SG
otolithe otolithe Nom:Fem+SG
otolithe otolithe Nom:Mas+SG
otologie otologie Nom:Fem+SG
otomi otomi Nom:Mas+SG
otoplastie otoplastie Nom:Fem+SG
otorragie otorragie Nom:Fem+SG
otorrhée otorrhée Nom:Fem+SG
otoscope otoscope Nom:Mas+SG
otospongiose otospongiose Nom:Fem+SG
oto-rhino oto-rhino Nom:Mas+SG
oto-rhinos oto-rhino Nom:Mas+PL
oto-rhino-laryngologie oto-rhino-laryngologie Nom:Fem+SG
oto-rhino-laryngologiste oto-rhino-laryngologiste Nom:InvGen+SG
oto-rhino-laryngologistes oto-rhino-laryngologiste Nom:InvGen+PL
ottomane ottomane Nom:Fem+SG
ottomane ottoman Nom:Fem+SG
ottomanes ottomane Nom:Fem+PL
ottomanes ottoman Nom:Fem+PL
ouabaïne ouabaïne Nom:Fem+SG
ouaille ouaille Nom:Fem+SG
ouailles ouaille Nom:Fem+PL
ouailles ouailles Nom:Fem+PL
ouananiche ouananiche Nom:Fem+SG
ouaouaron ouaouaron Nom:Mas+SG
ouarine ouarine Nom:Mas+SG
ouate ouate Nom:Fem+SG
ouaterie ouaterie Nom:Fem+SG
ouates ouate Nom:Fem+PL
ouatine ouatine Nom:Fem+SG
ouatines ouatine Nom:Fem+PL
oublie oublie Nom:Fem+SG
oublies oublie Nom:Fem+PL
oubliette oubliette Nom:Fem+SG
oubliettes oubliette Nom:Fem+PL
oublieuse oublieux Nom:Fem+SG
oublieuses oublieux Nom:Fem+PL
oublieux oublieux Nom:Mas+InvPL
oubli oubli Nom:Mas+SG
oublis oubli Nom:Mas+PL
ouche ouche Nom:Fem+SG
oued oued Nom:Mas+SG
oueds oued Nom:Mas+PL
ouest ouest Nom:Mas+SG
ougrien ougrien Nom:Mas+SG
ougriens ougrien Nom:Mas+PL
ouguiya ouguiya Nom:Mas+SG
ouïe ouïe Nom:Fem+SG
ouïes ouïe Nom:Fem+PL
ouïes ouïes Nom:Fem+PL
ouïghour ouïghour Nom:InvGen+SG
ouïghour ouïghour Nom:Mas+SG
ouillage ouillage Nom:Mas+SG
ouillages ouillage Nom:Mas+PL
ouillère ouillère Nom:Fem+SG
oui oui Nom:Mas+InvPL
ouistiti ouistiti Nom:Mas+SG
ouistitis ouistiti Nom:Mas+PL
ouï-dire ouï-dire Nom:Mas+InvPL
oukase oukase Nom:Mas+SG
oukases oukase Nom:Mas+PL
ouléma ouléma Nom:Mas+SG
oulémas ouléma Nom:Mas+PL
oulice oulice Nom:Fem+SG
oumiak oumiak Nom:Mas+SG
ouragan ouragan Nom:Mas+SG
ouragans ouragan Nom:Mas+PL
ourdissage ourdissage Nom:Mas+SG
ourdissages ourdissage Nom:Mas+PL
ourdisseur ourdisseur Nom:Mas+SG
ourdisseuse ourdisseur Nom:Fem+SG
ourdissoir ourdissoir Nom:Mas+SG
ourdou ourdou Nom:Mas+SG
ourdous ourdou Nom:Mas+PL
ourles ourles Nom:Mas+PL
ourlet ourlet Nom:Mas+SG
ourlets ourlet Nom:Mas+PL
ourse ourse Nom:Fem+SG
ourse ours Nom:Fem+SG
ourses ourse Nom:Fem+PL
ourses ours Nom:Fem+PL
oursin oursin Nom:Mas+SG
oursins oursin Nom:Mas+PL
ourson ourson Nom:Mas+SG
oursons ourson Nom:Mas+PL
ours ours Nom:Mas+InvPL
outang outang Nom:Mas+SG
outangs outang Nom:Mas+PL
outan outan Nom:Mas+SG
outans outan Nom:Mas+PL
outardeau outardeau Nom:Mas+SG
outardeaux outardeau Nom:Mas+PL
outarde outarde Nom:Fem+SG
outardes outarde Nom:Fem+PL
outillage outillage Nom:Mas+SG
outillages outillage Nom:Mas+PL
outilleur outilleur Nom:Mas+SG
outilleurs outilleur Nom:Mas+PL
outil outil Nom:Mas+SG
outils outil Nom:Mas+PL
outlaw outlaw Nom:Mas+SG
output output Nom:Mas+SG
outrage outrage Nom:Mas+SG
outrages outrage Nom:Mas+PL
outrance outrance Nom:Fem+SG
outrances outrance Nom:Fem+PL
outrecuidance outrecuidance Nom:Fem+SG
outremer outremer Nom:Mas+SG
outre outre Nom:Fem+SG
outrepasse outrepasse Nom:Fem+SG
outres outre Nom:Fem+PL
outsider outsider Nom:InvGen+SG
outsider outsider Nom:Mas+SG
outsiders outsider Nom:InvGen+PL
outsiders outsider Nom:Mas+PL
ouvala ouvala Nom:Fem+SG
ouvert ouvert Nom:Mas+SG
ouverts ouvert Nom:Mas+PL
ouverture ouverture Nom:Fem+SG
ouvertures ouverture Nom:Fem+PL
ouvertures ouvertures Nom:Fem+PL
ouvrabilité ouvrabilité Nom:Fem+SG
ouvrage ouvrage Nom:Mas+SG
ouvrages ouvrage Nom:Mas+PL
ouvraison ouvraison Nom:Fem+SG
ouvrant ouvrant Nom:Mas+SG
ouvrants ouvrant Nom:Mas+PL
ouvrants ouvrants Nom:Mas+PL
ouvreau ouvreau Nom:Mas+SG
ouvreaux ouvreau Nom:Mas+PL
ouvreur ouvreur Nom:Mas+SG
ouvreurs ouvreur Nom:Mas+PL
ouvreuse ouvreur Nom:Fem+SG
ouvreuse ouvreuse Nom:Fem+SG
ouvreuses ouvreur Nom:Fem+PL
ouvreuses ouvreuse Nom:Fem+PL
ouvre-boîte ouvre-boîte Nom:Mas+SG
ouvre-boîtes ouvre-boîte Nom:Mas+PL
ouvre-boîtes ouvre-boîtes Nom:Mas+InvPL
ouvre-bouteille ouvre-bouteille Nom:Mas+SG
ouvre-bouteilles ouvre-bouteille Nom:Mas+PL
ouvre-bouteilles ouvre-bouteilles Nom:Mas+InvPL
ouvre-gant ouvre-gant Nom:Mas+SG
ouvre-gants ouvre-gant Nom:Mas+PL
ouvre-gants ouvre-gants Nom:Mas+InvPL
ouvre-huître ouvre-huître Nom:Mas+SG
ouvre-huîtres ouvre-huître Nom:Mas+PL
ouvre-huîtres ouvre-huîtres Nom:Mas+InvPL
ouvrière ouvrière Nom:Fem+SG
ouvrière ouvrier Nom:Fem+SG
ouvrières ouvrière Nom:Fem+PL
ouvrières ouvrier Nom:Fem+PL
ouvriérisme ouvriérisme Nom:Mas+SG
ouvriériste ouvriériste Nom:InvGen+SG
ouvrier ouvrier Nom:Mas+SG
ouvriers ouvrier Nom:Mas+PL
ouvroir ouvroir Nom:Mas+SG
ouvroirs ouvroir Nom:Mas+PL
ouzbek ouzbek Nom:InvGen+SG
ouzbek ouzbek Nom:Mas+SG
ouzbeks ouzbek Nom:InvGen+PL
ouzo ouzo Nom:Mas+SG
ovaire ovaire Nom:Mas+SG
ovaires ovaire Nom:Mas+PL
ovalbumine ovalbumine Nom:Fem+SG
ovale ovale Nom:Mas+SG
ovales ovale Nom:Mas+PL
ovalisation ovalisation Nom:Fem+SG
ovalisations ovalisation Nom:Fem+PL
ovariectomie ovariectomie Nom:Fem+SG
ovariotomie ovariotomie Nom:Fem+SG
ovarite ovarite Nom:Fem+SG
ovate ovate Nom:Mas+SG
ovation ovation Nom:Fem+SG
ovations ovation Nom:Fem+PL
ove ove Nom:Mas+SG
overdose overdose Nom:Fem+SG
overdoses overdose Nom:Fem+PL
ovibos ovibos Nom:Mas+InvPL
ovidés ovidé Nom:Mas+PL
oviducte oviducte Nom:Mas+SG
oviné oviné Nom:Mas+SG
ovinés oviné Nom:Mas+PL
ovin ovin Nom:Mas+SG
ovins ovin Nom:Mas+PL
ovipare ovipare Nom:Mas+SG
ovipares ovipare Nom:Mas+PL
oviparité oviparité Nom:Fem+SG
ovipositeur ovipositeur Nom:Mas+SG
oviscapte oviscapte Nom:Mas+SG
ovni ovni Nom:Mas+SG
ovnis ovni Nom:Mas+PL
ovocyte ovocyte Nom:Mas+SG
ovogenèse ovogenèse Nom:Fem+SG
ovogonie ovogonie Nom:Fem+SG
ovotide ovotide Nom:Mas+SG
ovoviviparité ovoviviparité Nom:Fem+SG
ovulation ovulation Nom:Fem+SG
ovulations ovulation Nom:Fem+PL
ovule ovule Nom:Fem+SG
ovule ovule Nom:Mas+SG
ovules ovule Nom:Fem+PL
ovules ovule Nom:Mas+PL
oxacide oxacide Nom:Mas+SG
oxalate oxalate Nom:Mas+SG
oxalémie oxalémie Nom:Fem+SG
oxalurie oxalurie Nom:Fem+SG
oxfordien oxfordien Nom:Mas+SG
oxford oxford Nom:Mas+SG
oxime oxime Nom:Fem+SG
oxonium oxonium Nom:Mas+SG
oxyacide oxyacide Nom:Mas+SG
oxycarbonémie oxycarbonémie Nom:Fem+SG
oxycarbonisme oxycarbonisme Nom:Mas+SG
oxychlorure oxychlorure Nom:Mas+SG
oxycoupage oxycoupage Nom:Mas+SG
oxycyanure oxycyanure Nom:Mas+SG
oxydant oxydant Nom:Mas+SG
oxydants oxydant Nom:Mas+PL
oxydase oxydase Nom:Fem+SG
oxydation oxydation Nom:Fem+SG
oxydations oxydation Nom:Fem+PL
oxyde oxyde Nom:Mas+SG
oxydes oxyde Nom:Mas+PL
oxydoréductase oxydoréductase Nom:Fem+SG
oxydoréductimétrie oxydoréductimétrie Nom:Fem+SG
oxydoréduction oxydoréduction Nom:Fem+SG
oxygénateur oxygénateur Nom:Mas+SG
oxygénation oxygénation Nom:Fem+SG
oxygénations oxygénation Nom:Fem+PL
oxygène oxygène Nom:Mas+SG
oxygénothérapie oxygénothérapie Nom:Fem+SG
oxyhémoglobine oxyhémoglobine Nom:Fem+SG
oxylithe oxylithe Nom:Fem+SG
oxymel oxymel Nom:Mas+SG
oxymétrie oxymétrie Nom:Fem+SG
oxymoron oxymoron Nom:Mas+SG
oxysel oxysel Nom:Mas+SG
oxysulfure oxysulfure Nom:Mas+SG
oxyton oxyton Nom:Mas+SG
oxyure oxyure Nom:Mas+SG
oxyurose oxyurose Nom:Fem+SG
oyat oyat Nom:Mas+SG
ozène ozène Nom:Mas+SG
ozéneux ozéneux Nom:Mas+InvPL
ozocérite ozocérite Nom:Fem+SG
ozokérite ozokérite Nom:Fem+SG
ozonateur ozonateur Nom:Mas+SG
ozone ozone Nom:Mas+SG
ozones ozone Nom:Mas+PL
ozoneur ozoneur Nom:Mas+SG
ozonide ozonide Nom:Mas+SG
ozonisateur ozonisateur Nom:Mas+SG
ozonisation ozonisation Nom:Fem+SG
ozonisations ozonisation Nom:Fem+PL
ozoniseur ozoniseur Nom:Mas+SG
ozonosphère ozonosphère Nom:Fem+SG
yeux oeil Nom:Mas+PL
