q q Nom:Mas+InvPL
quadragénaire quadragénaire Nom:InvGen+SG
quadragénaires quadragénaire Nom:InvGen+PL
quadragésime quadragésime Nom:Fem+SG
quadrangle quadrangle Nom:Mas+SG
quadrant quadrant Nom:Mas+SG
quadrants quadrant Nom:Mas+PL
quadrature quadrature Nom:Fem+SG
quadrette quadrette Nom:Fem+SG
quadriceps quadriceps Nom:Mas+InvPL
quadrichromie quadrichromie Nom:Fem+SG
quadrige quadrige Nom:Mas+SG
quadrijumeaux quadrijumeau Nom:Mas+PL
quadrilatère quadrilatère Nom:Mas+SG
quadrilatères quadrilatère Nom:Mas+PL
quadrillage quadrillage Nom:Mas+SG
quadrillages quadrillage Nom:Mas+PL
quadrille quadrille Nom:Fem+SG
quadrilles quadrille Nom:Fem+PL
quadrillion quadrillion Nom:SG+Card
quadrillions quadrillion Nom:Mas+PL
quadrilobe quadrilobe Nom:Mas+SG
quadrimoteur quadrimoteur Nom:Mas+SG
quadriphonie quadriphonie Nom:Fem+SG
quadriplégie quadriplégie Nom:Fem+SG
quadripôle quadripôle Nom:Mas+SG
quadrique quadrique Nom:Fem+SG
quadriques quadrique Nom:Fem+PL
quadriréacteur quadriréacteur Nom:Mas+SG
quadrirème quadrirème Nom:Fem+SG
quadrisyllabe quadrisyllabe Nom:Mas+SG
quadrupèdes quadrupède Nom:Mas+PL
quadrupédie quadrupédie Nom:Fem+SG
quadruplée quadruplé Nom:Fem+SG
quadruplées quadruplé Nom:Fem+PL
quadruple quadruple Nom:Mas+SG
quadruplé quadruplé Nom:Mas+SG
quadruples quadruple Nom:Mas+PL
quadruplés quadruplé Nom:Mas+PL
quadruplex quadruplex Nom:Mas+InvPL
quai quai Nom:Mas+SG
quais quai Nom:Mas+PL
quakeresse quaker Nom:Fem+SG
quaker quaker Nom:Mas+SG
qualificatifs qualificatif Nom:Mas+PL
qualification qualification Nom:Fem+SG
qualifications qualification Nom:Fem+PL
qualitatif qualitatif Nom:Mas+SG
qualitatifs qualitatif Nom:Mas+PL
qualité qualité Nom:Fem+SG
qualités qualité Nom:Fem+PL
qualités qualités Nom:Fem+PL
quanta quantum Nom:Mas+PL
quanteur quanteur Nom:Mas+SG
quantième quantième Nom:Mas+SG
quantièmes quantième Nom:Mas+PL
quantificateur quantificateur Nom:Mas+SG
quantificateurs quantificateur Nom:Mas+PL
quantification quantification Nom:Fem+SG
quantifications quantification Nom:Fem+PL
quantité quantité Nom:Fem+SG
quantités quantité Nom:Fem+PL
quarantaine quarantaine Nom:Fem+PL
quarantaine quarantaine Nom:Fem+SG
quarantaines quarantaine Nom:Fem+PL
quark quark Nom:Mas+SG
quartage quartage Nom:Mas+SG
quartages quartage Nom:Mas+PL
quartanier quartanier Nom:Mas+SG
quartannier quartannier Nom:Mas+SG
quartation quartation Nom:Fem+SG
quartations quartation Nom:Fem+PL
quartaut quartaut Nom:Mas+SG
quartenier quartenier Nom:Mas+SG
quarte quarte Nom:Fem+SG
quarté quarté Nom:Mas+SG
quarteronne quarteron Nom:Fem+SG
quarteronnes quarteron Nom:Fem+PL
quarteron quarteron Nom:Mas+SG
quartes quarte Nom:Fem+PL
quartette quartette Nom:Mas+SG
quartidi quartidi Nom:Mas+SG
quartier quartier Nom:Fem+SG
quartier quartier Nom:Mas+SG
quartiers quartier Nom:Fem+PL
quartiers quartier Nom:Mas+PL
quartiers-maîtres quartier-maître Nom:Mas+PL
quartier-maître quartier-maître Nom:Mas+SG
quartile quartile Nom:Mas+SG
quart quart Nom:Mas+SG
quarts quart Nom:Mas+PL
quartzite quartzite Nom:Mas+SG
quartz quartz Nom:Mas+InvPL
quasar quasar Nom:Mas+SG
quasimodo quasimodo Nom:Fem+SG
quasi quasi Nom:Mas+SG
quasis quasi Nom:Mas+PL
quasi-délit quasi-délit Nom:Mas+SG
quasi-délits quasi-délit Nom:Mas+PL
quassia quassia Nom:Mas+SG
quassias quassia Nom:Mas+PL
quassier quassier Nom:Mas+SG
quassiers quassier Nom:Mas+PL
quassine quassine Nom:Fem+SG
quaternaire quaternaire Nom:Mas+SG
quaternaires quaternaire Nom:Mas+PL
quaterne quaterne Nom:Mas+SG
quaternion quaternion Nom:Mas+SG
quatorze quatorze Nom:Mas+InvPL
quatorzième quatorzième Nom:InvGen+SG
quatorzième quatorzième Nom:Mas+SG
quatorzièmes quatorzième Nom:InvGen+PL
quatorzièmes quatorzième Nom:Mas+PL
quatrain quatrain Nom:Mas+SG
quatrains quatrain Nom:Mas+PL
quatre-de-chiffre quatre-de-chiffre Nom:Mas+InvPL
quatre-épices quatre-épices Nom:Fem+InvPL
quatre-épices quatre-épices Nom:Mas+InvPL
quatre-feuilles quatre-feuilles Nom:Mas+InvPL
quatre-huit quatre-huit Nom:Mas+InvPL
quatre-mâts quatre-mâts Nom:Mas+InvPL
quatre-quarts quatre-quarts Nom:Mas+InvPL
quatre-saisons quatre-saisons Nom:Fem+InvPL
quatre-temps quatre-temps Nom:Mas+PL
quatrième quatrième Nom:Fem+SG
quatrième quatrième Nom:InvGen+SG
quatrième quatrième Nom:Mas+SG
quatrièmes quatrième Nom:Fem+PL
quatrièmes quatrième Nom:InvGen+PL
quatrièmes quatrième Nom:Mas+PL
quatrillion quatrillion Nom:Mas+SG
quattrocento quattrocento Nom:Mas+SG
quatuor quatuor Nom:Mas+SG
quatuors quatuor Nom:Mas+PL
québécisme québécisme Nom:Mas+SG
québécois québécois Nom:Mas+InvPL
québécois québécois Nom:Mas+SG
quebracho quebracho Nom:Mas+SG
quechua quechua Nom:InvGen+SG
quechua quechua Nom:Mas+SG
quelqu'une quelqu'un Nom:Fem+SG
quelqu'un quelqu'un Nom:Mas+SG
quémandeur quémandeur Nom:Mas+SG
quémandeurs quémandeur Nom:Mas+PL
quémandeuse quémandeur Nom:Fem+SG
quenelle quenelle Nom:Fem+SG
quenelles quenelle Nom:Fem+PL
quenotte quenotte Nom:Fem+SG
quenottes quenotte Nom:Fem+PL
quenouille quenouille Nom:Fem+SG
quenouilles quenouille Nom:Fem+PL
quéquette quéquette Nom:Fem+SG
quercinois quercinois Nom:Mas+InvPL
quercinois quercinois Nom:Mas+SG
quercitrine quercitrine Nom:Fem+SG
quercitrines quercitrine Nom:Fem+PL
quercitrin quercitrin Nom:Mas+SG
quercitron quercitron Nom:Mas+SG
querelle querelle Nom:Fem+SG
querelles querelle Nom:Fem+PL
quérulence quérulence Nom:Fem+SG
quérulent quérulent Nom:Mas+SG
questeur questeur Nom:Mas+SG
questionnaire questionnaire Nom:Mas+SG
questionnaires questionnaire Nom:Mas+PL
questionnement questionnement Nom:Mas+SG
questionneur questionneur Nom:Mas+SG
questionneurs questionneur Nom:Mas+PL
questionneuse questionneur Nom:Fem+SG
question question Nom:Fem+SG
questions question Nom:Fem+PL
questure questure Nom:Fem+SG
quête quête Nom:Fem+SG
quêtes quête Nom:Fem+PL
quêteur quêteur Nom:Mas+SG
quêteurs quêteur Nom:Mas+PL
quêteuse quêteur Nom:Fem+SG
quêteuses quêteur Nom:Fem+PL
quetsche quetsche Nom:Fem+SG
quetsches quetsche Nom:Fem+PL
quetzal quetzal Nom:Mas+SG
queue queue Nom:Fem+SG
queues queue Nom:Fem+PL
queues-de-cheval queue-de-cheval Nom:Fem+PL
queues-de-cochon queue-de-cochon Nom:Fem+PL
queues-de-morue queue-de-morue Nom:Fem+PL
queues-de-pie queue-de-pie Nom:Fem+PL
queues-de-rat queue-de-rat Nom:Fem+PL
queues-de-renard queue-de-renard Nom:Fem+PL
queues-d'aronde queue-d'aronde Nom:Fem+PL
queue-de-cheval queue-de-cheval Nom:Fem+SG
queue-de-cochon queue-de-cochon Nom:Fem+SG
queue-de-morue queue-de-morue Nom:Fem+SG
queue-de-pie queue-de-pie Nom:Fem+SG
queue-de-rat queue-de-rat Nom:Fem+SG
queue-de-renard queue-de-renard Nom:Fem+SG
queue-d'aronde queue-d'aronde Nom:Fem+SG
queusot queusot Nom:Mas+SG
queux queux Nom:Fem+InvPL
queux queux Nom:Mas+InvPL
quichenotte quichenotte Nom:Fem+SG
quiche quiche Nom:Fem+SG
quiches quiche Nom:Fem+PL
quichua quichua Nom:Mas+SG
quidam quidam Nom:Mas+SG
quidams quidam Nom:Mas+PL
quiddité quiddité Nom:Fem+SG
quiétisme quiétisme Nom:Mas+SG
quiétiste quiétiste Nom:InvGen+SG
quiétude quiétude Nom:Fem+SG
quignon quignon Nom:Mas+SG
quignons quignon Nom:Mas+PL
quille quille Nom:Fem+SG
quilles quille Nom:Fem+PL
quilleur quilleur Nom:Mas+SG
quillier quillier Nom:Mas+SG
quillon quillon Nom:Mas+SG
quinaire quinaire Nom:Mas+SG
quincaille quincaille Nom:Fem+SG
quincaillerie quincaillerie Nom:Fem+SG
quincailleries quincaillerie Nom:Fem+PL
quincaillière quincaillier Nom:Fem+SG
quinconce quinconce Nom:Mas+SG
quinconces quinconce Nom:Mas+PL
quine quine Nom:Mas+SG
quinine quinine Nom:Fem+SG
quinines quinine Nom:Fem+PL
quinoa quinoa Nom:Mas+SG
quinoléine quinoléine Nom:Fem+SG
quinone quinone Nom:Fem+SG
quinquagénaires quinquagénaire Nom:InvGen+PL
quinquagésime quinquagésime Nom:Fem+SG
quinquennat quinquennat Nom:Mas+SG
quinquet quinquet Nom:Mas+SG
quinquets quinquet Nom:Mas+PL
quinquina quinquina Nom:Mas+SG
quinquinas quinquina Nom:Mas+PL
quintaine quintaine Nom:Fem+SG
quintal quintal Nom:Mas+SG
quintaux quintal Nom:Mas+PL
quintefeuille quintefeuille Nom:Fem+SG
quintefeuille quintefeuille Nom:Mas+SG
quinte quinte Nom:Fem+SG
quintes quinte Nom:Fem+PL
quintessence quintessence Nom:Fem+SG
quintette quintette Nom:Mas+SG
quintettes quintette Nom:Mas+PL
quintidi quintidi Nom:Mas+SG
quintillion quintillion Nom:Mas+SG
quintuplée quintuplé Nom:Fem+SG
quintuplées quintuplé Nom:Fem+PL
quintuple quintuple Nom:Mas+SG
quintuplé quintuplé Nom:Mas+SG
quintuples quintuple Nom:Mas+PL
quintuplés quintuplé Nom:Mas+PL
quinzaine quinzaine Nom:Fem+SG
quinzaines quinzaine Nom:Fem+PL
quinze quinze Nom:Mas+InvPL
quinzième quinzième Nom:InvGen+SG
quinzième quinzième Nom:Mas+SG
quinzièmes quinzième Nom:InvGen+PL
quinzièmes quinzième Nom:Mas+PL
quipo quipo Nom:Mas+SG
quipos quipo Nom:Mas+PL
quipou quipou Nom:Mas+SG
quiproquo quiproquo Nom:Mas+SG
quiproquos quiproquo Nom:Mas+PL
quipu quipu Nom:Mas+SG
quirataire quirataire Nom:InvGen+SG
quirat quirat Nom:Mas+SG
quirinales quirinales Nom:Fem+PL
quirite quirite Nom:Mas+SG
quiscale quiscale Nom:Mas+SG
quittance quittance Nom:Fem+SG
quittances quittance Nom:Fem+PL
qui-vive qui-vive Nom:Mas+InvPL
quolibet quolibet Nom:Mas+SG
quolibets quolibet Nom:Mas+PL
quorum quorum Nom:Mas+SG
quorums quorum Nom:Mas+PL
quota quota Nom:Mas+SG
quotas quota Nom:Mas+PL
quote-part quote-part Nom:Mas+SG
quotidienneté quotidienneté Nom:Fem+SG
quotidien quotidien Nom:Mas+SG
quotidiens quotidien Nom:Mas+PL
quotient quotient Nom:Mas+SG
quotients quotient Nom:Mas+PL
quotité quotité Nom:Fem+SG
quotités quotité Nom:Fem+PL
qu'en-dira-t-on qu'en-dira-t-on Nom:Mas+InvPL
