ubacs ubac Nom:Mas+PL
ubac ubac Nom:Mas+SG
ubiquité ubiquité Nom:Fem+SG
ukases ukase Nom:Mas+PL
ukase ukase Nom:Mas+SG
ukrainiennes ukrainien Nom:Fem+PL
ukrainienne ukrainien Nom:Fem+SG
ukrainiens ukrainien Nom:Mas+PL
ukrainien ukrainien Nom:Mas+SG
ulcérations ulcération Nom:Fem+PL
ulcération ulcération Nom:Fem+SG
ulcères ulcère Nom:Mas+PL
ulcère ulcère Nom:Mas+SG
ulémas uléma Nom:Mas+PL
uléma uléma Nom:Mas+SG
ulmacées ulmacée Nom:Fem+PL
ulmaire ulmaire Nom:Fem+SG
ultimatums ultimatum Nom:Mas+PL
ultimatum ultimatum Nom:Mas+SG
ultracentrifugation ultracentrifugation Nom:Fem+SG
ultrafiltration ultrafiltration Nom:Fem+SG
ultrafiltres ultrafiltre Nom:Mas+PL
ultrafiltre ultrafiltre Nom:Mas+SG
ultramicroscope ultramicroscope Nom:Mas+SG
ultramicroscopie ultramicroscopie Nom:Fem+SG
ultramontaines ultramontain Nom:Fem+PL
ultramontaine ultramontain Nom:Fem+SG
ultramontanisme ultramontanisme Nom:Mas+SG
ultrasons ultrason Nom:Mas+PL
ultrason ultrason Nom:Mas+SG
ultras ultra Nom:InvGen+PL
ultra ultra Nom:InvGen+SG
ultra-petita ultra-petita Nom:Mas+InvPL
ultra-pression ultra-pression Nom:Fem+SG
ultra-royaliste ultra-royaliste Nom:InvGen+SG
ultra-son ultra-son Nom:Mas+SG
ultra-violet ultra-violet Nom:Mas+SG
ululements ululement Nom:Mas+PL
ululement ululement Nom:Mas+SG
ulve ulve Nom:Fem+SG
unanimisme unanimisme Nom:Mas+SG
unanimiste unanimiste Nom:InvGen+SG
unanimité unanimité Nom:Fem+SG
unau unau Nom:Mas+SG
underground underground Nom:Mas+InvPL
unes une Nom:Fem+PL
une une Nom:Fem+SG
unguis unguis Nom:Mas+InvPL
unicités unicité Nom:Fem+PL
unicité unicité Nom:Fem+SG
unicorne unicorne Nom:Mas+SG
unificateurs unificateur Nom:Mas+PL
unificateur unificateur Nom:Mas+SG
unifications unification Nom:Fem+PL
unification unification Nom:Fem+SG
unificatrices unificateur Nom:Fem+PL
unificatrice unificateur Nom:Fem+SG
uniformes uniforme Nom:Mas+PL
uniforme uniforme Nom:Mas+SG
uniformisations uniformisation Nom:Fem+PL
uniformisation uniformisation Nom:Fem+SG
uniformité uniformité Nom:Fem+SG
unijambistes unijambiste Nom:InvGen+PL
unijambiste unijambiste Nom:InvGen+SG
unions union Nom:Fem+PL
union union Nom:Fem+SG
unisexualité unisexualité Nom:Fem+SG
unissons unisson Nom:Mas+PL
unisson unisson Nom:Mas+SG
unis uni Nom:Mas+PL
unitaires unitaire Nom:InvGen+PL
unitaire unitaire Nom:InvGen+SG
unitariennes unitarien Nom:Fem+PL
unitarienne unitarien Nom:Fem+SG
unitarien unitarien Nom:Mas+SG
unitarisme unitarisme Nom:Mas+SG
unités unité Nom:Fem+PL
unité unité Nom:Fem+SG
uni uni Nom:Mas+SG
universalisations universalisation Nom:Fem+PL
universalisation universalisation Nom:Fem+SG
universalisme universalisme Nom:Mas+SG
universalité universalité Nom:Fem+SG
universaux universal Nom:Mas+PL
universaux universaux Nom:Mas+PL
universelles universelle Nom:Fem+PL
universelle universelle Nom:Fem+SG
universités université Nom:Fem+PL
université université Nom:Fem+SG
univers univers Nom:Mas+InvPL
univocité univocité Nom:Fem+SG
untel untel Nom:Mas+SG
un un Nom:Mas+InvPL
upas upas Nom:Mas+InvPL
upérisations upérisation Nom:Fem+PL
upérisation upérisation Nom:Fem+SG
uppercuts uppercut Nom:Mas+PL
uppercut uppercut Nom:Mas+SG
upsilon upsilon Nom:Mas+InvPL
uracile uracile Nom:Mas+SG
uraeus uraeus Nom:Mas+InvPL
uranate uranate Nom:Mas+SG
urane urane Nom:Mas+SG
uranies uranie Nom:Fem+PL
uranie uranie Nom:Fem+SG
uraninite uraninite Nom:Fem+SG
uranisme uranisme Nom:Mas+SG
uranium uranium Nom:Mas+SG
uranographie uranographie Nom:Fem+SG
uranoplastie uranoplastie Nom:Fem+SG
uranoscope uranoscope Nom:Mas+SG
uranyle uranyle Nom:Mas+SG
urate urate Nom:Mas+SG
urbanisations urbanisation Nom:Fem+PL
urbanisation urbanisation Nom:Fem+SG
urbanisme urbanisme Nom:Mas+SG
urbanistes urbaniste Nom:InvGen+PL
urbaniste urbaniste Nom:InvGen+SG
urbanité urbanité Nom:Fem+SG
urdus urdu Nom:Mas+PL
urdu urdu Nom:Mas+SG
urédinales urédinale Nom:Fem+PL
urédinées urédinée Nom:Fem+PL
urédospore urédospore Nom:Fem+SG
urées urée Nom:Fem+PL
urée urée Nom:Fem+SG
uréide uréide Nom:Mas+SG
urémie urémie Nom:Fem+SG
ures ure Nom:Mas+PL
uretère uretère Nom:Mas+SG
urétérite urétérite Nom:Fem+SG
urétérostomie urétérostomie Nom:Fem+SG
uréthanne uréthanne Nom:Mas+SG
urètres urètre Nom:Mas+PL
urètre urètre Nom:Mas+SG
urétrite urétrite Nom:Fem+SG
ure ure Nom:Mas+SG
urgences urgence Nom:Fem+PL
urgence urgence Nom:Fem+SG
uricémie uricémie Nom:Fem+SG
urinaires urinaire Nom:InvGen+PL
urinaire urinaire Nom:InvGen+SG
urinal urinal Nom:Mas+SG
urinaux urinal Nom:Mas+PL
urines urine Nom:Fem+PL
urine urine Nom:Fem+SG
urinoirs urinoir Nom:Mas+PL
urinoir urinoir Nom:Mas+SG
urnes urne Nom:Fem+PL
urne urne Nom:Fem+SG
urobiline urobiline Nom:Fem+SG
urobilinogène urobilinogène Nom:Mas+SG
urobilinurie urobilinurie Nom:Fem+SG
urochrome urochrome Nom:Mas+SG
urodèles urodèle Nom:Mas+PL
urographie urographie Nom:Fem+SG
urolagnie urolagnie Nom:Fem+SG
urologie urologie Nom:Fem+SG
urologue urologue Nom:InvGen+SG
uromètre uromètre Nom:Mas+SG
uropode uropode Nom:Mas+SG
ursidés ursidé Nom:Mas+PL
ursuline ursuline Nom:Fem+SG
urticacées urticacée Nom:Fem+PL
urticaire urticaire Nom:Fem+SG
urticale urticale Nom:Fem+SG
urtication urtication Nom:Fem+SG
urubu urubu Nom:Mas+SG
uruguayennes uruguayen Nom:Fem+PL
uruguayenne uruguayen Nom:Fem+SG
uruguayens uruguayen Nom:Mas+PL
uruguayen uruguayen Nom:Mas+SG
urus urus Nom:Mas+InvPL
usagère usager Nom:Fem+SG
usages usage Nom:Mas+PL
usages usages Nom:Mas+PL
usage usage Nom:Mas+SG
usance usance Nom:Fem+SG
usinabilité usinabilité Nom:Fem+SG
usinages usinage Nom:Mas+PL
usinage usinage Nom:Mas+SG
usines usine Nom:Fem+PL
usine usine Nom:Fem+SG
usiniers usinier Nom:Mas+PL
usinier usinier Nom:Mas+SG
usnée usnée Nom:Fem+SG
ustensiles ustensile Nom:Mas+PL
ustensile ustensile Nom:Mas+SG
ustilaginales ustilaginale Nom:Fem+PL
ustilaginale ustilaginale Nom:Fem+SG
usucapion usucapion Nom:Fem+SG
usufruitières usufruitier Nom:Fem+PL
usufruitière usufruitier Nom:Fem+SG
usufruits usufruit Nom:Mas+PL
usufruit usufruit Nom:Mas+SG
usures usure Nom:Fem+PL
usure usure Nom:Fem+SG
usurière usurier Nom:Fem+SG
usuriers usurier Nom:Mas+PL
usurier usurier Nom:Mas+SG
usurpations usurpation Nom:Fem+PL
usurpation usurpation Nom:Fem+SG
usurpatrices usurpateur Nom:Fem+PL
usurpatrice usurpateur Nom:Fem+SG
us us Nom:Mas+PL
usus usus Nom:Mas+InvPL
utéroscopie utéroscopie Nom:Fem+SG
utérus utérus Nom:Mas+InvPL
utile utile Nom:Mas+SG
utilisateurs utilisateur Nom:Mas+PL
utilisateur utilisateur Nom:Mas+SG
utilisations utilisation Nom:Fem+PL
utilisation utilisation Nom:Fem+SG
utilisatrices utilisateur Nom:Fem+PL
utilisatrice utilisateur Nom:Fem+SG
utilitaires utilitaire Nom:Mas+PL
utilitarisme utilitarisme Nom:Mas+SG
utilitaristes utilitariste Nom:InvGen+PL
utilitariste utilitariste Nom:InvGen+SG
utilités utilité Nom:Fem+PL
utilité utilité Nom:Fem+SG
utopies utopie Nom:Fem+PL
utopie utopie Nom:Fem+SG
utraquistes utraquiste Nom:InvGen+PL
utriculaire utriculaire Nom:Fem+SG
utriculaire utriculaire Nom:Mas+SG
utricule utricule Nom:Mas+SG
ut ut Nom:Mas+InvPL
u u Nom:Mas+InvPL
uva uva Nom:Mas+InvPL
uva-ursi uva-ursi Nom:Mas+InvPL
uvée uvée Nom:Fem+SG
uvéite uvéite Nom:Fem+SG
uvulaires uvulaire Nom:Fem+PL
uvulaire uvulaire Nom:Fem+SG
uvula uvula Nom:Fem+SG
uvule uvule Nom:Fem+SG
uzbek uzbek Nom:InvGen+SG
uzbek uzbek Nom:Mas+SG
