vacances vacance Nom:Fem+PL
vacances vacances Nom:Fem+PL
vacance vacance Nom:Fem+SG
vacanciers vacancier Nom:Mas+PL
vacancier vacancier Nom:Mas+SG
vacarmes vacarme Nom:Mas+PL
vacarme vacarme Nom:Mas+SG
vacataires vacataire Nom:InvGen+PL
vacataire vacataire Nom:InvGen+SG
vacations vacation Nom:Fem+PL
vacation vacation Nom:Fem+SG
vaccaire vaccaire Nom:Fem+SG
vaccinations vaccination Nom:Fem+PL
vaccination vaccination Nom:Fem+SG
vaccinées vacciné Nom:Fem+PL
vaccinée vacciné Nom:Fem+SG
vaccinelle vaccinelle Nom:Fem+SG
vaccines vaccine Nom:Fem+PL
vaccinés vacciné Nom:Mas+PL
vaccine vaccine Nom:Fem+SG
vacciné vacciné Nom:Mas+SG
vaccinide vaccinide Nom:Fem+SG
vacciniers vaccinier Nom:Mas+PL
vaccinier vaccinier Nom:Mas+SG
vaccinoïde vaccinoïde Nom:Fem+SG
vaccinostyle vaccinostyle Nom:Mas+SG
vaccinothérapie vaccinothérapie Nom:Fem+SG
vaccins vaccin Nom:Mas+PL
vaccin vaccin Nom:Mas+SG
vachères vacher Nom:Fem+PL
vachère vacher Nom:Fem+SG
vacherie vacherie Nom:Fem+SG
vacherins vacherin Nom:Mas+PL
vacherin vacherin Nom:Mas+SG
vacher vacher Nom:Mas+SG
vaches vache Nom:Fem+PL
vachettes vachette Nom:Fem+PL
vachette vachette Nom:Fem+SG
vache vache Nom:Fem+SG
vacillations vacillation Nom:Fem+PL
vacillation vacillation Nom:Fem+SG
vacillements vacillement Nom:Mas+PL
vacillement vacillement Nom:Mas+SG
vacive vacive Nom:Fem+SG
vacuité vacuité Nom:Fem+SG
vacuole vacuole Nom:Fem+SG
vacuolisations vacuolisation Nom:Fem+PL
vacuolisation vacuolisation Nom:Fem+SG
vacuome vacuome Nom:Mas+SG
vacuum vacuum Nom:Mas+SG
vade-mecum vade-mecum Nom:Mas+InvPL
vadrouilles vadrouille Nom:Fem+PL
vadrouilleur vadrouilleur Nom:Mas+SG
vadrouilleuse vadrouilleur Nom:Fem+SG
vadrouille vadrouille Nom:Fem+SG
vagabondages vagabondage Nom:Mas+PL
vagabondage vagabondage Nom:Mas+SG
vagabondes vagabond Nom:Fem+PL
vagabonde vagabond Nom:Fem+SG
vagabonds vagabond Nom:Mas+PL
vaginisme vaginisme Nom:Mas+SG
vaginite vaginite Nom:Fem+SG
vagins vagin Nom:Mas+PL
vagin vagin Nom:Mas+SG
vagissements vagissement Nom:Mas+PL
vagissement vagissement Nom:Mas+SG
vagolytique vagolytique Nom:Mas+SG
vagotomie vagotomie Nom:Fem+SG
vagotonie vagotonie Nom:Fem+SG
vaguelette vaguelette Nom:Fem+SG
vaguemestre vaguemestre Nom:Mas+SG
vagues vague Nom:Fem+PL
vague vague Nom:Fem+SG
vague vague Nom:Mas+SG
vahinés vahiné Nom:Fem+PL
vahiné vahiné Nom:Fem+SG
vaigrage vaigrage Nom:Mas+SG
vaigre vaigre Nom:Fem+SG
vaillance vaillance Nom:Fem+SG
vaillantie vaillantie Nom:Fem+SG
vaincues vaincu Nom:Fem+PL
vaincue vaincu Nom:Fem+SG
vaincus vaincu Nom:Mas+PL
vaincu vaincu Nom:Mas+SG
vainqueurs vainqueur Nom:Mas+PL
vainqueur vainqueur Nom:Mas+SG
vairé vairé Nom:Mas+SG
vairons vairon Nom:Mas+PL
vair vair Nom:Mas+SG
vaisseau vaisseau Nom:Mas+SG
vaisseaux vaisseau Nom:Mas+PL
vaisseliers vaisselier Nom:Mas+PL
vaisselier vaisselier Nom:Mas+SG
vaissellerie vaissellerie Nom:Fem+SG
vaisselles vaisselle Nom:Fem+PL
vaisselle vaisselle Nom:Fem+SG
valaisannes valaisan Nom:Fem+PL
valaisanne valaisan Nom:Fem+SG
valaque valaque Nom:InvGen+SG
valences valence Nom:Fem+PL
valences-grammes valence-gramme Nom:Fem+PL
valence valence Nom:Fem+SG
valence-gramme valence-gramme Nom:Fem+SG
valenciennes valenciennes Nom:Fem+InvPL
valenciennois valenciennois Nom:Mas+InvPL
valentinite valentinite Nom:Fem+SG
valentinois valentinois Nom:Mas+InvPL
valentin valentin Nom:Mas+SG
valérianacée valérianacée Nom:Fem+SG
valérianelle valérianelle Nom:Fem+SG
valériane valériane Nom:Fem+SG
valetaille valetaille Nom:Fem+SG
valets valet Nom:Mas+PL
valétudinaires valétudinaire Nom:InvGen+PL
valet valet Nom:Mas+SG
valeurs valeur Nom:Fem+PL
valeur valeur Nom:Fem+SG
valgus valgus Nom:Mas+InvPL
validations validation Nom:Fem+PL
validation validation Nom:Fem+SG
validité validité Nom:Fem+SG
valine valine Nom:Fem+SG
valises valise Nom:Fem+PL
valise valise Nom:Fem+SG
valkyries valkyrie Nom:Fem+PL
valkyrie valkyrie Nom:Fem+SG
vallées vallée Nom:Fem+PL
vallée vallée Nom:Fem+SG
valleuse valleuse Nom:Fem+SG
vallisnéries vallisnérie Nom:Fem+PL
vallisnérie vallisnérie Nom:Fem+SG
vallonnements vallonnement Nom:Mas+PL
vallonnement vallonnement Nom:Mas+SG
vallons vallon Nom:Mas+PL
vallon vallon Nom:Mas+SG
valoche valoche Nom:Fem+SG
valorisations valorisation Nom:Fem+PL
valorisation valorisation Nom:Fem+SG
valsées valsée Nom:Fem+PL
valsée valsée Nom:Fem+SG
valses valse Nom:Fem+PL
valseurs valseur Nom:Mas+PL
valseur valseur Nom:Mas+SG
valseuses valseur Nom:Fem+PL
valseuses valseuse Nom:Fem+PL
valseuse valseur Nom:Fem+SG
valseuse valseuse Nom:Fem+SG
valse valse Nom:Fem+SG
vals val Nom:Mas+PL
valuations valuation Nom:Fem+PL
valuation valuation Nom:Fem+SG
values value Nom:Fem+PL
value value Nom:Fem+SG
val val Nom:Mas+SG
valvées valvée Nom:Fem+PL
valvée valvée Nom:Fem+SG
valves valve Nom:Fem+PL
valve valve Nom:Fem+SG
valvules valvule Nom:Fem+PL
valvule valvule Nom:Fem+SG
vampires vampire Nom:Mas+PL
vampire vampire Nom:Mas+SG
vampirismes vampirisme Nom:Mas+PL
vampirisme vampirisme Nom:Mas+SG
vamps vamp Nom:Fem+PL
vamp vamp Nom:Fem+SG
vanadinites vanadinite Nom:Fem+PL
vanadinite vanadinite Nom:Fem+SG
vanadium vanadium Nom:Mas+SG
vandales vandale Nom:InvGen+PL
vandale vandale Nom:InvGen+SG
vandalisme vandalisme Nom:Mas+SG
vandas vanda Nom:Fem+PL
vanda vanda Nom:Fem+SG
vandoise vandoise Nom:Fem+SG
vanesses vanesse Nom:Fem+PL
vanesse vanesse Nom:Fem+SG
vanilles vanille Nom:Fem+PL
vanille vanille Nom:Fem+SG
vanilliers vanillier Nom:Mas+PL
vanillier vanillier Nom:Mas+SG
vanillines vanilline Nom:Fem+PL
vanilline vanilline Nom:Fem+SG
vanillismes vanillisme Nom:Mas+PL
vanillisme vanillisme Nom:Mas+SG
vanillons vanillon Nom:Mas+PL
vanillon vanillon Nom:Mas+SG
vanités vanité Nom:Fem+PL
vaniteuses vaniteux Nom:Fem+PL
vaniteuse vaniteux Nom:Fem+SG
vaniteux vaniteux Nom:Mas+InvPL
vanité vanité Nom:Fem+SG
vannages vannage Nom:Mas+PL
vannage vannage Nom:Mas+SG
vanneau vanneau Nom:Mas+SG
vanneaux vanneau Nom:Mas+PL
vannées vannée Nom:Fem+PL
vannée vannée Nom:Fem+SG
vannelles vannelle Nom:Fem+PL
vannelle vannelle Nom:Fem+SG
vanneries vannerie Nom:Fem+PL
vannerie vannerie Nom:Fem+SG
vannes vanne Nom:Fem+PL
vannes vannes Nom:Fem+PL
vanneur vanneur Nom:Mas+SG
vanneuse vanneur Nom:Fem+SG
vanne vanne Nom:Fem+SG
vanniers vannier Nom:Mas+PL
vannier vannier Nom:Mas+SG
vannures vannure Nom:Fem+PL
vannure vannure Nom:Fem+SG
vans van Nom:Mas+PL
vantail vantail Nom:Mas+SG
vantardes vantard Nom:Fem+PL
vantarde vantard Nom:Fem+SG
vantardises vantardise Nom:Fem+PL
vantardise vantardise Nom:Fem+SG
vantards vantard Nom:Mas+PL
vantaux vantail Nom:Mas+PL
vantelles vantelle Nom:Fem+PL
vantelle vantelle Nom:Fem+SG
vanterie vanterie Nom:Fem+SG
van van Nom:Mas+SG
vapeurs vapeur Nom:Fem+PL
vapeurs vapeur Nom:Mas+PL
vapeurs vapeurs Nom:Fem+PL
vapeur vapeur Nom:Fem+SG
vapeur vapeur Nom:Mas+SG
vape vape Nom:Fem+SG
vaporisages vaporisage Nom:Mas+PL
vaporisage vaporisage Nom:Mas+SG
vaporisateurs vaporisateur Nom:Mas+PL
vaporisateur vaporisateur Nom:Mas+SG
vaporisations vaporisation Nom:Fem+PL
vaporisation vaporisation Nom:Fem+SG
varaignes varaigne Nom:Fem+PL
varaigne varaigne Nom:Fem+SG
varangues varangue Nom:Fem+PL
varangue varangue Nom:Fem+SG
varans varan Nom:Mas+PL
varan varan Nom:Mas+SG
varappes varappe Nom:Fem+PL
varappeurs varappeur Nom:Mas+PL
varappeur varappeur Nom:Mas+SG
varappe varappe Nom:Fem+SG
varechs varech Nom:Mas+PL
varech varech Nom:Mas+SG
varenne varenne Nom:Fem+SG
vareuses vareuse Nom:Fem+PL
vareuse vareuse Nom:Fem+SG
varheures varheure Nom:Mas+PL
varheure varheure Nom:Mas+SG
variabilité variabilité Nom:Fem+SG
variables variable Nom:Fem+PL
variable variable Nom:Fem+SG
variances variance Nom:Fem+PL
variance variance Nom:Fem+SG
variantes variante Nom:Fem+PL
variante variante Nom:Fem+SG
variant variant Nom:Mas+SG
variateurs variateur Nom:Mas+PL
variateur variateur Nom:Mas+SG
variations variation Nom:Fem+PL
variation variation Nom:Fem+SG
varia varia Nom:Mas+PL
varicelle varicelle Nom:Fem+SG
varices varice Nom:Fem+PL
varice varice Nom:Fem+SG
varicocèles varicocèle Nom:Fem+PL
varicocèle varicocèle Nom:Fem+SG
variétés variété Nom:Fem+PL
variété variété Nom:Fem+SG
variolées variolé Nom:Fem+PL
variolée variolé Nom:Fem+SG
variolés variolé Nom:Mas+PL
varioleuses varioleux Nom:Fem+PL
varioleuse varioleux Nom:Fem+SG
varioleux varioleux Nom:Mas+InvPL
variole variole Nom:Fem+SG
variolé variolé Nom:Mas+SG
variolisations variolisation Nom:Fem+PL
variolisation variolisation Nom:Fem+SG
varioloïdes varioloïde Nom:Fem+PL
varioloïde varioloïde Nom:Fem+SG
variorum variorum Nom:Mas+SG
varlet varlet Nom:Mas+SG
varlopes varlope Nom:Fem+PL
varlope varlope Nom:Fem+SG
varrons varron Nom:Mas+PL
varron varron Nom:Mas+SG
varus varus Nom:Mas+InvPL
var var Nom:Mas+SG
varves varve Nom:Fem+PL
varve varve Nom:Fem+SG
vasards vasard Nom:Mas+PL
vasard vasard Nom:Mas+SG
vascularisations vascularisation Nom:Fem+PL
vascularisation vascularisation Nom:Fem+SG
vasectomie vasectomie Nom:Fem+SG
vaselines vaseline Nom:Fem+PL
vaseline vaseline Nom:Fem+SG
vases vase Nom:Fem+PL
vases vase Nom:Mas+PL
vaseux vaseux Nom:Mas+InvPL
vase vase Nom:Fem+SG
vase vase Nom:Mas+SG
vasières vasière Nom:Fem+PL
vasière vasière Nom:Fem+SG
vasistas vasistas Nom:Mas+InvPL
vasoconstrictions vasoconstriction Nom:Fem+PL
vasoconstriction vasoconstriction Nom:Fem+SG
vaso-constriction vaso-constriction Nom:Fem+SG
vaso-dilatateur vaso-dilatateur Nom:Mas+SG
vaso-dilatation vaso-dilatation Nom:Fem+SG
vasques vasque Nom:Fem+PL
vasque vasque Nom:Fem+SG
vassales vassal Nom:Fem+PL
vassale vassal Nom:Fem+SG
vassalité vassalité Nom:Fem+SG
vassal vassal Nom:Mas+SG
vassaux vassal Nom:Mas+PL
vasselage vasselage Nom:Mas+SG
vassiveau vassiveau Nom:Mas+SG
vassiveaux vassiveau Nom:Mas+PL
vastes vaste Nom:Mas+PL
vaste vaste Nom:Mas+SG
vaticinations vaticination Nom:Fem+PL
vaticination vaticination Nom:Fem+SG
vaticinatrice vaticinateur Nom:Fem+SG
vauchérie vauchérie Nom:Fem+SG
vaudevilles vaudeville Nom:Mas+PL
vaudeville vaudeville Nom:Mas+SG
vaudevillistes vaudevilliste Nom:InvGen+PL
vaudevilliste vaudevilliste Nom:InvGen+SG
vaudoises vaudois Nom:Fem+PL
vaudoise vaudois Nom:Fem+SG
vaudois vaudois Nom:Mas+InvPL
vaudou vaudou Nom:Mas+SG
vauriennes vaurien Nom:Fem+PL
vaurienne vaurien Nom:Fem+SG
vauriens vaurien Nom:Mas+PL
vautours vautour Nom:Mas+PL
vautour vautour Nom:Mas+SG
vautrait vautrait Nom:Mas+SG
vau vau Nom:Mas+SG
vaux val Nom:Mas+PL
vaux vau Nom:Mas+PL
vavassal vavassal Nom:Mas+SG
vavassaux vavassal Nom:Mas+PL
vavasseurs vavasseur Nom:Mas+PL
vavasseur vavasseur Nom:Mas+SG
va-et-vient va-et-vient Nom:Mas+InvPL
va-nu-pieds va-nu-pieds Nom:Mas+InvPL
va-tout va-tout Nom:Mas+InvPL
veau veau Nom:Mas+SG
veaux veau Nom:Mas+PL
vécés vécés Nom:Mas+PL
vecteurs vecteur Nom:Mas+PL
vécus vécu Nom:Mas+PL
vécu vécu Nom:Mas+SG
védas véda Nom:Mas+PL
véda véda Nom:Mas+SG
vedettariat vedettariat Nom:Mas+SG
vedettes vedette Nom:Fem+PL
vedette vedette Nom:Fem+SG
védiques védique Nom:Mas+PL
védique védique Nom:Mas+SG
védismes védisme Nom:Mas+PL
védisme védisme Nom:Mas+SG
végétalismes végétalisme Nom:Mas+PL
végétalisme végétalisme Nom:Mas+SG
végétariennes végétarien Nom:Fem+PL
végétarienne végétarien Nom:Fem+SG
végétariens végétarien Nom:Mas+PL
végétarisme végétarisme Nom:Mas+SG
végétations végétation Nom:Fem+PL
végétations végétations Nom:Fem+PL
végétation végétation Nom:Fem+SG
végétaux végétal Nom:Mas+PL
véhémence véhémence Nom:Fem+SG
véhicules véhicule Nom:Mas+PL
véhicule véhicule Nom:Mas+SG
veillées veillée Nom:Fem+PL
veillée veillée Nom:Fem+SG
veilles veille Nom:Fem+PL
veilleurs veilleur Nom:Mas+PL
veilleur veilleur Nom:Mas+SG
veilleuses veilleuse Nom:Fem+PL
veilleuse veilleur Nom:Fem+SG
veilleuse veilleuse Nom:Fem+SG
veille veille Nom:Fem+SG
veinardes veinard Nom:Fem+PL
veinarde veinard Nom:Fem+SG
veinard veinard Nom:Mas+SG
veines veine Nom:Fem+PL
veinettes veinette Nom:Fem+PL
veinette veinette Nom:Fem+SG
veine veine Nom:Fem+SG
veinules veinule Nom:Fem+PL
veinule veinule Nom:Fem+SG
veinures veinure Nom:Fem+PL
veinure veinure Nom:Fem+SG
vêlage vêlage Nom:Mas+SG
vélars vélar Nom:Mas+PL
velches velche Nom:InvGen+PL
velche velche Nom:InvGen+SG
velds veld Nom:Mas+PL
veld veld Nom:Mas+SG
vêlements vêlement Nom:Mas+PL
vêlement vêlement Nom:Mas+SG
vélies vélie Nom:Fem+PL
vélie vélie Nom:Fem+SG
vélin vélin Nom:Mas+SG
véliplanchistes véliplanchiste Nom:InvGen+PL
véliplanchiste véliplanchiste Nom:InvGen+SG
vélite vélite Nom:Mas+SG
vélivole vélivole Nom:InvGen+SG
velléitaires velléitaire Nom:InvGen+PL
velléitaire velléitaire Nom:InvGen+SG
velléités velléité Nom:Fem+PL
velléité velléité Nom:Fem+SG
vélocipèdes vélocipède Nom:Mas+PL
vélocipède vélocipède Nom:Mas+SG
vélocistes vélociste Nom:InvGen+PL
vélociste vélociste Nom:InvGen+SG
vélocité vélocité Nom:Fem+SG
vélodromes vélodrome Nom:Mas+PL
vélodrome vélodrome Nom:Mas+SG
vélomoteurs vélomoteur Nom:Mas+PL
vélomoteur vélomoteur Nom:Mas+SG
véloski véloski Nom:Mas+SG
vélos vélo Nom:Mas+PL
velots velot Nom:Mas+PL
velot velot Nom:Mas+SG
velours velours Nom:Mas+InvPL
veloutements veloutement Nom:Mas+PL
veloutement veloutement Nom:Mas+SG
veloutés velouté Nom:Mas+PL
velouté velouté Nom:Mas+SG
veloutiers veloutier Nom:Mas+PL
veloutier veloutier Nom:Mas+SG
veloutine veloutine Nom:Fem+SG
vélo vélo Nom:Mas+SG
veltes velte Nom:Fem+PL
velte velte Nom:Fem+SG
vélum vélum Nom:Mas+SG
venaisons venaison Nom:Fem+PL
venaison venaison Nom:Fem+SG
vénalité vénalité Nom:Fem+SG
venant venant Nom:Mas+SG
vendangeoirs vendangeoir Nom:Mas+PL
vendangeoir vendangeoir Nom:Mas+SG
vendangerons vendangeron Nom:Mas+PL
vendangerots vendangerot Nom:Mas+PL
vendangerot vendangerot Nom:Mas+SG
vendanges vendange Nom:Fem+PL
vendangettes vendangette Nom:Fem+PL
vendangette vendangette Nom:Fem+SG
vendangeurs vendangeur Nom:Mas+PL
vendangeur vendangeur Nom:Mas+SG
vendangeuses vendangeur Nom:Fem+PL
vendangeuses vendangeuse Nom:Fem+PL
vendangeuse vendangeur Nom:Fem+SG
vendangeuse vendangeuse Nom:Fem+SG
vendange vendange Nom:Fem+SG
vendéennes vendéen Nom:Fem+PL
vendéenne vendéen Nom:Fem+SG
vendémiaire vendémiaire Nom:Mas+InvPL
venderesse vendeur Nom:Fem+SG
vendettas vendetta Nom:Fem+PL
vendetta vendetta Nom:Fem+SG
vendeurs vendeur Nom:Mas+PL
vendeur vendeur Nom:Mas+SG
vendeuses vendeur Nom:Fem+PL
vendeuse vendeur Nom:Fem+SG
vendredis vendredi Nom:Mas+PL
vendredi vendredi Nom:Mas+SG
vendues vendu Nom:Fem+PL
vendue vendu Nom:Fem+SG
vendus vendu Nom:Mas+PL
vendu vendu Nom:Mas+SG
venelles venelle Nom:Fem+PL
venelle venelle Nom:Fem+SG
vénérables vénérable Nom:InvGen+PL
vénérable vénérable Nom:InvGen+SG
vénérations vénération Nom:Fem+PL
vénération vénération Nom:Fem+SG
vénéréologie vénéréologie Nom:Fem+SG
vénéricarde vénéricarde Nom:Fem+SG
vénériennes vénérien Nom:Fem+PL
vénérienne vénérien Nom:Fem+SG
vénériens vénérien Nom:Mas+PL
vénerie vénerie Nom:Fem+SG
vénérologie vénérologie Nom:Fem+SG
venettes venette Nom:Fem+PL
venette venette Nom:Fem+SG
venet venet Nom:Mas+SG
veneurs veneur Nom:Mas+PL
veneur veneur Nom:Mas+SG
vengeances vengeance Nom:Fem+PL
vengeance vengeance Nom:Fem+SG
vengeresses vengeur Nom:Fem+PL
vengeresse vengeur Nom:Fem+SG
vengerons vengeron Nom:Mas+PL
vengeron vengeron Nom:Mas+SG
vengeurs vengeur Nom:Mas+PL
vengeur vengeur Nom:Mas+SG
venimosité venimosité Nom:Fem+SG
venins venin Nom:Mas+PL
venin venin Nom:Mas+SG
vénitiennes vénitienne Nom:Fem+PL
vénitiennes vénitien Nom:Fem+PL
vénitienne vénitienne Nom:Fem+SG
vénitienne vénitien Nom:Fem+SG
vénitiens vénitien Nom:Mas+PL
vénitien vénitien Nom:Mas+SG
ventages ventage Nom:Mas+PL
ventage ventage Nom:Mas+SG
ventailles ventaille Nom:Fem+PL
ventaille ventaille Nom:Fem+SG
ventail ventail Nom:Mas+SG
ventaux ventail Nom:Mas+PL
ventes vente Nom:Fem+PL
vente vente Nom:Fem+SG
ventilateurs ventilateur Nom:Mas+PL
ventilateur ventilateur Nom:Mas+SG
ventilations ventilation Nom:Fem+PL
ventilation ventilation Nom:Fem+SG
ventileuse ventileuse Nom:Fem+SG
ventis ventis Nom:Mas+InvPL
ventôse ventôse Nom:Mas+SG
ventouses ventouse Nom:Fem+PL
ventouse ventouse Nom:Fem+SG
ventrée ventrée Nom:Fem+SG
ventres ventre Nom:Mas+PL
ventre ventre Nom:Mas+SG
ventricules ventricule Nom:Mas+PL
ventricule ventricule Nom:Mas+SG
ventriculogramme ventriculogramme Nom:Mas+SG
ventriculographie ventriculographie Nom:Fem+SG
ventrières ventrière Nom:Fem+PL
ventrière ventrière Nom:Fem+SG
ventriloques ventriloque Nom:InvGen+PL
ventriloque ventriloque Nom:InvGen+SG
ventriloquies ventriloquie Nom:Fem+PL
ventriloquie ventriloquie Nom:Fem+SG
ventrofixation ventrofixation Nom:Fem+SG
vents vent Nom:Mas+PL
vents vents Nom:Mas+PL
venturi venturi Nom:Mas+SG
vent vent Nom:Mas+SG
venues venue Nom:Fem+PL
venues venu Nom:Fem+PL
venue venue Nom:Fem+SG
venue venu Nom:Fem+SG
vénusiennes vénusien Nom:Fem+PL
vénusienne vénusien Nom:Fem+SG
vénusté vénusté Nom:Fem+SG
venus venu Nom:Mas+PL
vénus vénus Nom:Fem+InvPL
venu venu Nom:Mas+SG
vêpres vêpres Nom:Fem+PL
véracité véracité Nom:Fem+SG
véraison véraison Nom:Fem+SG
vérandas véranda Nom:Fem+PL
véranda véranda Nom:Fem+SG
vératre vératre Nom:Mas+SG
vératrine vératrine Nom:Fem+SG
verbalisateur verbalisateur Nom:Mas+SG
verbalisations verbalisation Nom:Fem+PL
verbalisation verbalisation Nom:Fem+SG
verbalisme verbalisme Nom:Mas+SG
verbes verbe Nom:Mas+PL
verbe verbe Nom:Mas+SG
verbiage verbiage Nom:Mas+SG
verbigération verbigération Nom:Fem+SG
verbomanie verbomanie Nom:Fem+SG
verboquet verboquet Nom:Mas+SG
verbosité verbosité Nom:Fem+SG
verdage verdage Nom:Mas+SG
verdet verdet Nom:Mas+SG
verdeurs verdeur Nom:Fem+PL
verdeur verdeur Nom:Fem+SG
verdicts verdict Nom:Mas+PL
verdict verdict Nom:Mas+SG
verdiers verdier Nom:Mas+PL
verdier verdier Nom:Mas+SG
verdin verdin Nom:Mas+SG
verdissages verdissage Nom:Mas+PL
verdissage verdissage Nom:Mas+SG
verdissement verdissement Nom:Mas+SG
verdoiement verdoiement Nom:Mas+SG
verdunisations verdunisation Nom:Fem+PL
verdunisation verdunisation Nom:Fem+SG
verdures verdure Nom:Fem+PL
verdure verdure Nom:Fem+SG
vérétille vérétille Nom:Mas+SG
vergence vergence Nom:Fem+SG
vergeoise vergeoise Nom:Fem+SG
vergerette vergerette Nom:Fem+SG
vergers verger Nom:Mas+PL
verger verger Nom:Mas+SG
verges verge Nom:Fem+PL
vergette vergette Nom:Fem+SG
vergetures vergeture Nom:Fem+PL
vergeture vergeture Nom:Fem+SG
vergeures vergeure Nom:Fem+PL
vergeure vergeure Nom:Fem+SG
vergeur vergeur Nom:Mas+SG
verge verge Nom:Fem+SG
verglas verglas Nom:Mas+InvPL
vergne vergne Nom:Fem+SG
vergne vergne Nom:Mas+SG
vergobret vergobret Nom:Mas+SG
vergogne vergogne Nom:Fem+SG
vergues vergue Nom:Fem+PL
vergue vergue Nom:Fem+SG
véridicité véridicité Nom:Fem+SG
vérifiabilité vérifiabilité Nom:Fem+SG
vérifications vérification Nom:Fem+PL
vérification vérification Nom:Fem+SG
vérificatrices vérificateur Nom:Fem+PL
vérificatrices vérificatrice Nom:Fem+PL
vérificatrice vérificateur Nom:Fem+SG
vérificatrice vérificatrice Nom:Fem+SG
vérifieur vérifieur Nom:Mas+SG
vérines vérine Nom:Fem+PL
vérine vérine Nom:Fem+SG
vérins vérin Nom:Mas+PL
vérin vérin Nom:Mas+SG
vérisme vérisme Nom:Mas+SG
vériste vériste Nom:InvGen+SG
vérités vérité Nom:Fem+PL
vérité vérité Nom:Fem+SG
verjus verjus Nom:Mas+InvPL
verlan verlan Nom:Mas+SG
vermée vermée Nom:Fem+SG
vermeils vermeil Nom:Mas+PL
vermeil vermeil Nom:Mas+SG
vermet vermet Nom:Mas+SG
vermicelière vermicelier Nom:Fem+SG
vermicelier vermicelier Nom:Mas+SG
vermicellerie vermicellerie Nom:Fem+SG
vermicelles vermicelle Nom:Mas+PL
vermicelle vermicelle Nom:Mas+SG
vermicides vermicide Nom:Mas+PL
vermicide vermicide Nom:Mas+SG
vermiculure vermiculure Nom:Fem+SG
vermidiens vermidien Nom:Mas+PL
vermidien vermidien Nom:Mas+SG
vermifuges vermifuge Nom:Mas+PL
vermifuge vermifuge Nom:Mas+SG
vermilles vermille Nom:Fem+PL
vermille vermille Nom:Fem+SG
vermillons vermillon Nom:Mas+PL
vermillon vermillon Nom:Mas+SG
vermines vermine Nom:Fem+PL
vermine vermine Nom:Fem+SG
vermisseau vermisseau Nom:Mas+SG
vermisseaux vermisseau Nom:Mas+PL
vermis vermis Nom:Mas+InvPL
vermoulure vermoulure Nom:Fem+SG
vermouths vermouth Nom:Mas+PL
vermouth vermouth Nom:Mas+SG
vermout vermout Nom:Mas+SG
vernales vernale Nom:Fem+PL
vernale vernale Nom:Fem+SG
vernalisations vernalisation Nom:Fem+PL
vernalisation vernalisation Nom:Fem+SG
vernation vernation Nom:Fem+SG
verne verne Nom:Mas+SG
verniers vernier Nom:Mas+PL
vernier vernier Nom:Mas+SG
vernies verni Nom:Fem+PL
vernie verni Nom:Fem+SG
vernissages vernissage Nom:Mas+PL
vernissage vernissage Nom:Mas+SG
vernisseur vernisseur Nom:Mas+SG
vernisseuse vernisseur Nom:Fem+SG
vernis verni Nom:Mas+PL
vernis vernis Nom:Mas+InvPL
verni verni Nom:Mas+SG
vérolées vérolé Nom:Fem+PL
vérolée vérolé Nom:Fem+SG
véroles vérole Nom:Fem+PL
vérolés vérolé Nom:Mas+PL
vérole vérole Nom:Fem+SG
vérolé vérolé Nom:Mas+SG
véronal véronal Nom:Mas+SG
véroniques véronique Nom:Fem+PL
véronique véronique Nom:Fem+SG
verrage verrage Nom:Mas+SG
verranne verranne Nom:Fem+SG
verrats verrat Nom:Mas+PL
verrat verrat Nom:Mas+SG
verreries verrerie Nom:Fem+PL
verrerie verrerie Nom:Fem+SG
verres verre Nom:Mas+PL
verres verres Nom:Mas+PL
verreur verreur Nom:Mas+SG
verre verre Nom:Mas+SG
verrières verrière Nom:Fem+PL
verrière verrière Nom:Fem+SG
verriers verrier Nom:Mas+PL
verrier verrier Nom:Mas+SG
verrine verrine Nom:Fem+SG
verroteries verroterie Nom:Fem+PL
verroterie verroterie Nom:Fem+SG
verrouillages verrouillage Nom:Mas+PL
verrouillage verrouillage Nom:Mas+SG
verrouilleur verrouilleur Nom:Mas+SG
verrous verrou Nom:Mas+PL
verrou verrou Nom:Mas+SG
verrucosité verrucosité Nom:Fem+SG
verrues verrue Nom:Fem+PL
verrue verrue Nom:Fem+SG
versages versage Nom:Mas+PL
versage versage Nom:Mas+SG
versaillais versaillais Nom:Mas+InvPL
versants versant Nom:Mas+PL
versant versant Nom:Mas+SG
versatilité versatilité Nom:Fem+SG
verseau verseau Nom:Mas+SG
verseaux verseau Nom:Mas+PL
versements versement Nom:Mas+PL
versement versement Nom:Mas+SG
verses verse Nom:Fem+PL
versets verset Nom:Mas+PL
verset verset Nom:Mas+SG
verseuse verseuse Nom:Fem+SG
verse verse Nom:Fem+SG
versificateurs versificateur Nom:Mas+PL
versificateur versificateur Nom:Mas+SG
versification versification Nom:Fem+SG
versificatrice versificateur Nom:Fem+SG
versions version Nom:Fem+PL
version version Nom:Fem+SG
versoirs versoir Nom:Mas+PL
versoir versoir Nom:Mas+SG
versos verso Nom:Mas+PL
verso verso Nom:Mas+SG
verstes verste Nom:Fem+PL
verste verste Nom:Fem+SG
vers ver Nom:Mas+PL
vers vers Nom:Mas+InvPL
vers-librisme vers-librisme Nom:Mas+SG
vers-libriste vers-libriste Nom:InvGen+SG
vertèbres vertèbre Nom:Fem+PL
vertèbre vertèbre Nom:Fem+SG
vertébrothérapie vertébrothérapie Nom:Fem+SG
vertes verte Nom:Fem+PL
verte verte Nom:Fem+SG
vertex vertex Nom:Mas+InvPL
verticales verticale Nom:Fem+PL
verticale verticale Nom:Fem+SG
verticalisme verticalisme Nom:Mas+SG
verticalité verticalité Nom:Fem+SG
verticaux vertical Nom:Mas+PL
verticille verticille Nom:Mas+SG
verticité verticité Nom:Fem+SG
vertiges vertige Nom:Mas+PL
vertige vertige Nom:Mas+SG
vertigo vertigo Nom:Mas+SG
verts vert Nom:Mas+PL
vertugadin vertugadin Nom:Mas+SG
vertus vertu Nom:Fem+PL
vertu vertu Nom:Fem+SG
vert vert Nom:Mas+SG
vert-de-gris vert-de-gris Nom:Mas+InvPL
verveine verveine Nom:Fem+SG
vervelle vervelle Nom:Fem+SG
ver ver Nom:Mas+SG
verves verve Nom:Fem+PL
vervet vervet Nom:Mas+SG
verveux verveux Nom:Mas+InvPL
verve verve Nom:Fem+SG
vésanie vésanie Nom:Fem+SG
vesce vesce Nom:Fem+SG
vésicant vésicant Nom:Mas+SG
vésication vésication Nom:Fem+SG
vésicatoires vésicatoire Nom:Mas+PL
vésicatoire vésicatoire Nom:Mas+SG
vésiculectomie vésiculectomie Nom:Fem+SG
vésicules vésicule Nom:Fem+PL
vésicule vésicule Nom:Fem+SG
vésiculographie vésiculographie Nom:Fem+SG
vespasiennes vespasienne Nom:Fem+PL
vespasienne vespasienne Nom:Fem+SG
vespa vespa Nom:Fem+SG
vespéral vespéral Nom:Mas+SG
vespéraux vespéral Nom:Mas+PL
vespertilion vespertilion Nom:Mas+SG
vespertilio vespertilio Nom:Mas+SG
vespidés vespidé Nom:Mas+PL
vespidé vespidé Nom:Mas+SG
vesses vesse Nom:Fem+PL
vesses-de-loup vesse-de-loup Nom:Fem+PL
vesse vesse Nom:Fem+SG
vesse-de-loup vesse-de-loup Nom:Fem+SG
vessies vessie Nom:Fem+PL
vessie vessie Nom:Fem+SG
vessigon vessigon Nom:Mas+SG
vestales vestale Nom:Fem+PL
vestale vestale Nom:Fem+SG
vestes veste Nom:Fem+PL
veste veste Nom:Fem+SG
vestiaires vestiaire Nom:Mas+PL
vestiaire vestiaire Nom:Mas+SG
vestibules vestibule Nom:Mas+PL
vestibule vestibule Nom:Mas+SG
vestiges vestige Nom:Mas+PL
vestige vestige Nom:Mas+SG
vestons veston Nom:Mas+PL
veston veston Nom:Mas+SG
vêtements vêtement Nom:Mas+PL
vêtement vêtement Nom:Mas+SG
vétérance vétérance Nom:Fem+SG
vétérans vétéran Nom:Mas+PL
vétéran vétéran Nom:Mas+SG
vétérinaires vétérinaire Nom:InvGen+PL
vétérinaire vétérinaire Nom:InvGen+SG
vétillardes vétillard Nom:Fem+PL
vétillarde vétillard Nom:Fem+SG
vétilles vétille Nom:Fem+PL
vétilleuses vétilleur Nom:Fem+PL
vétilleuse vétilleur Nom:Fem+SG
vétille vétille Nom:Fem+SG
vétiver vétiver Nom:Mas+SG
veto veto Nom:Mas+SG
vêture vêture Nom:Fem+SG
vétusté vétusté Nom:Fem+SG
vétyver vétyver Nom:Mas+SG
veufs veuf Nom:Mas+PL
veuglaire veuglaire Nom:InvGen+SG
veulerie veulerie Nom:Fem+SG
veuvage veuvage Nom:Mas+SG
veuves veuf Nom:Fem+PL
veuves veuve Nom:Fem+PL
veuve veuf Nom:Fem+SG
veuve veuve Nom:Fem+SG
vexations vexation Nom:Fem+PL
vexation vexation Nom:Fem+SG
vexatrices vexateur Nom:Fem+PL
vexatrice vexateur Nom:Fem+SG
vexillaire vexillaire Nom:Mas+SG
vexille vexille Nom:Fem+SG
vexille vexille Nom:Mas+SG
vexillologie vexillologie Nom:Fem+SG
vexillologue vexillologue Nom:InvGen+SG
viabilisations viabilisation Nom:Fem+PL
viabilisation viabilisation Nom:Fem+SG
viabilité viabilité Nom:Fem+SG
viaducs viaduc Nom:Mas+PL
viaduc viaduc Nom:Mas+SG
viagers viager Nom:Mas+PL
viager viager Nom:Mas+SG
viandes viande Nom:Fem+PL
viande viande Nom:Fem+SG
viatiques viatique Nom:Mas+PL
viatique viatique Nom:Mas+SG
vibices vibice Nom:Fem+PL
vibord vibord Nom:Mas+SG
vibrages vibrage Nom:Mas+PL
vibrage vibrage Nom:Mas+SG
vibrantes vibrante Nom:Fem+PL
vibrante vibrante Nom:Fem+SG
vibraphones vibraphone Nom:Mas+PL
vibraphone vibraphone Nom:Mas+SG
vibraphoniste vibraphoniste Nom:InvGen+SG
vibrateur vibrateur Nom:Mas+SG
vibrations vibration Nom:Fem+PL
vibration vibration Nom:Fem+SG
vibratos vibrato Nom:Mas+PL
vibrato vibrato Nom:Mas+SG
vibrées vibrée Nom:Fem+PL
vibrée vibrée Nom:Fem+SG
vibreurs vibreur Nom:Mas+PL
vibreur vibreur Nom:Mas+SG
vibrions vibrion Nom:Mas+PL
vibrion vibrion Nom:Mas+SG
vibrisse vibrisse Nom:Fem+SG
vibroculteur vibroculteur Nom:Mas+SG
vibrographe vibrographe Nom:Mas+SG
vibromasseurs vibromasseur Nom:Mas+PL
vibromasseur vibromasseur Nom:Mas+SG
vibromouleuse vibromouleuse Nom:Fem+SG
vibropondeuse vibropondeuse Nom:Fem+SG
vicaires vicaire Nom:Mas+PL
vicaire vicaire Nom:Mas+SG
vicariance vicariance Nom:Fem+SG
vicariats vicariat Nom:Mas+PL
vicariat vicariat Nom:Mas+SG
vicelard vicelard Nom:Mas+SG
vicennales vicennales Nom:Fem+PL
vices vice Nom:Mas+PL
vice vice Nom:Mas+SG
vice-amiral vice-amiral Nom:Mas+SG
vice-amiraux vice-amiral Nom:Mas+PL
vice-chancelier vice-chancelier Nom:Mas+SG
vice-consul vice-consul Nom:Mas+SG
vice-légation vice-légation Nom:Fem+SG
vice-légat vice-légat Nom:Mas+SG
vice-présidence vice-présidence Nom:Fem+SG
vice-présidentes vice-président Nom:Fem+PL
vice-présidente vice-président Nom:Fem+SG
vice-présidents vice-président Nom:Mas+PL
vice-président vice-président Nom:Mas+SG
vice-recteur vice-recteur Nom:Mas+SG
vice-reine vice-reine Nom:Fem+SG
vice-roi vice-roi Nom:Mas+SG
vice-royauté vice-royauté Nom:Fem+SG
vice-versa vice-versa Nom:Mas+InvPL
vichysme vichysme Nom:Mas+SG
vichyssois vichyssois Nom:Mas+InvPL
vichys vichy Nom:Mas+PL
vichy vichy Nom:Mas+InvPL
viciations viciation Nom:Fem+PL
viciation viciation Nom:Fem+SG
viciées viciées Nom:Fem+PL
vicieuses vicieux Nom:Fem+PL
vicieuse vicieux Nom:Fem+SG
vicieux vicieux Nom:Mas+InvPL
vicinalité vicinalité Nom:Fem+SG
vicinité vicinité Nom:Fem+SG
vicissitudes vicissitude Nom:Fem+PL
vicissitudes vicissitudes Nom:Fem+PL
vicissitude vicissitude Nom:Fem+SG
vicomtesses vicomte Nom:Fem+PL
vicomtesse vicomte Nom:Fem+SG
vicomtes vicomte Nom:Mas+PL
vicomte vicomte Nom:Mas+SG
victimaire victimaire Nom:Mas+SG
victimes victime Nom:Fem+PL
victime victime Nom:Fem+SG
victimologie victimologie Nom:Fem+SG
victoires victoire Nom:Fem+PL
victoire victoire Nom:Fem+SG
victoria victoria Nom:Fem+SG
victoria victoria Nom:Mas+SG
victuailles victuailles Nom:Fem+PL
victuaille victuaille Nom:Fem+SG
vidages vidage Nom:Mas+PL
vidage vidage Nom:Mas+SG
vidamesse vidame Nom:Fem+SG
vidame vidame Nom:Mas+SG
vidamie vidamie Nom:Fem+SG
vidanges vidange Nom:Fem+PL
vidangeurs vidangeur Nom:Mas+PL
vidangeur vidangeur Nom:Mas+SG
vidange vidange Nom:Fem+SG
videlles videlle Nom:Fem+PL
videlle videlle Nom:Fem+SG
vidéocassettes vidéocassette Nom:Fem+PL
vidéocassette vidéocassette Nom:Fem+SG
vidéoclip vidéoclip Nom:Mas+SG
vidéoconférence vidéoconférence Nom:Fem+SG
vidéodisques vidéodisque Nom:Mas+PL
vidéodisque vidéodisque Nom:Mas+SG
vidéofréquence vidéofréquence Nom:Fem+SG
vidéographie vidéographie Nom:Fem+SG
vidéophone vidéophone Nom:Mas+SG
vidéophonie vidéophonie Nom:Fem+SG
vidéos vidéo Nom:Mas+PL
vidéotex vidéotex Nom:Mas+InvPL
vidéothèque vidéothèque Nom:Fem+SG
vidéo vidéo Nom:Fem+SG
vides vide Nom:Mas+PL
videurs videur Nom:Mas+PL
videur videur Nom:Mas+SG
videuse videur Nom:Fem+SG
vide vide Nom:Mas+SG
vide-bouteille vide-bouteille Nom:Mas+SG
vide-cave vide-cave Nom:Mas+InvPL
vide-gousset vide-gousset Nom:Mas+SG
vide-ordures vide-ordures Nom:Mas+InvPL
vide-poches vide-poches Nom:Mas+InvPL
vide-pomme vide-pomme Nom:Mas+InvPL
vide-pomme vide-pomme Nom:Mas+SG
vidicon vidicon Nom:Mas+SG
vidimus vidimus Nom:Mas+InvPL
vidoir vidoir Nom:Mas+SG
vidrecome vidrecome Nom:Mas+SG
viduité viduité Nom:Fem+SG
vidure vidure Nom:Fem+SG
vieillardes vieillard Nom:Fem+PL
vieillarde vieillard Nom:Fem+SG
vieillards vieillard Nom:Mas+PL
vieillard vieillard Nom:Mas+SG
vieilleries vieillerie Nom:Fem+PL
vieillerie vieillerie Nom:Fem+SG
vieillesse vieillesse Nom:Fem+SG
vieilles vieille Nom:Fem+PL
vieilles vieux Nom:Fem+PL
vieille vieille Nom:Fem+SG
vieille vieux Nom:Fem+SG
vieillissement vieillissement Nom:Mas+SG
vièle vièle Nom:Fem+SG
vielles vielle Nom:Fem+PL
vielleur vielleur Nom:Mas+SG
vielleuses vielleur Nom:Fem+PL
vielleuses vielleux Nom:Fem+PL
vielleuse vielleur Nom:Fem+SG
vielleuse vielleux Nom:Fem+SG
vielleux vielleux Nom:Mas+InvPL
vielle vielle Nom:Fem+SG
viennois viennois Nom:Mas+InvPL
viennois viennois Nom:Mas+SG
vierges vierge Nom:Fem+PL
vierge vierge Nom:Fem+SG
vies vie Nom:Fem+PL
vietnamiennes vietnamien Nom:Fem+PL
vietnamienne vietnamien Nom:Fem+SG
vietnamiens vietnamien Nom:Mas+PL
vietnamien vietnamien Nom:Mas+SG
vieux vieux Nom:Mas+InvPL
vie vie Nom:Fem+SG
vif-argent vif-argent Nom:Mas+SG
vigies vigie Nom:Fem+PL
vigie vigie Nom:Fem+SG
vigilance vigilance Nom:Fem+SG
vigiles vigile Nom:Fem+PL
vigiles vigile Nom:Mas+PL
vigile vigile Nom:Fem+SG
vigile vigile Nom:Mas+SG
vigneau vigneau Nom:Mas+SG
vigneaux vigneau Nom:Mas+PL
vignes vigne Nom:Fem+PL
vignettes vignette Nom:Fem+PL
vignette vignette Nom:Fem+SG
vignettistes vignettiste Nom:InvGen+PL
vignettiste vignettiste Nom:InvGen+SG
vignetures vigneture Nom:Fem+PL
vigneture vigneture Nom:Fem+SG
vigne vigne Nom:Fem+SG
vignobles vignoble Nom:Mas+PL
vignoble vignoble Nom:Mas+SG
vignon vignon Nom:Mas+SG
vignot vignot Nom:Mas+SG
vigognes vigogne Nom:Fem+PL
vigogne vigogne Nom:Fem+SG
viguerie viguerie Nom:Fem+SG
vigueur vigueur Nom:Fem+SG
viguier viguier Nom:Mas+SG
vihara vihara Nom:Mas+InvPL
vikings viking Nom:InvGen+PL
viking viking Nom:InvGen+SG
vilain vilain Nom:Mas+SG
vilayet vilayet Nom:Mas+SG
vilebrequins vilebrequin Nom:Mas+PL
vilebrequin vilebrequin Nom:Mas+SG
vilenies vilenie Nom:Fem+PL
vilenie vilenie Nom:Fem+SG
villageoises villageois Nom:Fem+PL
villageoise villageois Nom:Fem+SG
villageois villageois Nom:Mas+InvPL
villages village Nom:Mas+PL
village village Nom:Mas+SG
villanelle villanelle Nom:Fem+SG
villas villa Nom:Fem+PL
villa villa Nom:Fem+SG
villégiateur villégiateur Nom:Mas+SG
villégiatures villégiature Nom:Fem+PL
villégiature villégiature Nom:Fem+SG
villes ville Nom:Fem+PL
villes-dortoirs ville-dortoir Nom:Fem+PL
ville ville Nom:Fem+SG
ville-champignon ville-champignon Nom:Fem+SG
ville-dortoir ville-dortoir Nom:Fem+SG
villosité villosité Nom:Fem+SG
vinages vinage Nom:Mas+PL
vinage vinage Nom:Mas+SG
vinaigrerie vinaigrerie Nom:Fem+SG
vinaigres vinaigre Nom:Mas+PL
vinaigrettes vinaigrette Nom:Fem+PL
vinaigrette vinaigrette Nom:Fem+SG
vinaigre vinaigre Nom:Mas+SG
vinaigriers vinaigrier Nom:Mas+PL
vinaigrier vinaigrier Nom:Mas+SG
vinasses vinasse Nom:Fem+PL
vinasse vinasse Nom:Fem+SG
vinas vina Nom:Fem+PL
vina vina Nom:Fem+SG
vinblastine vinblastine Nom:Fem+SG
vincamine vincamine Nom:Fem+SG
vincennite vincennite Nom:Fem+SG
vincristine vincristine Nom:Fem+SG
vindicatifs vindicatif Nom:Mas+PL
vindicatif vindicatif Nom:Mas+SG
vindicatives vindicatif Nom:Fem+PL
vindicative vindicatif Nom:Fem+SG
vindictes vindicte Nom:Fem+PL
vindicte vindicte Nom:Fem+SG
vinées vinée Nom:Fem+PL
vinée vinée Nom:Fem+SG
vinette vinette Nom:Fem+SG
vingtaines vingtaine Nom:Fem+PL
vingtaine vingtaine Nom:Fem+SG
vingtièmes vingtième Nom:InvGen+PL
vingtièmes vingtième Nom:Mas+PL
vingtième vingtième Nom:InvGen+SG
vingtième vingtième Nom:Mas+SG
vingt vingt Nom:Mas+InvPL
viniculture viniculture Nom:Fem+SG
vinificateur vinificateur Nom:Mas+SG
vinification vinification Nom:Fem+SG
vinosité vinosité Nom:Fem+SG
vins vin Nom:Mas+PL
vin vin Nom:Mas+SG
vinylacétylène vinylacétylène Nom:Mas+SG
vinyle vinyle Nom:Mas+SG
vinylite vinylite Nom:Fem+SG
vioc vioc Nom:Mas+SG
violacées violacée Nom:Fem+PL
violacée violacée Nom:Fem+SG
violateurs violateur Nom:Mas+PL
violations violation Nom:Fem+PL
violation violation Nom:Fem+SG
violatrices violateur Nom:Fem+PL
violatrice violateur Nom:Fem+SG
violences violence Nom:Fem+PL
violences violences Nom:Fem+PL
violence violence Nom:Fem+SG
violentes violent Nom:Fem+PL
violente violent Nom:Fem+SG
violent violent Nom:Mas+SG
violes viole Nom:Fem+PL
violets violet Nom:Mas+PL
violettes violette Nom:Fem+PL
violette violette Nom:Fem+SG
violet violet Nom:Mas+SG
violeurs violeur Nom:Mas+PL
violeur violeur Nom:Mas+SG
viole viole Nom:Fem+SG
violiers violier Nom:Mas+PL
violier violier Nom:Mas+SG
violines violine Nom:Mas+PL
violine violine Nom:Mas+SG
violiste violiste Nom:InvGen+SG
violoncelles violoncelle Nom:Mas+PL
violoncelle violoncelle Nom:Mas+SG
violoncellistes violoncelliste Nom:InvGen+PL
violoncelliste violoncelliste Nom:InvGen+SG
violones violone Nom:Fem+PL
violoneux violoneux Nom:Mas+InvPL
violone violone Nom:Fem+SG
violonistes violoniste Nom:InvGen+PL
violoniste violoniste Nom:InvGen+SG
violons violon Nom:Mas+PL
violon violon Nom:Mas+SG
viols viol Nom:Mas+PL
viol viol Nom:Mas+SG
vioques vioc Nom:Fem+PL
vioques vioque Nom:InvGen+PL
vioque vioc Nom:Fem+SG
vioque vioque Nom:InvGen+SG
viorne viorne Nom:Fem+SG
vipéreau vipéreau Nom:Mas+SG
vipéreaux vipéreau Nom:Mas+PL
vipères vipère Nom:Fem+PL
vipère vipère Nom:Fem+SG
vipériau vipériau Nom:Mas+SG
vipériaux vipériau Nom:Mas+PL
vipéridé vipéridé Nom:Mas+SG
vipérines vipérine Nom:Fem+PL
vipérine vipérine Nom:Fem+SG
virages virage Nom:Mas+PL
virage virage Nom:Mas+SG
viragos virago Nom:Fem+PL
virago virago Nom:Fem+SG
virées virée Nom:Fem+PL
virée virée Nom:Fem+SG
virelai virelai Nom:Mas+SG
virements virement Nom:Mas+PL
virement virement Nom:Mas+SG
virémie virémie Nom:Fem+SG
virescence virescence Nom:Fem+SG
vires vire Nom:Fem+PL
vires vires Nom:Fem+PL
vireton vireton Nom:Mas+SG
vireurs vireur Nom:Mas+PL
vireur vireur Nom:Mas+SG
vire vire Nom:Fem+SG
virevoltées virevoltée Nom:Fem+PL
virevoltée virevoltée Nom:Fem+SG
virevoltes virevolte Nom:Fem+PL
virevolte virevolte Nom:Fem+SG
virga virga Nom:Fem+SG
virginales virginale Nom:Fem+PL
virginale virginale Nom:Fem+SG
virgine virgine Nom:Fem+SG
virginie virginie Nom:Mas+SG
virginité virginité Nom:Fem+SG
virgulaire virgulaire Nom:Fem+SG
virgules virgule Nom:Fem+PL
virgule virgule Nom:Fem+SG
virilisations virilisation Nom:Fem+PL
virilisation virilisation Nom:Fem+SG
virilisme virilisme Nom:Mas+SG
virilité virilité Nom:Fem+SG
virions virion Nom:Mas+PL
virolages virolage Nom:Mas+PL
virolage virolage Nom:Mas+SG
viroles virole Nom:Fem+PL
virole virole Nom:Fem+SG
viroliers virolier Nom:Mas+PL
virolier virolier Nom:Mas+SG
virologie virologie Nom:Fem+SG
virologiste virologiste Nom:InvGen+SG
virologue virologue Nom:InvGen+SG
virose virose Nom:Fem+SG
virostatique virostatique Nom:Mas+SG
virtualités virtualité Nom:Fem+PL
virtualité virtualité Nom:Fem+SG
virtuoses virtuose Nom:InvGen+PL
virtuose virtuose Nom:InvGen+SG
virtuosités virtuosité Nom:Fem+PL
virtuosité virtuosité Nom:Fem+SG
virulence virulence Nom:Fem+SG
virure virure Nom:Fem+SG
virus virus Nom:Mas+InvPL
visages visage Nom:Mas+PL
visage visage Nom:Mas+SG
visagisme visagisme Nom:Mas+SG
visagiste visagiste Nom:InvGen+SG
visas visa Nom:Mas+PL
visa visa Nom:Mas+SG
viscache viscache Nom:Fem+SG
viscères viscère Nom:Mas+PL
viscère viscère Nom:Mas+SG
viscose viscose Nom:Fem+SG
viscosimètre viscosimètre Nom:Mas+SG
viscosité viscosité Nom:Fem+SG
visées visée Nom:Fem+PL
visée visée Nom:Fem+SG
visés visé Nom:Mas+PL
viseurs viseur Nom:Mas+PL
viseur viseur Nom:Mas+SG
visé visé Nom:Mas+SG
visibilité visibilité Nom:Fem+SG
visible visible Nom:Mas+SG
visières visière Nom:Fem+PL
visière visière Nom:Fem+SG
visionnaires visionnaire Nom:InvGen+PL
visionnaire visionnaire Nom:InvGen+SG
visionneuses visionneuse Nom:Fem+PL
visionneuse visionneuse Nom:Fem+SG
visions vision Nom:Fem+PL
vision vision Nom:Fem+SG
visiophone visiophone Nom:Mas+SG
visitandine visitandine Nom:Fem+SG
visitations visitation Nom:Fem+PL
visitation visitation Nom:Fem+SG
visites visite Nom:Fem+PL
visiteurs visiteur Nom:Mas+PL
visiteur visiteur Nom:Mas+SG
visiteuses visiteur Nom:Fem+PL
visiteuses visiteuse Nom:Fem+PL
visiteuse visiteur Nom:Fem+SG
visiteuse visiteuse Nom:Fem+SG
visite visite Nom:Fem+SG
visnage visnage Nom:Mas+SG
visonnière visonnière Nom:Fem+SG
visons vison Nom:Mas+PL
vison vison Nom:Mas+SG
vissages vissage Nom:Mas+PL
vissage vissage Nom:Mas+SG
visserie visserie Nom:Fem+SG
visseuse visseuse Nom:Fem+SG
visualisations visualisation Nom:Fem+PL
visualisation visualisation Nom:Fem+SG
visuelles visuel Nom:Fem+PL
visuelle visuel Nom:Fem+SG
visuels visuel Nom:Mas+PL
visuel visuel Nom:Mas+SG
vis vis Nom:Fem+InvPL
vitalisme vitalisme Nom:Mas+SG
vitaliste vitaliste Nom:InvGen+SG
vitalités vitalité Nom:Fem+PL
vitalité vitalité Nom:Fem+SG
vitamines vitamine Nom:Fem+PL
vitamine vitamine Nom:Fem+SG
vitaminothérapie vitaminothérapie Nom:Fem+SG
vitellus vitellus Nom:Mas+InvPL
vitelotte vitelotte Nom:Fem+SG
vitesses vitesse Nom:Fem+PL
vitesse vitesse Nom:Fem+SG
viticulteurs viticulteur Nom:Mas+PL
viticulteur viticulteur Nom:Mas+SG
viticulture viticulture Nom:Fem+SG
vitiligo vitiligo Nom:Mas+SG
vitrages vitrage Nom:Mas+PL
vitrage vitrage Nom:Mas+SG
vitrail vitrail Nom:Mas+SG
vitraux vitrail Nom:Mas+PL
vitrées vitrée Nom:Fem+PL
vitrée vitrée Nom:Fem+SG
vitreries vitrerie Nom:Fem+PL
vitrerie vitrerie Nom:Fem+SG
vitres vitre Nom:Fem+PL
vitrés vitré Nom:Mas+PL
vitre vitre Nom:Fem+SG
vitré vitré Nom:Mas+SG
vitrière vitrière Nom:Fem+SG
vitrière vitrier Nom:Fem+SG
vitriers vitrier Nom:Mas+PL
vitrier vitrier Nom:Mas+SG
vitrification vitrification Nom:Fem+SG
vitrines vitrine Nom:Fem+PL
vitrine vitrine Nom:Fem+SG
vitriolages vitriolage Nom:Mas+PL
vitriolage vitriolage Nom:Mas+SG
vitriolées vitriolé Nom:Fem+PL
vitriolée vitriolé Nom:Fem+SG
vitrioleur vitrioleur Nom:Mas+SG
vitrioleuse vitrioleur Nom:Fem+SG
vitriolé vitriolé Nom:Mas+SG
vitriols vitriol Nom:Mas+PL
vitriol vitriol Nom:Mas+SG
vitrocéramique vitrocéramique Nom:Fem+SG
vitupérateur vitupérateur Nom:Mas+SG
vitupérations vitupération Nom:Fem+PL
vitupération vitupération Nom:Fem+SG
vitupératrice vitupérateur Nom:Fem+SG
vit vit Nom:Mas+SG
vivacité vivacité Nom:Fem+SG
vivandière vivandier Nom:Fem+SG
vivandier vivandier Nom:Mas+SG
vivants vivant Nom:Mas+PL
vivants vivants Nom:Mas+PL
vivant vivant Nom:Mas+SG
vivariums vivarium Nom:Mas+PL
vivarium vivarium Nom:Mas+SG
vivats vivat Nom:Mas+PL
vivats vivats Nom:Mas+PL
vivat vivat Nom:Mas+SG
viverridés viverridé Nom:Mas+PL
vives vive Nom:Fem+PL
viveurs viveur Nom:Mas+PL
viveur viveur Nom:Mas+SG
vive vive Nom:Fem+SG
viviers vivier Nom:Mas+PL
vivier vivier Nom:Mas+SG
vivification vivification Nom:Fem+SG
vivipares vivipare Nom:Mas+PL
vivipare vivipare Nom:Mas+SG
viviparité viviparité Nom:Fem+SG
vivisections vivisection Nom:Fem+PL
vivisection vivisection Nom:Fem+SG
vivoir vivoir Nom:Mas+SG
vivres vivres Nom:Mas+PL
vivre vivre Nom:Mas+SG
vizirats vizirat Nom:Mas+PL
vizirat vizirat Nom:Mas+SG
vizirs vizir Nom:Mas+PL
vizir vizir Nom:Mas+SG
vocables vocable Nom:Mas+PL
vocable vocable Nom:Mas+SG
vocabulaires vocabulaire Nom:Mas+PL
vocabulaire vocabulaire Nom:Mas+SG
vocalisateur vocalisateur Nom:Mas+SG
vocalisations vocalisation Nom:Fem+PL
vocalisation vocalisation Nom:Fem+SG
vocalisatrice vocalisateur Nom:Fem+SG
vocalises vocalise Nom:Fem+PL
vocalise vocalise Nom:Fem+SG
vocalisme vocalisme Nom:Mas+SG
vocatifs vocatif Nom:Mas+PL
vocatif vocatif Nom:Mas+SG
vocations vocation Nom:Fem+PL
vocation vocation Nom:Fem+SG
vociférateurs vociférateur Nom:Mas+PL
vociférateur vociférateur Nom:Mas+SG
vociférations vocifération Nom:Fem+PL
vocifération vocifération Nom:Fem+SG
vocifératrices vociférateur Nom:Fem+PL
vocifératrice vociférateur Nom:Fem+SG
vodkas vodka Nom:Fem+PL
vodka vodka Nom:Fem+SG
voeu voeu Nom:Mas+SG
voeux voeu Nom:Mas+PL
vogoules vogoule Nom:Mas+PL
vogoule vogoule Nom:Mas+SG
vogues vogue Nom:Fem+PL
vogue vogue Nom:Fem+SG
voies voie Nom:Fem+PL
voies voies Nom:Fem+PL
voïévodie voïévodie Nom:Fem+SG
voie voie Nom:Fem+SG
voilages voilage Nom:Mas+PL
voilage voilage Nom:Mas+SG
voilement voilement Nom:Mas+SG
voilerie voilerie Nom:Fem+SG
voiles voile Nom:Fem+PL
voiles voile Nom:Mas+PL
voilettes voilette Nom:Fem+PL
voilette voilette Nom:Fem+SG
voile voile Nom:Fem+SG
voile voile Nom:Mas+SG
voiliers voilier Nom:Mas+PL
voilier voilier Nom:Mas+SG
voilures voilure Nom:Fem+PL
voilure voilure Nom:Fem+SG
voirie voirie Nom:Fem+SG
voisement voisement Nom:Mas+SG
voisinages voisinage Nom:Mas+PL
voisinage voisinage Nom:Mas+SG
voisinées voisinée Nom:Fem+PL
voisinée voisinée Nom:Fem+SG
voisines voisin Nom:Fem+PL
voisine voisin Nom:Fem+SG
voisins voisin Nom:Mas+PL
voisins voisins Nom:Mas+PL
voisin voisin Nom:Mas+SG
voiturages voiturage Nom:Mas+PL
voiturage voiturage Nom:Mas+SG
voiturées voiturée Nom:Fem+PL
voiturée voiturée Nom:Fem+SG
voitures voiture Nom:Fem+PL
voiturette voiturette Nom:Fem+SG
voiture voiture Nom:Fem+SG
voituriers voiturier Nom:Mas+PL
voiturier voiturier Nom:Mas+SG
voiturin voiturin Nom:Mas+SG
voïvodats voïvodat Nom:Mas+PL
voïvodat voïvodat Nom:Mas+SG
voïvodes voïvode Nom:Mas+PL
voïvode voïvode Nom:Mas+SG
voïvodies voïvodie Nom:Fem+PL
voïvodie voïvodie Nom:Fem+SG
voix voix Nom:Fem+InvPL
volaillers volailler Nom:Mas+PL
volailler volailler Nom:Mas+SG
volailles volaille Nom:Fem+PL
volailleurs volailleur Nom:Mas+PL
volailleur volailleur Nom:Mas+SG
volaille volaille Nom:Fem+SG
volantes volant Nom:Fem+PL
volants volant Nom:Mas+PL
volant volant Nom:Mas+SG
volapük volapük Nom:Mas+SG
volatiles volatile Nom:Mas+PL
volatile volatile Nom:Mas+SG
volatilisations volatilisation Nom:Fem+PL
volatilisation volatilisation Nom:Fem+SG
volatilité volatilité Nom:Fem+SG
volcanisme volcanisme Nom:Mas+SG
volcanologie volcanologie Nom:Fem+SG
volcanologues volcanologue Nom:InvGen+PL
volcanologue volcanologue Nom:InvGen+SG
volcans volcan Nom:Mas+PL
volcan volcan Nom:Mas+SG
volées volée Nom:Fem+PL
volées volé Nom:Fem+PL
volée volée Nom:Fem+SG
volée volé Nom:Fem+SG
volerie volerie Nom:Fem+SG
voles vole Nom:Fem+PL
volés volé Nom:Mas+PL
volets volet Nom:Mas+PL
volettement volettement Nom:Mas+SG
volet volet Nom:Mas+SG
voleurs voleur Nom:Mas+PL
voleur voleur Nom:Mas+SG
voleuses voleur Nom:Fem+PL
voleuse voleur Nom:Fem+SG
vole vole Nom:Fem+SG
volé volé Nom:Mas+SG
volières volière Nom:Fem+PL
volière volière Nom:Fem+SG
voligeages voligeage Nom:Mas+PL
voligeage voligeage Nom:Mas+SG
voliges volige Nom:Fem+PL
volige volige Nom:Fem+SG
volis volis Nom:Mas+InvPL
volition volition Nom:Fem+SG
volleyeurs volleyeur Nom:Mas+PL
volleyeur volleyeur Nom:Mas+SG
volleyeuses volleyeur Nom:Fem+PL
volleyeuse volleyeur Nom:Fem+SG
volley volley Nom:Mas+SG
volley-ball volley-ball Nom:Mas+SG
volontaires volontaire Nom:InvGen+PL
volontaire volontaire Nom:InvGen+SG
volontariat volontariat Nom:Mas+SG
volontarisme volontarisme Nom:Mas+SG
volontés volonté Nom:Fem+PL
volonté volonté Nom:Fem+SG
vols vol Nom:Mas+PL
voltages voltage Nom:Mas+PL
voltage voltage Nom:Mas+SG
voltaire voltaire Nom:Mas+SG
voltairianisme voltairianisme Nom:Mas+SG
voltairiennes voltairien Nom:Fem+PL
voltairienne voltairien Nom:Fem+SG
voltaïsation voltaïsation Nom:Fem+SG
voltamètres voltamètre Nom:Mas+PL
voltamètre voltamètre Nom:Mas+SG
voltampère voltampère Nom:Mas+SG
voltes volte Nom:Fem+PL
volte volte Nom:Fem+SG
volte-face volte-face Nom:Mas+InvPL
voltigement voltigement Nom:Mas+SG
voltiges voltige Nom:Fem+PL
voltigeurs voltigeur Nom:Mas+PL
voltigeur voltigeur Nom:Mas+SG
voltige voltige Nom:Fem+SG
voltmètres voltmètre Nom:Mas+PL
voltmètre voltmètre Nom:Mas+SG
volts volt Nom:Mas+PL
volt volt Nom:Mas+SG
volubilis volubilis Nom:Mas+InvPL
volubilité volubilité Nom:Fem+SG
volucelle volucelle Nom:Fem+SG
volucompteur volucompteur Nom:Mas+SG
volumes volume Nom:Mas+PL
volumétrie volumétrie Nom:Fem+SG
volume volume Nom:Mas+SG
voluptés volupté Nom:Fem+PL
volupté volupté Nom:Fem+SG
voluptueuses voluptueux Nom:Fem+PL
voluptueuse voluptueux Nom:Fem+SG
voluptueux voluptueux Nom:Mas+InvPL
volutes volute Nom:Fem+PL
volute volute Nom:Fem+SG
volvaire volvaire Nom:Fem+SG
volves volve Nom:Fem+PL
volve volve Nom:Fem+SG
volvocale volvocale Nom:Fem+SG
vol vol Nom:Mas+SG
volvox volvox Nom:Mas+InvPL
volvulus volvulus Nom:Mas+InvPL
vol-au-vent vol-au-vent Nom:Mas+InvPL
vomer vomer Nom:Mas+SG
vomique vomique Nom:Fem+SG
vomiquier vomiquier Nom:Mas+SG
vomissements vomissement Nom:Mas+PL
vomissement vomissement Nom:Mas+SG
vomissures vomissure Nom:Fem+PL
vomissure vomissure Nom:Fem+SG
vomis vomi Nom:Mas+PL
vomitifs vomitif Nom:Mas+PL
vomitif vomitif Nom:Mas+SG
vomitoire vomitoire Nom:Mas+SG
vomi vomi Nom:Mas+SG
voracité voracité Nom:Fem+SG
vortex vortex Nom:Mas+InvPL
vorticelle vorticelle Nom:Fem+SG
vosgiennes vosgien Nom:Fem+PL
vosgienne vosgien Nom:Fem+SG
votantes votant Nom:Fem+PL
votante votant Nom:Fem+SG
votants votant Nom:Mas+PL
votant votant Nom:Mas+SG
votation votation Nom:Fem+SG
votes vote Nom:Mas+PL
vote vote Nom:Mas+SG
vôtres vôtres Nom:Mas+PL
vôtre vôtre Nom:Mas+SG
voucher voucher Nom:Mas+SG
voués voué Nom:Mas+PL
voué voué Nom:Mas+SG
vouge vouge Nom:Mas+SG
vouivre vouivre Nom:Fem+SG
vouloirs vouloir Nom:Mas+PL
vouloir vouloir Nom:Mas+SG
vousseau vousseau Nom:Mas+SG
vousseaux vousseau Nom:Mas+PL
voussoiement voussoiement Nom:Mas+SG
voussoir voussoir Nom:Mas+SG
voussure voussure Nom:Fem+SG
voûtain voûtain Nom:Mas+SG
voûtes voûte Nom:Fem+PL
voûte voûte Nom:Fem+SG
vouvoiements vouvoiement Nom:Mas+PL
vouvoiement vouvoiement Nom:Mas+SG
vouvray vouvray Nom:Mas+InvPL
voyages voyage Nom:Mas+PL
voyageurs voyageur Nom:Mas+PL
voyageur voyageur Nom:Mas+SG
voyageuses voyageur Nom:Fem+PL
voyageuse voyageur Nom:Fem+SG
voyage voyage Nom:Mas+SG
voyances voyance Nom:Fem+PL
voyance voyance Nom:Fem+SG
voyantes voyant Nom:Fem+PL
voyante voyant Nom:Fem+SG
voyant voyant Nom:Mas+SG
voyelles voyelle Nom:Fem+PL
voyelle voyelle Nom:Fem+SG
voyeurisme voyeurisme Nom:Mas+SG
voyeurs voyeur Nom:Mas+PL
voyeur voyeur Nom:Mas+SG
voyoucratie voyoucratie Nom:Fem+SG
voyous voyou Nom:Mas+PL
voyoute voyoute Nom:Fem+SG
voyou voyou Nom:Mas+SG
vrac vrac Nom:Mas+SG
vraisemblable vraisemblable Nom:Mas+SG
vraisemblances vraisemblance Nom:Fem+PL
vraisemblance vraisemblance Nom:Fem+SG
vrai vrai Nom:Mas+SG
vraquiers vraquier Nom:Mas+PL
vraquier vraquier Nom:Mas+SG
vreneli vreneli Nom:Mas+SG
vrillages vrillage Nom:Mas+PL
vrillage vrillage Nom:Mas+SG
vrillées vrillée Nom:Fem+PL
vrillée vrillée Nom:Fem+SG
vrilles vrille Nom:Fem+PL
vrillettes vrillette Nom:Fem+PL
vrillette vrillette Nom:Fem+SG
vrille vrille Nom:Fem+SG
vrillons vrillon Nom:Mas+PL
vrombissements vrombissement Nom:Mas+PL
vrombissement vrombissement Nom:Mas+SG
vues vue Nom:Fem+PL
vue vue Nom:Fem+SG
vulcain vulcain Nom:Mas+SG
vulcanales vulcanales Nom:Fem+PL
vulcanisant vulcanisant Nom:Mas+SG
vulcanisations vulcanisation Nom:Fem+PL
vulcanisation vulcanisation Nom:Fem+SG
vulcanologie vulcanologie Nom:Fem+SG
vulcanologues vulcanologue Nom:InvGen+PL
vulcanologue vulcanologue Nom:InvGen+SG
vulgaire vulgaire Nom:Mas+SG
vulgarisateurs vulgarisateur Nom:Mas+PL
vulgarisateur vulgarisateur Nom:Mas+SG
vulgarisations vulgarisation Nom:Fem+PL
vulgarisation vulgarisation Nom:Fem+SG
vulgarisatrices vulgarisateur Nom:Fem+PL
vulgarisatrice vulgarisateur Nom:Fem+SG
vulgarisme vulgarisme Nom:Mas+SG
vulgarités vulgarité Nom:Fem+PL
vulgarité vulgarité Nom:Fem+SG
vulgate vulgate Nom:Fem+SG
vulnérabilité vulnérabilité Nom:Fem+SG
vulnéraires vulnéraire Nom:Fem+PL
vulnéraires vulnéraire Nom:Mas+PL
vulnéraire vulnéraire Nom:Fem+SG
vulnéraire vulnéraire Nom:Mas+SG
vulpin vulpin Nom:Mas+SG
vulvaire vulvaire Nom:Fem+SG
vulves vulve Nom:Fem+PL
vulve vulve Nom:Fem+SG
v v Nom:Mas+InvPL
