zabre zabre Nom:Mas+SG
zaïre zaïre Nom:Mas+SG
zakouski zakouski Nom:Mas+SG
zambiennes zambien Nom:Fem+PL
zambienne zambien Nom:Fem+SG
zambiens zambien Nom:Mas+PL
zamia zamia Nom:Mas+SG
zancle zancle Nom:Mas+SG
zani zani Nom:Mas+InvPL
zanni zanni Nom:Mas+InvPL
zanzibar zanzibar Nom:Mas+SG
zanzi zanzi Nom:Mas+SG
zaouïa zaouïa Nom:Fem+InvPL
zarts zarts Nom:Mas+PL
zarzuelas zarzuela Nom:Fem+PL
zarzuela zarzuela Nom:Fem+SG
zawiya zawiya Nom:Fem+InvPL
zazou zazou Nom:Mas+SG
zèbres zèbre Nom:Mas+PL
zèbre zèbre Nom:Mas+SG
zébrures zébrure Nom:Fem+PL
zébrure zébrure Nom:Fem+SG
zébus zébu Nom:Mas+PL
zébu zébu Nom:Mas+SG
zée zée Nom:Mas+SG
zéine zéine Nom:Fem+SG
zélandais zélandais Nom:Mas+InvPL
zélatrice zélateur Nom:Fem+SG
zélées zélé Nom:Fem+PL
zélée zélé Nom:Fem+SG
zélés zélé Nom:Mas+PL
zèle zèle Nom:Mas+SG
zellige zellige Nom:Mas+SG
zélote zélote Nom:InvGen+SG
zemstvo zemstvo Nom:Mas+SG
zenana zenana Nom:Fem+SG
zénith zénith Nom:Mas+SG
zen zen Nom:Mas+InvPL
zéolite zéolite Nom:Fem+SG
zéolithe zéolithe Nom:Fem+SG
zéphyrine zéphyrine Nom:Fem+SG
zéphyrs zéphyr Nom:Mas+PL
zéphyr zéphyr Nom:Mas+SG
zeppelin zeppelin Nom:Mas+SG
zéros zéro Nom:Mas+PL
zérotage zérotage Nom:Mas+SG
zéro zéro Nom:Mas+SG
zérumbet zérumbet Nom:Mas+SG
zestes zeste Nom:Mas+PL
zeste zeste Nom:Mas+SG
zest zest Nom:Mas+SG
zêta zêta Nom:Mas+InvPL
zétète zétète Nom:InvGen+SG
zététique zététique Nom:Fem+SG
zététique zététique Nom:InvGen+SG
zeugma zeugma Nom:Mas+SG
zeugme zeugme Nom:Mas+SG
zeuzère zeuzère Nom:Fem+SG
zézaiements zézaiement Nom:Mas+PL
zézaiement zézaiement Nom:Mas+SG
zibelines zibeline Nom:Fem+PL
zibeline zibeline Nom:Fem+SG
ziggourats ziggourat Nom:Fem+PL
ziggourat ziggourat Nom:Fem+SG
zigoteaux zigoteau Nom:Mas+PL
zigoteau zigoteau Nom:Mas+SG
zigoto zigoto Nom:Mas+SG
zigues zigue Nom:Mas+PL
zigue zigue Nom:Mas+SG
zigzags zigzag Nom:Mas+PL
zigzaguées zigzaguée Nom:Fem+PL
zigzaguée zigzaguée Nom:Fem+SG
zigzag zigzag Nom:Mas+SG
zig zig Nom:Mas+SG
zincage zincage Nom:Mas+SG
zincate zincate Nom:Mas+SG
zincographie zincographie Nom:Fem+SG
zincs zinc Nom:Mas+PL
zinc zinc Nom:Mas+SG
zingage zingage Nom:Mas+SG
zingari zingaro Nom:Mas+PL
zingaro zingaro Nom:Mas+SG
zingibéracée zingibéracée Nom:Fem+SG
zingueurs zingueur Nom:Mas+PL
zingueur zingueur Nom:Mas+SG
zinjanthrope zinjanthrope Nom:Mas+SG
zinnias zinnia Nom:Mas+PL
zinnia zinnia Nom:Mas+SG
zinzin zinzin Nom:InvGen+SG
zinzin zinzin Nom:Mas+SG
zircone zircone Nom:Fem+SG
zirconite zirconite Nom:Fem+SG
zirconium zirconium Nom:Mas+SG
zircon zircon Nom:Mas+SG
zist zist Nom:Mas+SG
zizanies zizanie Nom:Fem+PL
zizanie zizanie Nom:Fem+SG
zizi zizi Nom:Mas+SG
zlotys zloty Nom:Mas+PL
zloty zloty Nom:Mas+SG
zoanthaires zoanthaire Nom:Mas+PL
zoanthropie zoanthropie Nom:Fem+SG
zodiaques zodiaque Nom:Mas+PL
zodiaque zodiaque Nom:Mas+SG
zoïle zoïle Nom:Mas+SG
zombies zombie Nom:Mas+PL
zombie zombie Nom:Mas+SG
zombi zombi Nom:Mas+SG
zonages zonage Nom:Mas+PL
zonage zonage Nom:Mas+SG
zonard zonard Nom:Mas+SG
zonas zona Nom:Fem+PL
zonas zona Nom:Mas+PL
zona zona Nom:Fem+SG
zona zona Nom:Mas+SG
zones zone Nom:Fem+PL
zone zone Nom:Fem+SG
zonière zonier Nom:Fem+SG
zonier zonier Nom:Mas+SG
zonure zonure Nom:Mas+SG
zoogamète zoogamète Nom:Mas+SG
zoogéographie zoogéographie Nom:Fem+SG
zooglée zooglée Nom:Fem+SG
zoolâtre zoolâtre Nom:InvGen+SG
zoolâtrie zoolâtrie Nom:Fem+SG
zoolite zoolite Nom:Mas+SG
zoolithe zoolithe Nom:Mas+SG
zoologie zoologie Nom:Fem+SG
zoologistes zoologiste Nom:InvGen+PL
zoologiste zoologiste Nom:InvGen+SG
zoologue zoologue Nom:InvGen+SG
zoomorphisme zoomorphisme Nom:Mas+SG
zooms zoom Nom:Mas+PL
zoom zoom Nom:Mas+SG
zoonose zoonose Nom:Fem+SG
zoophilie zoophilie Nom:Fem+SG
zoophobie zoophobie Nom:Fem+SG
zoophore zoophore Nom:Mas+SG
zoophyte zoophyte Nom:Mas+SG
zooplancton zooplancton Nom:Mas+SG
zoopsie zoopsie Nom:Fem+SG
zoosémiotique zoosémiotique Nom:Fem+SG
zoosporange zoosporange Nom:Mas+SG
zoospore zoospore Nom:Fem+SG
zoos zoo Nom:Mas+PL
zootaxie zootaxie Nom:Fem+SG
zootechniciennes zootechnicien Nom:Fem+PL
zootechnicienne zootechnicien Nom:Fem+SG
zootechnicien zootechnicien Nom:Mas+SG
zootechnie zootechnie Nom:Fem+SG
zoothérapie zoothérapie Nom:Fem+SG
zoo zoo Nom:Mas+SG
zorille zorille Nom:Fem+SG
zoroastriennes zoroastrien Nom:Fem+PL
zoroastrienne zoroastrien Nom:Fem+SG
zoroastriens zoroastrien Nom:Mas+PL
zoroastrismes zoroastrisme Nom:Mas+PL
zoroastrisme zoroastrisme Nom:Mas+SG
zostère zostère Nom:Fem+SG
zouaves zouave Nom:Mas+PL
zouave zouave Nom:Mas+SG
zozo zozo Nom:Mas+SG
zucchette zucchette Nom:Fem+SG
zuchette zuchette Nom:Fem+SG
zutiste zutiste Nom:InvGen+SG
zwanze zwanze Nom:InvGen+SG
zwinglianisme zwinglianisme Nom:Mas+SG
zygène zygène Nom:Fem+SG
zygomatiques zygomatique Nom:Mas+PL
zygomatique zygomatique Nom:Mas+SG
zygoma zygoma Nom:Mas+SG
zygomycètes zygomycète Nom:Mas+PL
zygomycète zygomycète Nom:Mas+SG
zygopétale zygopétale Nom:Mas+SG
zygote zygote Nom:Mas+SG
zymase zymase Nom:Fem+SG
zymotechnie zymotechnie Nom:Fem+SG
zython zython Nom:Mas+SG
zythum zythum Nom:Mas+SG
z z Nom:Mas+InvPL
